timestamp,demand_mw,grid_accepts,price_amd_per_kwh
2024-01-01 00:00,774.806,0,0.0
2024-01-01 01:00,704.017,0,0.0
2024-01-01 02:00,705.266,0,0.0
2024-01-01 03:00,727.947,0,0.0
2024-01-01 04:00,716.357,0,0.0
2024-01-01 05:00,766.187,0,0.0
2024-01-01 06:00,921.748,0,0.0
2024-01-01 07:00,1081.545,0,0.0
2024-01-01 08:00,1133.669,0,0.0
2024-01-01 09:00,1009.672,0,0.0
2024-01-01 10:00,994.682,0,0.0
2024-01-01 11:00,1006.051,0,0.0
2024-01-01 12:00,996.716,0,0.0
2024-01-01 13:00,1045.741,0,0.0
2024-01-01 14:00,1098.896,0,0.0
2024-01-01 15:00,1165.448,0,0.0
2024-01-01 16:00,1330.138,1,24.37
2024-01-01 17:00,1406.933,1,24.56
2024-01-01 18:00,1519.495,1,47.03
2024-01-01 19:00,1468.51,1,25.53
2024-01-01 20:00,1327.04,1,24.77
2024-01-01 21:00,1127.347,0,0.0
2024-01-01 22:00,1005.713,0,0.0
2024-01-01 23:00,865.836,0,0.0
2024-01-02 00:00,765.487,0,0.0
2024-01-02 01:00,714.231,0,0.0
2024-01-02 02:00,708.031,0,0.0
2024-01-02 03:00,716.067,0,0.0
2024-01-02 04:00,767.689,0,0.0
2024-01-02 05:00,863.464,0,0.0
2024-01-02 06:00,1084.877,0,0.0
2024-01-02 07:00,1234.945,1,25.25
2024-01-02 08:00,1243.436,1,25.33
2024-01-02 09:00,1093.138,0,0.0
2024-01-02 10:00,1049.674,0,0.0
2024-01-02 11:00,1062.507,0,0.0
2024-01-02 12:00,1036.279,0,0.0
2024-01-02 13:00,1009.613,0,0.0
2024-01-02 14:00,1020.825,0,0.0
2024-01-02 15:00,1155.667,0,0.0
2024-01-02 16:00,1338.105,1,25.49
2024-01-02 17:00,1489.117,1,43.48
2024-01-02 18:00,1509.349,1,47.59
2024-01-02 19:00,1474.725,1,41.0
2024-01-02 20:00,1345.621,1,24.95
2024-01-02 21:00,1176.826,0,0.0
2024-01-02 22:00,1028.237,0,0.0
2024-01-02 23:00,893.17,0,0.0
2024-01-03 00:00,815.369,0,0.0
2024-01-03 01:00,763.498,0,0.0
2024-01-03 02:00,741.26,0,0.0
2024-01-03 03:00,749.854,0,0.0
2024-01-03 04:00,748.294,0,0.0
2024-01-03 05:00,823.927,0,0.0
2024-01-03 06:00,957.083,0,0.0
2024-01-03 07:00,1102.573,0,0.0
2024-01-03 08:00,1140.768,0,0.0
2024-01-03 09:00,1104.226,0,0.0
2024-01-03 10:00,1005.217,0,0.0
2024-01-03 11:00,1021.183,0,0.0
2024-01-03 12:00,948.379,0,0.0
2024-01-03 13:00,954.459,0,0.0
2024-01-03 14:00,1009.729,0,0.0
2024-01-03 15:00,1143.05,0,0.0
2024-01-03 16:00,1324.961,1,25.17
2024-01-03 17:00,1489.773,1,37.17
2024-01-03 18:00,1526.439,1,47.09
2024-01-03 19:00,1453.139,1,26.74
2024-01-03 20:00,1363.738,1,25.45
2024-01-03 21:00,1173.263,0,0.0
2024-01-03 22:00,952.133,0,0.0
2024-01-03 23:00,798.451,0,0.0
2024-01-04 00:00,702.58,0,0.0
2024-01-04 01:00,687.035,0,0.0
2024-01-04 02:00,676.796,0,0.0
2024-01-04 03:00,698.45,0,0.0
2024-01-04 04:00,730.454,0,0.0
2024-01-04 05:00,821.528,0,0.0
2024-01-04 06:00,992.338,0,0.0
2024-01-04 07:00,1149.773,0,0.0
2024-01-04 08:00,1211.454,1,25.16
2024-01-04 09:00,1075.026,0,0.0
2024-01-04 10:00,1000.67,0,0.0
2024-01-04 11:00,970.24,0,0.0
2024-01-04 12:00,923.929,0,0.0
2024-01-04 13:00,962.985,0,0.0
2024-01-04 14:00,993.931,0,0.0
2024-01-04 15:00,1105.682,0,0.0
2024-01-04 16:00,1279.869,1,25.09
2024-01-04 17:00,1431.841,1,32.47
2024-01-04 18:00,1529.717,1,49.36
2024-01-04 19:00,1474.192,1,39.45
2024-01-04 20:00,1320.269,1,25.73
2024-01-04 21:00,1146.709,0,0.0
2024-01-04 22:00,919.472,0,0.0
2024-01-04 23:00,765.806,0,0.0
2024-01-05 00:00,667.667,0,0.0
2024-01-05 01:00,622.127,0,0.0
2024-01-05 02:00,631.467,0,0.0
2024-01-05 03:00,622.025,0,0.0
2024-01-05 04:00,665.269,0,0.0
2024-01-05 05:00,795.124,0,0.0
2024-01-05 06:00,933.138,0,0.0
2024-01-05 07:00,1134.921,1,24.43
2024-01-05 08:00,1140.791,1,24.58
2024-01-05 09:00,1039.608,0,0.0
2024-01-05 10:00,952.336,0,0.0
2024-01-05 11:00,932.928,0,0.0
2024-01-05 12:00,964.227,0,0.0
2024-01-05 13:00,918.817,0,0.0
2024-01-05 14:00,989.181,0,0.0
2024-01-05 15:00,1110.455,0,0.0
2024-01-05 16:00,1235.419,1,24.79
2024-01-05 17:00,1297.296,1,26.43
2024-01-05 18:00,1383.498,1,48.64
2024-01-05 19:00,1335.873,1,36.13
2024-01-05 20:00,1247.169,1,25.45
2024-01-05 21:00,1098.59,0,0.0
2024-01-05 22:00,998.628,0,0.0
2024-01-05 23:00,858.255,0,0.0
2024-01-06 00:00,699.288,0,0.0
2024-01-06 01:00,668.337,0,0.0
2024-01-06 02:00,655.909,0,0.0
2024-01-06 03:00,688.174,0,0.0
2024-01-06 04:00,745.092,0,0.0
2024-01-06 05:00,831.075,0,0.0
2024-01-06 06:00,1016.704,0,0.0
2024-01-06 07:00,1128.284,0,0.0
2024-01-06 08:00,1136.136,0,0.0
2024-01-06 09:00,999.104,0,0.0
2024-01-06 10:00,930.915,0,0.0
2024-01-06 11:00,871.463,0,0.0
2024-01-06 12:00,895.237,0,0.0
2024-01-06 13:00,904.019,0,0.0
2024-01-06 14:00,898.902,0,0.0
2024-01-06 15:00,968.462,0,0.0
2024-01-06 16:00,1130.274,0,0.0
2024-01-06 17:00,1298.742,1,25.17
2024-01-06 18:00,1462.801,1,31.68
2024-01-06 19:00,1549.062,1,47.96
2024-01-06 20:00,1399.549,1,24.41
2024-01-06 21:00,1156.682,0,0.0
2024-01-06 22:00,904.997,0,0.0
2024-01-06 23:00,796.931,0,0.0
2024-01-07 00:00,697.345,0,0.0
2024-01-07 01:00,652.668,0,0.0
2024-01-07 02:00,624.199,0,0.0
2024-01-07 03:00,627.493,0,0.0
2024-01-07 04:00,697.979,0,0.0
2024-01-07 05:00,782.567,0,0.0
2024-01-07 06:00,917.516,0,0.0
2024-01-07 07:00,1038.597,0,0.0
2024-01-07 08:00,1019.264,0,0.0
2024-01-07 09:00,927.557,0,0.0
2024-01-07 10:00,886.999,0,0.0
2024-01-07 11:00,939.75,0,0.0
2024-01-07 12:00,934.189,0,0.0
2024-01-07 13:00,975.981,0,0.0
2024-01-07 14:00,993.774,0,0.0
2024-01-07 15:00,1047.787,0,0.0
2024-01-07 16:00,1149.108,0,0.0
2024-01-07 17:00,1242.319,1,24.89
2024-01-07 18:00,1420.923,1,49.03
2024-01-07 19:00,1337.749,1,25.17
2024-01-07 20:00,1259.983,1,25.29
2024-01-07 21:00,1060.281,0,0.0
2024-01-07 22:00,936.395,0,0.0
2024-01-07 23:00,822.605,0,0.0
2024-01-08 00:00,779.623,0,0.0
2024-01-08 01:00,733.068,0,0.0
2024-01-08 02:00,693.825,0,0.0
2024-01-08 03:00,706.402,0,0.0
2024-01-08 04:00,736.647,0,0.0
2024-01-08 05:00,786.952,0,0.0
2024-01-08 06:00,893.634,0,0.0
2024-01-08 07:00,1074.156,0,0.0
2024-01-08 08:00,1193.996,0,0.0
2024-01-08 09:00,1093.231,0,0.0
2024-01-08 10:00,1023.464,0,0.0
2024-01-08 11:00,1011.927,0,0.0
2024-01-08 12:00,1044.458,0,0.0
2024-01-08 13:00,1053.508,0,0.0
2024-01-08 14:00,1073.454,0,0.0
2024-01-08 15:00,1221.568,0,0.0
2024-01-08 16:00,1384.849,1,25.06
2024-01-08 17:00,1580.785,1,39.71
2024-01-08 18:00,1632.165,1,48.3
2024-01-08 19:00,1498.731,1,25.37
2024-01-08 20:00,1294.953,0,0.0
2024-01-08 21:00,1198.284,0,0.0
2024-01-08 22:00,1072.445,0,0.0
2024-01-08 23:00,912.674,0,0.0
2024-01-09 00:00,801.265,0,0.0
2024-01-09 01:00,787.897,0,0.0
2024-01-09 02:00,726.338,0,0.0
2024-01-09 03:00,700.085,0,0.0
2024-01-09 04:00,759.804,0,0.0
2024-01-09 05:00,832.266,0,0.0
2024-01-09 06:00,981.1,0,0.0
2024-01-09 07:00,1144.827,0,0.0
2024-01-09 08:00,1202.273,1,25.09
2024-01-09 09:00,1146.833,0,0.0
2024-01-09 10:00,1072.317,0,0.0
2024-01-09 11:00,1063.697,0,0.0
2024-01-09 12:00,970.139,0,0.0
2024-01-09 13:00,982.519,0,0.0
2024-01-09 14:00,996.978,0,0.0
2024-01-09 15:00,1058.877,0,0.0
2024-01-09 16:00,1174.731,0,0.0
2024-01-09 17:00,1298.164,1,24.77
2024-01-09 18:00,1428.264,1,48.12
2024-01-09 19:00,1331.144,1,25.25
2024-01-09 20:00,1234.296,1,24.56
2024-01-09 21:00,1069.03,0,0.0
2024-01-09 22:00,911.827,0,0.0
2024-01-09 23:00,833.394,0,0.0
2024-01-10 00:00,767.477,0,0.0
2024-01-10 01:00,758.587,0,0.0
2024-01-10 02:00,726.44,0,0.0
2024-01-10 03:00,705.057,0,0.0
2024-01-10 04:00,741.506,0,0.0
2024-01-10 05:00,834.067,0,0.0
2024-01-10 06:00,989.071,0,0.0
2024-01-10 07:00,1115.434,0,0.0
2024-01-10 08:00,1166.965,1,24.67
2024-01-10 09:00,1075.639,0,0.0
2024-01-10 10:00,1104.197,0,0.0
2024-01-10 11:00,1132.483,0,0.0
2024-01-10 12:00,1067.427,0,0.0
2024-01-10 13:00,1054.792,0,0.0
2024-01-10 14:00,1036.113,0,0.0
2024-01-10 15:00,1119.523,0,0.0
2024-01-10 16:00,1285.181,1,24.98
2024-01-10 17:00,1474.544,1,45.86
2024-01-10 18:00,1493.548,1,48.11
2024-01-10 19:00,1417.218,1,38.5
2024-01-10 20:00,1198.006,1,24.63
2024-01-10 21:00,1056.051,0,0.0
2024-01-10 22:00,877.571,0,0.0
2024-01-10 23:00,763.288,0,0.0
2024-01-11 00:00,677.772,0,0.0
2024-01-11 01:00,652.835,0,0.0
2024-01-11 02:00,602.841,0,0.0
2024-01-11 03:00,584.74,0,0.0
2024-01-11 04:00,698.252,0,0.0
2024-01-11 05:00,750.072,0,0.0
2024-01-11 06:00,864.176,0,0.0
2024-01-11 07:00,1112.785,0,0.0
2024-01-11 08:00,1282.19,1,25.0
2024-01-11 09:00,1108.478,0,0.0
2024-01-11 10:00,1026.301,0,0.0
2024-01-11 11:00,1016.157,0,0.0
2024-01-11 12:00,1062.539,0,0.0
2024-01-11 13:00,1026.238,0,0.0
2024-01-11 14:00,1056.191,0,0.0
2024-01-11 15:00,1192.728,0,0.0
2024-01-11 16:00,1358.409,1,25.18
2024-01-11 17:00,1461.495,1,32.84
2024-01-11 18:00,1513.425,1,48.4
2024-01-11 19:00,1396.522,1,24.82
2024-01-11 20:00,1270.755,1,24.96
2024-01-11 21:00,1103.833,0,0.0
2024-01-11 22:00,955.333,0,0.0
2024-01-11 23:00,817.964,0,0.0
2024-01-12 00:00,754.303,0,0.0
2024-01-12 01:00,740.156,0,0.0
2024-01-12 02:00,719.394,0,0.0
2024-01-12 03:00,725.049,0,0.0
2024-01-12 04:00,766.12,0,0.0
2024-01-12 05:00,849.51,0,0.0
2024-01-12 06:00,973.215,0,0.0
2024-01-12 07:00,1156.553,0,0.0
2024-01-12 08:00,1194.094,0,0.0
2024-01-12 09:00,1166.789,0,0.0
2024-01-12 10:00,1140.766,0,0.0
2024-01-12 11:00,1109.615,0,0.0
2024-01-12 12:00,1052.0,0,0.0
2024-01-12 13:00,1013.105,0,0.0
2024-01-12 14:00,1097.423,0,0.0
2024-01-12 15:00,1209.278,0,0.0
2024-01-12 16:00,1375.801,1,24.45
2024-01-12 17:00,1408.824,1,26.35
2024-01-12 18:00,1523.671,1,48.48
2024-01-12 19:00,1497.398,1,42.41
2024-01-12 20:00,1305.867,1,25.64
2024-01-12 21:00,1120.654,0,0.0
2024-01-12 22:00,968.164,0,0.0
2024-01-12 23:00,845.233,0,0.0
2024-01-13 00:00,708.7,0,0.0
2024-01-13 01:00,668.891,0,0.0
2024-01-13 02:00,645.437,0,0.0
2024-01-13 03:00,651.69,0,0.0
2024-01-13 04:00,728.966,0,0.0
2024-01-13 05:00,736.459,0,0.0
2024-01-13 06:00,870.4,0,0.0
2024-01-13 07:00,1039.103,0,0.0
2024-01-13 08:00,1097.013,1,24.97
2024-01-13 09:00,989.706,0,0.0
2024-01-13 10:00,877.694,0,0.0
2024-01-13 11:00,884.864,0,0.0
2024-01-13 12:00,941.691,0,0.0
2024-01-13 13:00,899.33,0,0.0
2024-01-13 14:00,975.042,0,0.0
2024-01-13 15:00,1063.261,1,24.78
2024-01-13 16:00,1202.066,1,24.81
2024-01-13 17:00,1274.635,1,32.99
2024-01-13 18:00,1327.82,1,42.39
2024-01-13 19:00,1364.655,1,47.7
2024-01-13 20:00,1268.985,1,32.29
2024-01-13 21:00,1166.411,1,24.71
2024-01-13 22:00,1018.451,0,0.0
2024-01-13 23:00,882.631,0,0.0
2024-01-14 00:00,825.081,0,0.0
2024-01-14 01:00,771.944,0,0.0
2024-01-14 02:00,752.424,0,0.0
2024-01-14 03:00,729.036,0,0.0
2024-01-14 04:00,761.782,0,0.0
2024-01-14 05:00,817.518,0,0.0
2024-01-14 06:00,988.325,0,0.0
2024-01-14 07:00,1101.362,0,0.0
2024-01-14 08:00,1169.038,0,0.0
2024-01-14 09:00,1049.969,0,0.0
2024-01-14 10:00,1022.67,0,0.0
2024-01-14 11:00,1015.192,0,0.0
2024-01-14 12:00,1050.463,0,0.0
2024-01-14 13:00,1064.054,0,0.0
2024-01-14 14:00,1032.239,0,0.0
2024-01-14 15:00,1124.845,0,0.0
2024-01-14 16:00,1211.644,0,0.0
2024-01-14 17:00,1308.357,1,25.28
2024-01-14 18:00,1447.227,1,48.11
2024-01-14 19:00,1428.208,1,38.42
2024-01-14 20:00,1260.831,1,25.04
2024-01-14 21:00,1056.696,0,0.0
2024-01-14 22:00,904.924,0,0.0
2024-01-14 23:00,755.283,0,0.0
2024-01-15 00:00,712.963,0,0.0
2024-01-15 01:00,690.384,0,0.0
2024-01-15 02:00,704.374,0,0.0
2024-01-15 03:00,719.054,0,0.0
2024-01-15 04:00,699.747,0,0.0
2024-01-15 05:00,797.709,0,0.0
2024-01-15 06:00,950.322,0,0.0
2024-01-15 07:00,1138.437,0,0.0
2024-01-15 08:00,1250.208,0,0.0
2024-01-15 09:00,1050.7,0,0.0
2024-01-15 10:00,973.737,0,0.0
2024-01-15 11:00,982.688,0,0.0
2024-01-15 12:00,920.658,0,0.0
2024-01-15 13:00,994.919,0,0.0
2024-01-15 14:00,1051.827,0,0.0
2024-01-15 15:00,1191.571,0,0.0
2024-01-15 16:00,1311.612,0,0.0
2024-01-15 17:00,1478.769,1,25.54
2024-01-15 18:00,1590.952,1,48.66
2024-01-15 19:00,1539.764,1,25.87
2024-01-15 20:00,1399.687,1,24.62
2024-01-15 21:00,1217.518,0,0.0
2024-01-15 22:00,997.184,0,0.0
2024-01-15 23:00,859.963,0,0.0
2024-01-16 00:00,768.554,0,0.0
2024-01-16 01:00,735.245,0,0.0
2024-01-16 02:00,736.254,0,0.0
2024-01-16 03:00,704.186,0,0.0
2024-01-16 04:00,743.328,0,0.0
2024-01-16 05:00,871.745,0,0.0
2024-01-16 06:00,993.965,0,0.0
2024-01-16 07:00,1130.695,0,0.0
2024-01-16 08:00,1184.61,0,0.0
2024-01-16 09:00,1112.237,0,0.0
2024-01-16 10:00,1042.785,0,0.0
2024-01-16 11:00,1063.982,0,0.0
2024-01-16 12:00,1071.12,0,0.0
2024-01-16 13:00,1097.41,0,0.0
2024-01-16 14:00,1146.231,0,0.0
2024-01-16 15:00,1336.492,1,24.95
2024-01-16 16:00,1462.482,1,30.25
2024-01-16 17:00,1473.963,1,32.44
2024-01-16 18:00,1614.788,1,47.37
2024-01-16 19:00,1523.751,1,37.79
2024-01-16 20:00,1381.868,1,24.86
2024-01-16 21:00,1246.618,1,24.75
2024-01-16 22:00,992.177,0,0.0
2024-01-16 23:00,823.475,0,0.0
2024-01-17 00:00,702.753,0,0.0
2024-01-17 01:00,654.445,0,0.0
2024-01-17 02:00,658.169,0,0.0
2024-01-17 03:00,679.085,0,0.0
2024-01-17 04:00,731.966,0,0.0
2024-01-17 05:00,777.234,0,0.0
2024-01-17 06:00,848.847,0,0.0
2024-01-17 07:00,1026.285,0,0.0
2024-01-17 08:00,1067.687,0,0.0
2024-01-17 09:00,1010.287,0,0.0
2024-01-17 10:00,988.808,0,0.0
2024-01-17 11:00,978.931,0,0.0
2024-01-17 12:00,998.77,0,0.0
2024-01-17 13:00,1015.985,0,0.0
2024-01-17 14:00,1075.742,0,0.0
2024-01-17 15:00,1150.748,0,0.0
2024-01-17 16:00,1291.59,1,25.44
2024-01-17 17:00,1429.925,1,27.05
2024-01-17 18:00,1536.171,1,47.48
2024-01-17 19:00,1464.368,1,33.42
2024-01-17 20:00,1356.569,1,25.2
2024-01-17 21:00,1165.143,0,0.0
2024-01-17 22:00,986.169,0,0.0
2024-01-17 23:00,881.238,0,0.0
2024-01-18 00:00,734.869,0,0.0
2024-01-18 01:00,666.588,0,0.0
2024-01-18 02:00,620.564,0,0.0
2024-01-18 03:00,577.958,0,0.0
2024-01-18 04:00,619.115,0,0.0
2024-01-18 05:00,736.972,0,0.0
2024-01-18 06:00,879.342,0,0.0
2024-01-18 07:00,1061.413,0,0.0
2024-01-18 08:00,1162.713,0,0.0
2024-01-18 09:00,1114.256,0,0.0
2024-01-18 10:00,1041.461,0,0.0
2024-01-18 11:00,1063.782,0,0.0
2024-01-18 12:00,1044.455,0,0.0
2024-01-18 13:00,1016.486,0,0.0
2024-01-18 14:00,1035.103,0,0.0
2024-01-18 15:00,1082.797,0,0.0
2024-01-18 16:00,1196.433,0,0.0
2024-01-18 17:00,1316.517,1,25.15
2024-01-18 18:00,1438.128,1,34.94
2024-01-18 19:00,1493.439,1,48.28
2024-01-18 20:00,1290.349,1,24.71
2024-01-18 21:00,1144.36,0,0.0
2024-01-18 22:00,940.006,0,0.0
2024-01-18 23:00,837.743,0,0.0
2024-01-19 00:00,752.731,0,0.0
2024-01-19 01:00,666.877,0,0.0
2024-01-19 02:00,680.082,0,0.0
2024-01-19 03:00,669.281,0,0.0
2024-01-19 04:00,702.304,0,0.0
2024-01-19 05:00,760.102,0,0.0
2024-01-19 06:00,889.048,0,0.0
2024-01-19 07:00,1080.017,0,0.0
2024-01-19 08:00,1125.172,0,0.0
2024-01-19 09:00,1048.246,0,0.0
2024-01-19 10:00,1005.939,0,0.0
2024-01-19 11:00,1034.107,0,0.0
2024-01-19 12:00,1005.308,0,0.0
2024-01-19 13:00,961.639,0,0.0
2024-01-19 14:00,1048.9,0,0.0
2024-01-19 15:00,1141.511,0,0.0
2024-01-19 16:00,1341.875,1,24.83
2024-01-19 17:00,1484.533,1,37.26
2024-01-19 18:00,1533.303,1,48.45
2024-01-19 19:00,1499.716,1,40.22
2024-01-19 20:00,1449.071,1,29.42
2024-01-19 21:00,1325.502,1,25.07
2024-01-19 22:00,1104.591,0,0.0
2024-01-19 23:00,945.723,0,0.0
2024-01-20 00:00,812.926,0,0.0
2024-01-20 01:00,731.929,0,0.0
2024-01-20 02:00,709.134,0,0.0
2024-01-20 03:00,699.797,0,0.0
2024-01-20 04:00,742.419,0,0.0
2024-01-20 05:00,796.111,0,0.0
2024-01-20 06:00,884.499,0,0.0
2024-01-20 07:00,967.569,0,0.0
2024-01-20 08:00,980.729,0,0.0
2024-01-20 09:00,899.767,0,0.0
2024-01-20 10:00,857.5,0,0.0
2024-01-20 11:00,921.64,0,0.0
2024-01-20 12:00,951.284,0,0.0
2024-01-20 13:00,926.108,0,0.0
2024-01-20 14:00,980.216,0,0.0
2024-01-20 15:00,1064.965,0,0.0
2024-01-20 16:00,1194.113,1,24.45
2024-01-20 17:00,1325.596,1,25.62
2024-01-20 18:00,1418.247,1,47.13
2024-01-20 19:00,1358.587,1,24.82
2024-01-20 20:00,1285.351,1,25.1
2024-01-20 21:00,1069.357,0,0.0
2024-01-20 22:00,912.915,0,0.0
2024-01-20 23:00,867.873,0,0.0
2024-01-21 00:00,775.831,0,0.0
2024-01-21 01:00,757.486,0,0.0
2024-01-21 02:00,723.89,0,0.0
2024-01-21 03:00,725.922,0,0.0
2024-01-21 04:00,756.05,0,0.0
2024-01-21 05:00,826.681,0,0.0
2024-01-21 06:00,940.173,0,0.0
2024-01-21 07:00,1115.869,1,24.27
2024-01-21 08:00,1117.269,1,24.6
2024-01-21 09:00,1041.904,0,0.0
2024-01-21 10:00,1013.554,0,0.0
2024-01-21 11:00,995.217,0,0.0
2024-01-21 12:00,965.618,0,0.0
2024-01-21 13:00,984.618,0,0.0
2024-01-21 14:00,1007.702,0,0.0
2024-01-21 15:00,1140.599,1,25.19
2024-01-21 16:00,1198.055,1,24.64
2024-01-21 17:00,1304.693,1,47.4
2024-01-21 18:00,1272.338,1,36.15
2024-01-21 19:00,1187.296,1,25.67
2024-01-21 20:00,1170.318,1,25.84
2024-01-21 21:00,1064.272,0,0.0
2024-01-21 22:00,885.971,0,0.0
2024-01-21 23:00,733.755,0,0.0
2024-01-22 00:00,634.525,0,0.0
2024-01-22 01:00,607.959,0,0.0
2024-01-22 02:00,669.89,0,0.0
2024-01-22 03:00,686.5,0,0.0
2024-01-22 04:00,716.61,0,0.0
2024-01-22 05:00,817.789,0,0.0
2024-01-22 06:00,913.755,0,0.0
2024-01-22 07:00,1074.612,0,0.0
2024-01-22 08:00,1132.627,0,0.0
2024-01-22 09:00,1038.047,0,0.0
2024-01-22 10:00,1013.411,0,0.0
2024-01-22 11:00,1005.916,0,0.0
2024-01-22 12:00,1017.48,0,0.0
2024-01-22 13:00,999.349,0,0.0
2024-01-22 14:00,1074.951,0,0.0
2024-01-22 15:00,1243.956,0,0.0
2024-01-22 16:00,1341.986,1,24.94
2024-01-22 17:00,1421.159,1,24.65
2024-01-22 18:00,1555.543,1,48.24
2024-01-22 19:00,1490.058,1,35.05
2024-01-22 20:00,1416.564,1,25.47
2024-01-22 21:00,1200.88,1,25.0
2024-01-22 22:00,1065.048,0,0.0
2024-01-22 23:00,916.672,0,0.0
2024-01-23 00:00,821.426,0,0.0
2024-01-23 01:00,806.128,0,0.0
2024-01-23 02:00,759.179,0,0.0
2024-01-23 03:00,725.873,0,0.0
2024-01-23 04:00,753.748,0,0.0
2024-01-23 05:00,851.352,0,0.0
2024-01-23 06:00,946.052,0,0.0
2024-01-23 07:00,1143.325,0,0.0
2024-01-23 08:00,1164.418,0,0.0
2024-01-23 09:00,1108.692,0,0.0
2024-01-23 10:00,953.984,0,0.0
2024-01-23 11:00,918.573,0,0.0
2024-01-23 12:00,865.009,0,0.0
2024-01-23 13:00,868.149,0,0.0
2024-01-23 14:00,939.044,0,0.0
2024-01-23 15:00,1048.366,0,0.0
2024-01-23 16:00,1193.4,0,0.0
2024-01-23 17:00,1323.714,1,25.71
2024-01-23 18:00,1412.979,1,47.6
2024-01-23 19:00,1335.078,1,25.79
2024-01-23 20:00,1268.486,1,25.15
2024-01-23 21:00,1139.606,0,0.0
2024-01-23 22:00,985.562,0,0.0
2024-01-23 23:00,872.667,0,0.0
2024-01-24 00:00,789.975,0,0.0
2024-01-24 01:00,793.69,0,0.0
2024-01-24 02:00,756.036,0,0.0
2024-01-24 03:00,738.89,0,0.0
2024-01-24 04:00,757.114,0,0.0
2024-01-24 05:00,811.273,0,0.0
2024-01-24 06:00,918.304,0,0.0
2024-01-24 07:00,1055.185,0,0.0
2024-01-24 08:00,1109.004,0,0.0
2024-01-24 09:00,1036.386,0,0.0
2024-01-24 10:00,985.667,0,0.0
2024-01-24 11:00,944.749,0,0.0
2024-01-24 12:00,975.893,0,0.0
2024-01-24 13:00,1014.897,0,0.0
2024-01-24 14:00,1049.623,0,0.0
2024-01-24 15:00,1129.228,0,0.0
2024-01-24 16:00,1304.756,1,25.01
2024-01-24 17:00,1441.344,1,48.83
2024-01-24 18:00,1427.59,1,45.17
2024-01-24 19:00,1394.386,1,35.18
2024-01-24 20:00,1292.273,1,24.79
2024-01-24 21:00,1093.712,0,0.0
2024-01-24 22:00,946.812,0,0.0
2024-01-24 23:00,785.071,0,0.0
2024-01-25 00:00,753.228,0,0.0
2024-01-25 01:00,745.285,0,0.0
2024-01-25 02:00,713.442,0,0.0
2024-01-25 03:00,720.456,0,0.0
2024-01-25 04:00,697.872,0,0.0
2024-01-25 05:00,753.536,0,0.0
2024-01-25 06:00,895.057,0,0.0
2024-01-25 07:00,1025.428,0,0.0
2024-01-25 08:00,1116.468,0,0.0
2024-01-25 09:00,1105.174,0,0.0
2024-01-25 10:00,994.831,0,0.0
2024-01-25 11:00,949.588,0,0.0
2024-01-25 12:00,956.78,0,0.0
2024-01-25 13:00,1029.592,0,0.0
2024-01-25 14:00,1023.373,0,0.0
2024-01-25 15:00,1141.808,1,25.13
2024-01-25 16:00,1374.281,1,40.54
2024-01-25 17:00,1412.091,1,47.84
2024-01-25 18:00,1411.244,1,47.35
2024-01-25 19:00,1363.341,1,39.11
2024-01-25 20:00,1232.896,1,25.12
2024-01-25 21:00,1120.222,1,24.87
2024-01-25 22:00,967.106,0,0.0
2024-01-25 23:00,789.997,0,0.0
2024-01-26 00:00,734.841,0,0.0
2024-01-26 01:00,684.785,0,0.0
2024-01-26 02:00,702.848,0,0.0
2024-01-26 03:00,687.393,0,0.0
2024-01-26 04:00,715.377,0,0.0
2024-01-26 05:00,818.873,0,0.0
2024-01-26 06:00,994.479,0,0.0
2024-01-26 07:00,1182.319,1,25.34
2024-01-26 08:00,1149.711,1,25.29
2024-01-26 09:00,1074.53,0,0.0
2024-01-26 10:00,976.272,0,0.0
2024-01-26 11:00,972.265,0,0.0
2024-01-26 12:00,917.673,0,0.0
2024-01-26 13:00,956.377,0,0.0
2024-01-26 14:00,975.966,0,0.0
2024-01-26 15:00,1037.321,0,0.0
2024-01-26 16:00,1227.143,1,24.68
2024-01-26 17:00,1374.122,1,33.67
2024-01-26 18:00,1413.52,1,39.69
2024-01-26 19:00,1460.173,1,48.44
2024-01-26 20:00,1308.987,1,25.37
2024-01-26 21:00,1143.152,0,0.0
2024-01-26 22:00,984.058,0,0.0
2024-01-26 23:00,836.527,0,0.0
2024-01-27 00:00,721.913,0,0.0
2024-01-27 01:00,668.881,0,0.0
2024-01-27 02:00,641.738,0,0.0
2024-01-27 03:00,676.634,0,0.0
2024-01-27 04:00,689.061,0,0.0
2024-01-27 05:00,704.201,0,0.0
2024-01-27 06:00,898.752,0,0.0
2024-01-27 07:00,1156.166,0,0.0
2024-01-27 08:00,1169.046,0,0.0
2024-01-27 09:00,987.582,0,0.0
2024-01-27 10:00,924.691,0,0.0
2024-01-27 11:00,902.374,0,0.0
2024-01-27 12:00,893.434,0,0.0
2024-01-27 13:00,873.179,0,0.0
2024-01-27 14:00,942.927,0,0.0
2024-01-27 15:00,1066.512,0,0.0
2024-01-27 16:00,1143.832,0,0.0
2024-01-27 17:00,1304.432,1,25.47
2024-01-27 18:00,1470.419,1,48.32
2024-01-27 19:00,1424.501,1,32.68
2024-01-27 20:00,1273.767,1,24.96
2024-01-27 21:00,1098.915,0,0.0
2024-01-27 22:00,953.186,0,0.0
2024-01-27 23:00,775.288,0,0.0
2024-01-28 00:00,706.023,0,0.0
2024-01-28 01:00,659.982,0,0.0
2024-01-28 02:00,686.894,0,0.0
2024-01-28 03:00,678.131,0,0.0
2024-01-28 04:00,756.778,0,0.0
2024-01-28 05:00,801.843,0,0.0
2024-01-28 06:00,960.198,1,25.18
2024-01-28 07:00,1130.95,1,29.11
2024-01-28 08:00,1129.407,1,29.38
2024-01-28 09:00,1033.524,0,0.0
2024-01-28 10:00,1011.366,1,25.44
2024-01-28 11:00,970.729,1,25.19
2024-01-28 12:00,899.955,0,0.0
2024-01-28 13:00,914.668,0,0.0
2024-01-28 14:00,927.519,0,0.0
2024-01-28 15:00,1019.793,1,25.15
2024-01-28 16:00,1160.936,1,34.84
2024-01-28 17:00,1206.95,1,44.52
2024-01-28 18:00,1206.999,1,42.75
2024-01-28 19:00,1229.442,1,48.59
2024-01-28 20:00,1119.879,1,27.47
2024-01-28 21:00,897.348,0,0.0
2024-01-28 22:00,817.854,0,0.0
2024-01-28 23:00,734.925,0,0.0
2024-01-29 00:00,695.833,0,0.0
2024-01-29 01:00,635.841,0,0.0
2024-01-29 02:00,653.106,0,0.0
2024-01-29 03:00,670.633,0,0.0
2024-01-29 04:00,779.562,0,0.0
2024-01-29 05:00,874.004,0,0.0
2024-01-29 06:00,1034.936,0,0.0
2024-01-29 07:00,1196.51,0,0.0
2024-01-29 08:00,1266.224,1,25.15
2024-01-29 09:00,1164.85,0,0.0
2024-01-29 10:00,1127.763,0,0.0
2024-01-29 11:00,1067.395,0,0.0
2024-01-29 12:00,1029.104,0,0.0
2024-01-29 13:00,1016.314,0,0.0
2024-01-29 14:00,1085.546,0,0.0
2024-01-29 15:00,1248.275,1,25.49
2024-01-29 16:00,1369.234,1,25.79
2024-01-29 17:00,1468.817,1,35.51
2024-01-29 18:00,1543.067,1,48.6
2024-01-29 19:00,1477.361,1,37.33
2024-01-29 20:00,1386.195,1,25.12
2024-01-29 21:00,1106.372,0,0.0
2024-01-29 22:00,920.802,0,0.0
2024-01-29 23:00,786.571,0,0.0
2024-01-30 00:00,656.223,0,0.0
2024-01-30 01:00,614.116,0,0.0
2024-01-30 02:00,592.748,0,0.0
2024-01-30 03:00,607.601,0,0.0
2024-01-30 04:00,691.623,0,0.0
2024-01-30 05:00,774.315,0,0.0
2024-01-30 06:00,889.885,0,0.0
2024-01-30 07:00,1061.308,0,0.0
2024-01-30 08:00,1160.953,1,25.06
2024-01-30 09:00,1025.375,0,0.0
2024-01-30 10:00,942.763,0,0.0
2024-01-30 11:00,956.684,0,0.0
2024-01-30 12:00,946.699,0,0.0
2024-01-30 13:00,987.48,0,0.0
2024-01-30 14:00,1031.517,0,0.0
2024-01-30 15:00,1167.385,1,24.66
2024-01-30 16:00,1268.106,1,24.78
2024-01-30 17:00,1398.345,1,37.47
2024-01-30 18:00,1455.313,1,47.93
2024-01-30 19:00,1358.29,1,30.07
2024-01-30 20:00,1180.927,1,24.62
2024-01-30 21:00,1078.001,0,0.0
2024-01-30 22:00,917.296,0,0.0
2024-01-30 23:00,776.92,0,0.0
2024-01-31 00:00,708.78,0,0.0
2024-01-31 01:00,707.823,0,0.0
2024-01-31 02:00,633.741,0,0.0
2024-01-31 03:00,609.35,0,0.0
2024-01-31 04:00,640.035,0,0.0
2024-01-31 05:00,776.776,0,0.0
2024-01-31 06:00,937.295,0,0.0
2024-01-31 07:00,1140.121,0,0.0
2024-01-31 08:00,1136.593,0,0.0
2024-01-31 09:00,1001.726,0,0.0
2024-01-31 10:00,973.109,0,0.0
2024-01-31 11:00,963.525,0,0.0
2024-01-31 12:00,978.945,0,0.0
2024-01-31 13:00,984.95,0,0.0
2024-01-31 14:00,1040.01,0,0.0
2024-01-31 15:00,1153.183,0,0.0
2024-01-31 16:00,1337.373,1,26.19
2024-01-31 17:00,1501.634,1,48.98
2024-01-31 18:00,1470.28,1,41.58
2024-01-31 19:00,1317.94,1,24.63
2024-01-31 20:00,1269.3,1,24.43
2024-01-31 21:00,1161.32,0,0.0
2024-01-31 22:00,952.536,0,0.0
2024-01-31 23:00,777.077,0,0.0
2024-02-01 00:00,716.223,0,0.0
2024-02-01 01:00,709.041,0,0.0
2024-02-01 02:00,735.521,0,0.0
2024-02-01 03:00,742.727,0,0.0
2024-02-01 04:00,770.775,0,0.0
2024-02-01 05:00,828.161,0,0.0
2024-02-01 06:00,978.215,0,0.0
2024-02-01 07:00,1137.154,0,0.0
2024-02-01 08:00,1139.794,0,0.0
2024-02-01 09:00,1125.35,0,0.0
2024-02-01 10:00,1117.088,0,0.0
2024-02-01 11:00,1117.527,0,0.0
2024-02-01 12:00,1053.378,0,0.0
2024-02-01 13:00,1083.783,0,0.0
2024-02-01 14:00,1138.321,0,0.0
2024-02-01 15:00,1254.13,0,0.0
2024-02-01 16:00,1453.185,1,25.31
2024-02-01 17:00,1598.213,1,36.42
2024-02-01 18:00,1677.043,1,47.1
2024-02-01 19:00,1629.676,1,40.56
2024-02-01 20:00,1472.568,1,24.71
2024-02-01 21:00,1187.297,0,0.0
2024-02-01 22:00,1009.065,0,0.0
2024-02-01 23:00,856.651,0,0.0
2024-02-02 00:00,736.165,0,0.0
2024-02-02 01:00,743.571,0,0.0
2024-02-02 02:00,761.31,0,0.0
2024-02-02 03:00,784.668,0,0.0
2024-02-02 04:00,823.653,0,0.0
2024-02-02 05:00,941.889,0,0.0
2024-02-02 06:00,1088.231,0,0.0
2024-02-02 07:00,1263.322,1,25.14
2024-02-02 08:00,1243.802,1,24.84
2024-02-02 09:00,1140.051,0,0.0
2024-02-02 10:00,1066.547,0,0.0
2024-02-02 11:00,991.267,0,0.0
2024-02-02 12:00,981.175,0,0.0
2024-02-02 13:00,991.099,0,0.0
2024-02-02 14:00,1101.5,0,0.0
2024-02-02 15:00,1239.087,1,24.83
2024-02-02 16:00,1382.79,1,24.75
2024-02-02 17:00,1515.451,1,39.93
2024-02-02 18:00,1569.73,1,46.57
2024-02-02 19:00,1501.505,1,39.04
2024-02-02 20:00,1310.78,1,24.96
2024-02-02 21:00,1137.649,0,0.0
2024-02-02 22:00,945.855,0,0.0
2024-02-02 23:00,790.825,0,0.0
2024-02-03 00:00,691.636,0,0.0
2024-02-03 01:00,667.847,0,0.0
2024-02-03 02:00,609.35,0,0.0
2024-02-03 03:00,616.074,0,0.0
2024-02-03 04:00,686.765,0,0.0
2024-02-03 05:00,797.468,0,0.0
2024-02-03 06:00,970.683,0,0.0
2024-02-03 07:00,1131.004,0,0.0
2024-02-03 08:00,1130.888,0,0.0
2024-02-03 09:00,989.995,0,0.0
2024-02-03 10:00,949.123,0,0.0
2024-02-03 11:00,944.437,0,0.0
2024-02-03 12:00,976.299,0,0.0
2024-02-03 13:00,1015.344,0,0.0
2024-02-03 14:00,1040.53,0,0.0
2024-02-03 15:00,1088.229,0,0.0
2024-02-03 16:00,1214.781,1,25.59
2024-02-03 17:00,1346.445,1,31.61
2024-02-03 18:00,1396.541,1,47.53
2024-02-03 19:00,1330.564,1,27.1
2024-02-03 20:00,1229.859,1,25.46
2024-02-03 21:00,1054.375,0,0.0
2024-02-03 22:00,882.43,0,0.0
2024-02-03 23:00,782.513,0,0.0
2024-02-04 00:00,697.419,0,0.0
2024-02-04 01:00,668.81,0,0.0
2024-02-04 02:00,657.881,0,0.0
2024-02-04 03:00,632.294,0,0.0
2024-02-04 04:00,664.548,0,0.0
2024-02-04 05:00,787.542,0,0.0
2024-02-04 06:00,890.364,0,0.0
2024-02-04 07:00,971.898,0,0.0
2024-02-04 08:00,955.578,0,0.0
2024-02-04 09:00,898.954,0,0.0
2024-02-04 10:00,868.282,0,0.0
2024-02-04 11:00,863.118,0,0.0
2024-02-04 12:00,907.937,0,0.0
2024-02-04 13:00,834.087,0,0.0
2024-02-04 14:00,903.759,0,0.0
2024-02-04 15:00,1071.09,1,24.05
2024-02-04 16:00,1164.243,1,25.26
2024-02-04 17:00,1272.82,1,41.46
2024-02-04 18:00,1306.372,1,48.31
2024-02-04 19:00,1243.618,1,35.62
2024-02-04 20:00,1139.623,1,24.57
2024-02-04 21:00,1063.216,1,24.84
2024-02-04 22:00,968.295,0,0.0
2024-02-04 23:00,825.543,0,0.0
2024-02-05 00:00,837.802,0,0.0
2024-02-05 01:00,780.444,0,0.0
2024-02-05 02:00,791.266,0,0.0
2024-02-05 03:00,773.4,0,0.0
2024-02-05 04:00,810.606,0,0.0
2024-02-05 05:00,901.247,0,0.0
2024-02-05 06:00,1157.815,0,0.0
2024-02-05 07:00,1356.482,1,25.82
2024-02-05 08:00,1339.19,1,24.89
2024-02-05 09:00,1233.092,0,0.0
2024-02-05 10:00,1123.203,0,0.0
2024-02-05 11:00,1065.317,0,0.0
2024-02-05 12:00,1074.612,0,0.0
2024-02-05 13:00,1072.435,0,0.0
2024-02-05 14:00,1115.395,0,0.0
2024-02-05 15:00,1216.113,0,0.0
2024-02-05 16:00,1376.335,1,24.9
2024-02-05 17:00,1518.46,1,47.09
2024-02-05 18:00,1468.641,1,25.43
2024-02-05 19:00,1465.177,1,25.4
2024-02-05 20:00,1288.273,0,0.0
2024-02-05 21:00,1069.453,0,0.0
2024-02-05 22:00,921.865,1,25.0
2024-02-05 23:00,813.615,0,0.0
2024-02-06 00:00,720.183,0,0.0
2024-02-06 01:00,709.571,0,0.0
2024-02-06 02:00,658.49,0,0.0
2024-02-06 03:00,656.788,0,0.0
2024-02-06 04:00,690.457,0,0.0
2024-02-06 05:00,779.452,0,0.0
2024-02-06 06:00,940.3,0,0.0
2024-02-06 07:00,1072.052,0,0.0
2024-02-06 08:00,1157.245,1,24.98
2024-02-06 09:00,1062.678,0,0.0
2024-02-06 10:00,936.783,0,0.0
2024-02-06 11:00,864.032,0,0.0
2024-02-06 12:00,879.304,0,0.0
2024-02-06 13:00,901.704,0,0.0
2024-02-06 14:00,955.447,0,0.0
2024-02-06 15:00,1069.878,0,0.0
2024-02-06 16:00,1235.815,1,25.01
2024-02-06 17:00,1418.078,1,46.19
2024-02-06 18:00,1425.857,1,46.99
2024-02-06 19:00,1337.641,1,28.5
2024-02-06 20:00,1187.763,1,25.82
2024-02-06 21:00,1067.551,0,0.0
2024-02-06 22:00,965.353,0,0.0
2024-02-06 23:00,829.216,0,0.0
2024-02-07 00:00,683.036,0,0.0
2024-02-07 01:00,616.374,0,0.0
2024-02-07 02:00,596.876,0,0.0
2024-02-07 03:00,602.544,0,0.0
2024-02-07 04:00,647.899,0,0.0
2024-02-07 05:00,743.05,0,0.0
2024-02-07 06:00,884.784,0,0.0
2024-02-07 07:00,1101.653,0,0.0
2024-02-07 08:00,1123.799,0,0.0
2024-02-07 09:00,1002.425,0,0.0
2024-02-07 10:00,975.348,0,0.0
2024-02-07 11:00,909.857,0,0.0
2024-02-07 12:00,930.454,0,0.0
2024-02-07 13:00,955.464,0,0.0
2024-02-07 14:00,999.794,0,0.0
2024-02-07 15:00,1175.195,0,0.0
2024-02-07 16:00,1294.713,1,25.0
2024-02-07 17:00,1526.85,1,36.03
2024-02-07 18:00,1565.387,1,49.0
2024-02-07 19:00,1443.447,1,25.02
2024-02-07 20:00,1320.78,1,24.68
2024-02-07 21:00,1107.445,0,0.0
2024-02-07 22:00,924.562,0,0.0
2024-02-07 23:00,824.899,0,0.0
2024-02-08 00:00,762.124,0,0.0
2024-02-08 01:00,705.118,0,0.0
2024-02-08 02:00,712.412,0,0.0
2024-02-08 03:00,739.596,0,0.0
2024-02-08 04:00,815.355,0,0.0
2024-02-08 05:00,910.366,0,0.0
2024-02-08 06:00,1104.21,0,0.0
2024-02-08 07:00,1194.598,0,0.0
2024-02-08 08:00,1217.827,0,0.0
2024-02-08 09:00,1072.466,0,0.0
2024-02-08 10:00,1016.499,0,0.0
2024-02-08 11:00,976.772,0,0.0
2024-02-08 12:00,965.42,0,0.0
2024-02-08 13:00,1046.968,0,0.0
2024-02-08 14:00,1077.204,0,0.0
2024-02-08 15:00,1197.739,0,0.0
2024-02-08 16:00,1333.377,1,24.87
2024-02-08 17:00,1462.278,1,34.57
2024-02-08 18:00,1522.178,1,48.88
2024-02-08 19:00,1496.729,1,42.61
2024-02-08 20:00,1411.383,1,25.1
2024-02-08 21:00,1282.095,1,25.22
2024-02-08 22:00,1083.054,0,0.0
2024-02-08 23:00,943.667,0,0.0
2024-02-09 00:00,803.853,0,0.0
2024-02-09 01:00,751.014,0,0.0
2024-02-09 02:00,747.778,0,0.0
2024-02-09 03:00,761.404,0,0.0
2024-02-09 04:00,802.28,0,0.0
2024-02-09 05:00,908.826,0,0.0
2024-02-09 06:00,1072.714,0,0.0
2024-02-09 07:00,1288.651,1,24.94
2024-02-09 08:00,1323.228,1,27.81
2024-02-09 09:00,1170.67,1,25.53
2024-02-09 10:00,1100.061,0,0.0
2024-02-09 11:00,960.981,0,0.0
2024-02-09 12:00,971.694,0,0.0
2024-02-09 13:00,857.861,0,0.0
2024-02-09 14:00,858.626,0,0.0
2024-02-09 15:00,1001.75,0,0.0
2024-02-09 16:00,1184.198,1,25.56
2024-02-09 17:00,1265.908,1,24.57
2024-02-09 18:00,1316.369,1,25.03
2024-02-09 19:00,1379.664,1,48.04
2024-02-09 20:00,1247.42,1,25.42
2024-02-09 21:00,1189.032,1,25.14
2024-02-09 22:00,1007.336,0,0.0
2024-02-09 23:00,884.249,0,0.0
2024-02-10 00:00,784.415,0,0.0
2024-02-10 01:00,733.482,0,0.0
2024-02-10 02:00,679.775,0,0.0
2024-02-10 03:00,674.124,0,0.0
2024-02-10 04:00,711.887,0,0.0
2024-02-10 05:00,753.997,0,0.0
2024-02-10 06:00,887.211,0,0.0
2024-02-10 07:00,1021.016,0,0.0
2024-02-10 08:00,1106.981,1,25.14
2024-02-10 09:00,1012.217,0,0.0
2024-02-10 10:00,945.113,0,0.0
2024-02-10 11:00,925.184,0,0.0
2024-02-10 12:00,925.908,0,0.0
2024-02-10 13:00,957.623,0,0.0
2024-02-10 14:00,961.316,0,0.0
2024-02-10 15:00,1024.334,0,0.0
2024-02-10 16:00,1216.622,1,25.86
2024-02-10 17:00,1318.464,1,48.1
2024-02-10 18:00,1312.819,1,47.11
2024-02-10 19:00,1312.692,1,46.15
2024-02-10 20:00,1225.667,1,24.43
2024-02-10 21:00,1012.422,0,0.0
2024-02-10 22:00,880.843,1,25.0
2024-02-10 23:00,793.302,0,0.0
2024-02-11 00:00,725.021,0,0.0
2024-02-11 01:00,699.453,0,0.0
2024-02-11 02:00,643.372,0,0.0
2024-02-11 03:00,654.494,0,0.0
2024-02-11 04:00,688.248,0,0.0
2024-02-11 05:00,756.566,0,0.0
2024-02-11 06:00,926.104,0,0.0
2024-02-11 07:00,1142.745,0,0.0
2024-02-11 08:00,1244.731,1,24.79
2024-02-11 09:00,1160.964,1,25.8
2024-02-11 10:00,1065.747,0,0.0
2024-02-11 11:00,1037.199,0,0.0
2024-02-11 12:00,1034.548,0,0.0
2024-02-11 13:00,1031.297,0,0.0
2024-02-11 14:00,1063.223,0,0.0
2024-02-11 15:00,1187.203,1,25.24
2024-02-11 16:00,1317.596,1,25.01
2024-02-11 17:00,1394.485,1,41.18
2024-02-11 18:00,1427.251,1,48.35
2024-02-11 19:00,1412.928,1,46.32
2024-02-11 20:00,1280.551,1,25.1
2024-02-11 21:00,1122.61,0,0.0
2024-02-11 22:00,972.053,0,0.0
2024-02-11 23:00,827.129,0,0.0
2024-02-12 00:00,808.132,0,0.0
2024-02-12 01:00,766.19,0,0.0
2024-02-12 02:00,706.201,0,0.0
2024-02-12 03:00,741.528,0,0.0
2024-02-12 04:00,766.356,0,0.0
2024-02-12 05:00,801.91,0,0.0
2024-02-12 06:00,916.497,0,0.0
2024-02-12 07:00,1048.608,0,0.0
2024-02-12 08:00,1109.174,0,0.0
2024-02-12 09:00,1013.938,0,0.0
2024-02-12 10:00,954.965,0,0.0
2024-02-12 11:00,969.215,0,0.0
2024-02-12 12:00,976.878,0,0.0
2024-02-12 13:00,1001.442,0,0.0
2024-02-12 14:00,1059.512,0,0.0
2024-02-12 15:00,1189.919,1,24.9
2024-02-12 16:00,1240.605,1,24.99
2024-02-12 17:00,1356.678,1,47.96
2024-02-12 18:00,1317.312,1,35.57
2024-02-12 19:00,1312.583,1,33.23
2024-02-12 20:00,1219.484,1,25.21
2024-02-12 21:00,1120.747,0,0.0
2024-02-12 22:00,1000.541,0,0.0
2024-02-12 23:00,873.267,0,0.0
2024-02-13 00:00,769.403,0,0.0
2024-02-13 01:00,738.899,0,0.0
2024-02-13 02:00,701.918,0,0.0
2024-02-13 03:00,702.403,0,0.0
2024-02-13 04:00,771.23,0,0.0
2024-02-13 05:00,838.354,0,0.0
2024-02-13 06:00,1015.383,0,0.0
2024-02-13 07:00,1212.356,0,0.0
2024-02-13 08:00,1206.268,0,0.0
2024-02-13 09:00,1134.014,0,0.0
2024-02-13 10:00,1084.787,0,0.0
2024-02-13 11:00,1055.259,0,0.0
2024-02-13 12:00,1008.372,0,0.0
2024-02-13 13:00,986.255,0,0.0
2024-02-13 14:00,1011.823,0,0.0
2024-02-13 15:00,1143.856,0,0.0
2024-02-13 16:00,1250.481,1,25.22
2024-02-13 17:00,1405.737,1,45.79
2024-02-13 18:00,1408.447,1,48.8
2024-02-13 19:00,1372.973,1,28.56
2024-02-13 20:00,1269.931,1,24.23
2024-02-13 21:00,1213.272,0,0.0
2024-02-13 22:00,976.974,0,0.0
2024-02-13 23:00,894.414,0,0.0
2024-02-14 00:00,802.507,0,0.0
2024-02-14 01:00,762.655,0,0.0
2024-02-14 02:00,736.767,0,0.0
2024-02-14 03:00,741.984,0,0.0
2024-02-14 04:00,775.833,0,0.0
2024-02-14 05:00,901.21,0,0.0
2024-02-14 06:00,1032.777,0,0.0
2024-02-14 07:00,1247.459,1,26.36
2024-02-14 08:00,1249.113,1,26.87
2024-02-14 09:00,1126.585,1,24.65
2024-02-14 10:00,1015.525,0,0.0
2024-02-14 11:00,1012.054,0,0.0
2024-02-14 12:00,1050.05,0,0.0
2024-02-14 13:00,1048.267,0,0.0
2024-02-14 14:00,1077.319,0,0.0
2024-02-14 15:00,1136.148,1,25.25
2024-02-14 16:00,1276.461,1,31.58
2024-02-14 17:00,1327.451,1,42.31
2024-02-14 18:00,1358.587,1,48.68
2024-02-14 19:00,1355.157,1,47.05
2024-02-14 20:00,1312.66,1,38.48
2024-02-14 21:00,1258.485,1,29.13
2024-02-14 22:00,1035.746,0,0.0
2024-02-14 23:00,935.223,0,0.0
2024-02-15 00:00,835.151,0,0.0
2024-02-15 01:00,773.643,0,0.0
2024-02-15 02:00,753.264,0,0.0
2024-02-15 03:00,746.068,0,0.0
2024-02-15 04:00,786.294,0,0.0
2024-02-15 05:00,856.474,0,0.0
2024-02-15 06:00,957.13,0,0.0
2024-02-15 07:00,1066.627,0,0.0
2024-02-15 08:00,1149.658,0,0.0
2024-02-15 09:00,1044.062,0,0.0
2024-02-15 10:00,968.912,0,0.0
2024-02-15 11:00,958.939,0,0.0
2024-02-15 12:00,984.359,0,0.0
2024-02-15 13:00,1002.876,0,0.0
2024-02-15 14:00,1021.696,0,0.0
2024-02-15 15:00,1180.376,0,0.0
2024-02-15 16:00,1399.892,1,24.96
2024-02-15 17:00,1543.162,1,25.65
2024-02-15 18:00,1642.106,1,47.07
2024-02-15 19:00,1632.602,1,45.69
2024-02-15 20:00,1511.336,1,25.76
2024-02-15 21:00,1311.771,0,0.0
2024-02-15 22:00,1113.712,0,0.0
2024-02-15 23:00,963.438,0,0.0
2024-02-16 00:00,819.884,0,0.0
2024-02-16 01:00,783.472,0,0.0
2024-02-16 02:00,716.971,0,0.0
2024-02-16 03:00,695.179,0,0.0
2024-02-16 04:00,773.253,0,0.0
2024-02-16 05:00,880.957,0,0.0
2024-02-16 06:00,1080.03,0,0.0
2024-02-16 07:00,1236.276,1,25.0
2024-02-16 08:00,1218.342,1,25.64
2024-02-16 09:00,1096.737,0,0.0
2024-02-16 10:00,1034.613,0,0.0
2024-02-16 11:00,1014.169,0,0.0
2024-02-16 12:00,1040.94,0,0.0
2024-02-16 13:00,1030.742,0,0.0
2024-02-16 14:00,1082.443,0,0.0
2024-02-16 15:00,1145.864,0,0.0
2024-02-16 16:00,1316.449,1,24.46
2024-02-16 17:00,1443.396,1,43.33
2024-02-16 18:00,1466.452,1,47.15
2024-02-16 19:00,1417.563,1,37.64
2024-02-16 20:00,1289.652,1,25.76
2024-02-16 21:00,1117.751,0,0.0
2024-02-16 22:00,1018.52,0,0.0
2024-02-16 23:00,877.08,0,0.0
2024-02-17 00:00,732.372,0,0.0
2024-02-17 01:00,639.938,0,0.0
2024-02-17 02:00,607.832,0,0.0
2024-02-17 03:00,611.575,0,0.0
2024-02-17 04:00,641.497,0,0.0
2024-02-17 05:00,764.943,0,0.0
2024-02-17 06:00,900.737,0,0.0
2024-02-17 07:00,1111.086,0,0.0
2024-02-17 08:00,1149.63,1,25.18
2024-02-17 09:00,1044.16,0,0.0
2024-02-17 10:00,976.309,0,0.0
2024-02-17 11:00,953.864,0,0.0
2024-02-17 12:00,998.044,0,0.0
2024-02-17 13:00,920.435,0,0.0
2024-02-17 14:00,895.031,0,0.0
2024-02-17 15:00,983.346,0,0.0
2024-02-17 16:00,1131.928,1,24.29
2024-02-17 17:00,1294.085,1,25.83
2024-02-17 18:00,1384.892,1,48.26
2024-02-17 19:00,1330.538,1,34.93
2024-02-17 20:00,1263.217,1,24.74
2024-02-17 21:00,1136.411,1,25.44
2024-02-17 22:00,965.984,0,0.0
2024-02-17 23:00,860.393,0,0.0
2024-02-18 00:00,771.96,0,0.0
2024-02-18 01:00,707.292,0,0.0
2024-02-18 02:00,698.355,0,0.0
2024-02-18 03:00,694.468,0,0.0
2024-02-18 04:00,730.489,0,0.0
2024-02-18 05:00,848.757,0,0.0
2024-02-18 06:00,907.913,0,0.0
2024-02-18 07:00,1015.312,0,0.0
2024-02-18 08:00,1019.048,0,0.0
2024-02-18 09:00,932.292,0,0.0
2024-02-18 10:00,884.38,0,0.0
2024-02-18 11:00,830.148,0,0.0
2024-02-18 12:00,809.328,0,0.0
2024-02-18 13:00,812.199,0,0.0
2024-02-18 14:00,956.026,0,0.0
2024-02-18 15:00,1127.44,1,25.14
2024-02-18 16:00,1247.131,1,26.0
2024-02-18 17:00,1348.237,1,46.22
2024-02-18 18:00,1351.491,1,47.04
2024-02-18 19:00,1231.118,1,25.56
2024-02-18 20:00,1139.399,1,25.28
2024-02-18 21:00,971.029,0,0.0
2024-02-18 22:00,841.77,0,0.0
2024-02-18 23:00,699.79,0,0.0
2024-02-19 00:00,667.302,0,0.0
2024-02-19 01:00,651.274,0,0.0
2024-02-19 02:00,654.235,0,0.0
2024-02-19 03:00,673.635,0,0.0
2024-02-19 04:00,685.863,0,0.0
2024-02-19 05:00,801.53,0,0.0
2024-02-19 06:00,924.548,0,0.0
2024-02-19 07:00,1123.12,0,0.0
2024-02-19 08:00,1169.907,0,0.0
2024-02-19 09:00,1017.26,0,0.0
2024-02-19 10:00,958.269,0,0.0
2024-02-19 11:00,962.932,0,0.0
2024-02-19 12:00,981.273,0,0.0
2024-02-19 13:00,989.028,0,0.0
2024-02-19 14:00,1089.994,0,0.0
2024-02-19 15:00,1233.263,0,0.0
2024-02-19 16:00,1365.171,1,24.81
2024-02-19 17:00,1524.69,1,30.34
2024-02-19 18:00,1676.52,1,46.46
2024-02-19 19:00,1696.538,1,47.4
2024-02-19 20:00,1449.85,1,24.67
2024-02-19 21:00,1205.669,0,0.0
2024-02-19 22:00,1070.083,0,0.0
2024-02-19 23:00,885.147,0,0.0
2024-02-20 00:00,756.045,0,0.0
2024-02-20 01:00,703.867,0,0.0
2024-02-20 02:00,697.425,0,0.0
2024-02-20 03:00,696.227,0,0.0
2024-02-20 04:00,723.038,0,0.0
2024-02-20 05:00,790.925,0,0.0
2024-02-20 06:00,917.313,0,0.0
2024-02-20 07:00,1055.107,1,25.24
2024-02-20 08:00,1208.028,1,38.68
2024-02-20 09:00,1109.542,1,24.71
2024-02-20 10:00,1072.653,1,25.34
2024-02-20 11:00,1024.753,1,25.78
2024-02-20 12:00,1003.657,1,25.51
2024-02-20 13:00,987.464,0,0.0
2024-02-20 14:00,935.423,0,0.0
2024-02-20 15:00,997.288,1,24.83
2024-02-20 16:00,1075.729,1,24.98
2024-02-20 17:00,1113.757,1,25.17
2024-02-20 18:00,1160.731,1,27.48
2024-02-20 19:00,1253.371,1,47.45
2024-02-20 20:00,1173.37,1,30.08
2024-02-20 21:00,1097.704,1,25.09
2024-02-20 22:00,957.739,0,0.0
2024-02-20 23:00,860.083,0,0.0
2024-02-21 00:00,748.895,0,0.0
2024-02-21 01:00,724.002,0,0.0
2024-02-21 02:00,721.061,0,0.0
2024-02-21 03:00,703.909,0,0.0
2024-02-21 04:00,761.38,0,0.0
2024-02-21 05:00,862.12,0,0.0
2024-02-21 06:00,991.769,0,0.0
2024-02-21 07:00,1116.959,0,0.0
2024-02-21 08:00,1115.545,0,0.0
2024-02-21 09:00,1032.433,0,0.0
2024-02-21 10:00,993.059,0,0.0
2024-02-21 11:00,950.184,0,0.0
2024-02-21 12:00,950.549,0,0.0
2024-02-21 13:00,988.562,0,0.0
2024-02-21 14:00,1056.132,0,0.0
2024-02-21 15:00,1224.637,0,0.0
2024-02-21 16:00,1427.112,1,25.26
2024-02-21 17:00,1492.76,1,24.73
2024-02-21 18:00,1636.073,1,48.66
2024-02-21 19:00,1537.676,1,24.51
2024-02-21 20:00,1436.415,1,24.84
2024-02-21 21:00,1236.218,0,0.0
2024-02-21 22:00,1026.19,0,0.0
2024-02-21 23:00,831.442,0,0.0
2024-02-22 00:00,747.384,0,0.0
2024-02-22 01:00,669.883,0,0.0
2024-02-22 02:00,683.874,0,0.0
2024-02-22 03:00,725.057,0,0.0
2024-02-22 04:00,744.283,0,0.0
2024-02-22 05:00,838.795,0,0.0
2024-02-22 06:00,963.163,0,0.0
2024-02-22 07:00,1109.376,0,0.0
2024-02-22 08:00,1191.086,1,25.23
2024-02-22 09:00,1084.079,0,0.0
2024-02-22 10:00,1083.603,0,0.0
2024-02-22 11:00,1033.786,0,0.0
2024-02-22 12:00,1052.186,0,0.0
2024-02-22 13:00,1056.177,0,0.0
2024-02-22 14:00,1120.441,0,0.0
2024-02-22 15:00,1202.059,1,23.86
2024-02-22 16:00,1345.709,1,26.53
2024-02-22 17:00,1463.808,1,45.91
2024-02-22 18:00,1479.427,1,48.87
2024-02-22 19:00,1473.54,1,47.59
2024-02-22 20:00,1370.175,1,30.83
2024-02-22 21:00,1210.125,1,25.73
2024-02-22 22:00,1074.985,0,0.0
2024-02-22 23:00,963.622,0,0.0
2024-02-23 00:00,839.46,0,0.0
2024-02-23 01:00,790.305,0,0.0
2024-02-23 02:00,740.471,0,0.0
2024-02-23 03:00,734.626,0,0.0
2024-02-23 04:00,757.764,0,0.0
2024-02-23 05:00,889.54,0,0.0
2024-02-23 06:00,1049.692,0,0.0
2024-02-23 07:00,1209.237,0,0.0
2024-02-23 08:00,1293.55,1,25.0
2024-02-23 09:00,1079.316,0,0.0
2024-02-23 10:00,945.24,0,0.0
2024-02-23 11:00,967.594,0,0.0
2024-02-23 12:00,965.852,0,0.0
2024-02-23 13:00,989.999,0,0.0
2024-02-23 14:00,986.134,0,0.0
2024-02-23 15:00,1097.801,0,0.0
2024-02-23 16:00,1342.752,1,24.97
2024-02-23 17:00,1508.208,1,31.46
2024-02-23 18:00,1570.093,1,47.43
2024-02-23 19:00,1489.79,1,28.06
2024-02-23 20:00,1333.901,1,25.58
2024-02-23 21:00,1074.312,0,0.0
2024-02-23 22:00,936.127,0,0.0
2024-02-23 23:00,846.554,0,0.0
2024-02-24 00:00,677.508,0,0.0
2024-02-24 01:00,631.757,0,0.0
2024-02-24 02:00,595.217,0,0.0
2024-02-24 03:00,584.946,0,0.0
2024-02-24 04:00,636.52,0,0.0
2024-02-24 05:00,665.411,0,0.0
2024-02-24 06:00,829.657,0,0.0
2024-02-24 07:00,1022.38,0,0.0
2024-02-24 08:00,1061.888,0,0.0
2024-02-24 09:00,888.403,0,0.0
2024-02-24 10:00,825.489,0,0.0
2024-02-24 11:00,873.36,0,0.0
2024-02-24 12:00,785.806,0,0.0
2024-02-24 13:00,809.656,0,0.0
2024-02-24 14:00,828.613,0,0.0
2024-02-24 15:00,974.464,0,0.0
2024-02-24 16:00,1094.141,0,0.0
2024-02-24 17:00,1246.58,1,25.25
2024-02-24 18:00,1348.738,1,34.76
2024-02-24 19:00,1407.835,1,48.33
2024-02-24 20:00,1267.772,1,25.32
2024-02-24 21:00,1114.843,1,25.0
2024-02-24 22:00,896.968,0,0.0
2024-02-24 23:00,817.584,0,0.0
2024-02-25 00:00,714.232,0,0.0
2024-02-25 01:00,662.602,0,0.0
2024-02-25 02:00,646.09,0,0.0
2024-02-25 03:00,612.806,0,0.0
2024-02-25 04:00,665.061,0,0.0
2024-02-25 05:00,775.123,0,0.0
2024-02-25 06:00,925.381,0,0.0
2024-02-25 07:00,1025.631,0,0.0
2024-02-25 08:00,1069.662,0,0.0
2024-02-25 09:00,1009.698,0,0.0
2024-02-25 10:00,889.367,0,0.0
2024-02-25 11:00,848.437,0,0.0
2024-02-25 12:00,884.994,0,0.0
2024-02-25 13:00,912.263,0,0.0
2024-02-25 14:00,971.143,0,0.0
2024-02-25 15:00,1143.293,0,0.0
2024-02-25 16:00,1299.547,1,25.52
2024-02-25 17:00,1443.535,1,24.73
2024-02-25 18:00,1622.992,1,47.95
2024-02-25 19:00,1528.345,1,31.95
2024-02-25 20:00,1331.952,1,25.3
2024-02-25 21:00,1162.644,0,0.0
2024-02-25 22:00,992.548,0,0.0
2024-02-25 23:00,837.474,0,0.0
2024-02-26 00:00,768.121,0,0.0
2024-02-26 01:00,784.281,0,0.0
2024-02-26 02:00,759.122,0,0.0
2024-02-26 03:00,731.28,0,0.0
2024-02-26 04:00,794.508,0,0.0
2024-02-26 05:00,872.702,0,0.0
2024-02-26 06:00,1012.205,0,0.0
2024-02-26 07:00,1204.649,1,25.26
2024-02-26 08:00,1185.603,0,0.0
2024-02-26 09:00,1094.897,0,0.0
2024-02-26 10:00,1098.171,0,0.0
2024-02-26 11:00,1078.803,0,0.0
2024-02-26 12:00,1040.894,0,0.0
2024-02-26 13:00,1025.58,0,0.0
2024-02-26 14:00,1050.105,0,0.0
2024-02-26 15:00,1146.297,0,0.0
2024-02-26 16:00,1279.089,1,25.0
2024-02-26 17:00,1455.484,1,50.03
2024-02-26 18:00,1425.35,1,39.15
2024-02-26 19:00,1440.626,1,44.2
2024-02-26 20:00,1297.834,1,25.49
2024-02-26 21:00,1149.716,0,0.0
2024-02-26 22:00,941.186,0,0.0
2024-02-26 23:00,864.608,0,0.0
2024-02-27 00:00,809.999,0,0.0
2024-02-27 01:00,782.396,0,0.0
2024-02-27 02:00,712.193,0,0.0
2024-02-27 03:00,731.315,0,0.0
2024-02-27 04:00,781.168,0,0.0
2024-02-27 05:00,816.896,0,0.0
2024-02-27 06:00,966.09,0,0.0
2024-02-27 07:00,1152.277,0,0.0
2024-02-27 08:00,1218.424,1,25.51
2024-02-27 09:00,1112.722,0,0.0
2024-02-27 10:00,1053.739,0,0.0
2024-02-27 11:00,1078.522,0,0.0
2024-02-27 12:00,1096.359,0,0.0
2024-02-27 13:00,988.638,0,0.0
2024-02-27 14:00,1021.927,0,0.0
2024-02-27 15:00,1124.437,0,0.0
2024-02-27 16:00,1196.176,0,0.0
2024-02-27 17:00,1339.632,1,24.96
2024-02-27 18:00,1482.133,1,48.17
2024-02-27 19:00,1386.81,1,24.59
2024-02-27 20:00,1290.786,1,24.74
2024-02-27 21:00,1092.499,0,0.0
2024-02-27 22:00,916.867,0,0.0
2024-02-27 23:00,851.716,0,0.0
2024-02-28 00:00,752.363,0,0.0
2024-02-28 01:00,725.119,0,0.0
2024-02-28 02:00,657.814,0,0.0
2024-02-28 03:00,712.211,0,0.0
2024-02-28 04:00,769.728,0,0.0
2024-02-28 05:00,847.921,0,0.0
2024-02-28 06:00,1016.723,0,0.0
2024-02-28 07:00,1129.394,0,0.0
2024-02-28 08:00,1225.189,0,0.0
2024-02-28 09:00,1098.665,0,0.0
2024-02-28 10:00,1025.118,0,0.0
2024-02-28 11:00,986.496,0,0.0
2024-02-28 12:00,958.901,0,0.0
2024-02-28 13:00,999.845,0,0.0
2024-02-28 14:00,1052.508,0,0.0
2024-02-28 15:00,1185.028,0,0.0
2024-02-28 16:00,1331.792,1,25.01
2024-02-28 17:00,1482.762,1,27.03
2024-02-28 18:00,1517.495,1,34.36
2024-02-28 19:00,1583.55,1,48.81
2024-02-28 20:00,1349.62,1,25.18
2024-02-28 21:00,1222.384,0,0.0
2024-02-28 22:00,1077.735,0,0.0
2024-02-28 23:00,896.767,0,0.0
2024-02-29 00:00,860.202,0,0.0
2024-02-29 01:00,822.188,0,0.0
2024-02-29 02:00,805.185,0,0.0
2024-02-29 03:00,787.807,0,0.0
2024-02-29 04:00,814.023,0,0.0
2024-02-29 05:00,887.61,0,0.0
2024-02-29 06:00,1048.747,0,0.0
2024-02-29 07:00,1273.689,1,25.43
2024-02-29 08:00,1305.982,1,25.05
2024-02-29 09:00,1136.604,0,0.0
2024-02-29 10:00,1091.301,0,0.0
2024-02-29 11:00,1089.272,0,0.0
2024-02-29 12:00,1085.22,0,0.0
2024-02-29 13:00,1106.326,0,0.0
2024-02-29 14:00,1124.241,0,0.0
2024-02-29 15:00,1186.043,1,25.65
2024-02-29 16:00,1293.545,1,24.5
2024-02-29 17:00,1340.702,1,25.12
2024-02-29 18:00,1430.105,1,47.87
2024-02-29 19:00,1396.356,1,36.95
2024-02-29 20:00,1261.94,1,25.25
2024-02-29 21:00,989.559,0,0.0
2024-02-29 22:00,825.176,0,0.0
2024-02-29 23:00,775.675,0,0.0
2024-03-01 00:00,598.674,0,0.0
2024-03-01 01:00,583.499,0,0.0
2024-03-01 02:00,543.727,0,0.0
2024-03-01 03:00,585.755,0,0.0
2024-03-01 04:00,623.237,0,0.0
2024-03-01 05:00,689.675,0,0.0
2024-03-01 06:00,870.568,0,0.0
2024-03-01 07:00,1009.201,0,0.0
2024-03-01 08:00,1022.653,0,0.0
2024-03-01 09:00,969.889,0,0.0
2024-03-01 10:00,913.244,0,0.0
2024-03-01 11:00,905.652,0,0.0
2024-03-01 12:00,877.073,0,0.0
2024-03-01 13:00,880.25,0,0.0
2024-03-01 14:00,963.945,0,0.0
2024-03-01 15:00,1010.193,0,0.0
2024-03-01 16:00,1165.231,1,24.98
2024-03-01 17:00,1230.091,1,26.6
2024-03-01 18:00,1323.595,1,47.3
2024-03-01 19:00,1243.875,1,28.98
2024-03-01 20:00,1147.008,1,25.56
2024-03-01 21:00,972.008,0,0.0
2024-03-01 22:00,812.107,0,0.0
2024-03-01 23:00,738.657,0,0.0
2024-03-02 00:00,672.577,0,0.0
2024-03-02 01:00,626.798,0,0.0
2024-03-02 02:00,575.455,0,0.0
2024-03-02 03:00,547.452,0,0.0
2024-03-02 04:00,555.851,0,0.0
2024-03-02 05:00,573.993,0,0.0
2024-03-02 06:00,688.022,0,0.0
2024-03-02 07:00,817.637,0,0.0
2024-03-02 08:00,858.54,0,0.0
2024-03-02 09:00,778.113,0,0.0
2024-03-02 10:00,757.339,0,0.0
2024-03-02 11:00,750.844,0,0.0
2024-03-02 12:00,805.706,0,0.0
2024-03-02 13:00,781.224,0,0.0
2024-03-02 14:00,810.885,0,0.0
2024-03-02 15:00,924.577,1,25.85
2024-03-02 16:00,1009.686,1,27.99
2024-03-02 17:00,1098.371,1,42.73
2024-03-02 18:00,1131.443,1,48.94
2024-03-02 19:00,1080.354,1,39.06
2024-03-02 20:00,1005.448,1,26.69
2024-03-02 21:00,858.303,1,25.0
2024-03-02 22:00,768.099,0,0.0
2024-03-02 23:00,655.488,0,0.0
2024-03-03 00:00,628.014,0,0.0
2024-03-03 01:00,595.198,0,0.0
2024-03-03 02:00,563.717,0,0.0
2024-03-03 03:00,564.554,0,0.0
2024-03-03 04:00,587.832,0,0.0
2024-03-03 05:00,618.609,0,0.0
2024-03-03 06:00,718.106,0,0.0
2024-03-03 07:00,778.367,0,0.0
2024-03-03 08:00,835.494,1,24.97
2024-03-03 09:00,793.565,0,0.0
2024-03-03 10:00,795.984,0,0.0
2024-03-03 11:00,752.6,0,0.0
2024-03-03 12:00,732.309,0,0.0
2024-03-03 13:00,743.613,0,0.0
2024-03-03 14:00,830.129,0,0.0
2024-03-03 15:00,897.54,1,24.54
2024-03-03 16:00,963.052,1,25.48
2024-03-03 17:00,1054.97,1,48.51
2024-03-03 18:00,1010.024,1,37.29
2024-03-03 19:00,972.176,1,28.76
2024-03-03 20:00,964.76,1,26.18
2024-03-03 21:00,856.355,1,24.88
2024-03-03 22:00,745.966,0,0.0
2024-03-03 23:00,683.493,0,0.0
2024-03-04 00:00,704.398,0,0.0
2024-03-04 01:00,613.549,0,0.0
2024-03-04 02:00,561.422,0,0.0
2024-03-04 03:00,574.154,0,0.0
2024-03-04 04:00,600.236,0,0.0
2024-03-04 05:00,694.268,0,0.0
2024-03-04 06:00,799.512,0,0.0
2024-03-04 07:00,834.128,0,0.0
2024-03-04 08:00,841.179,0,0.0
2024-03-04 09:00,753.866,0,0.0
2024-03-04 10:00,746.19,0,0.0
2024-03-04 11:00,750.245,0,0.0
2024-03-04 12:00,742.868,0,0.0
2024-03-04 13:00,812.799,0,0.0
2024-03-04 14:00,897.664,1,25.08
2024-03-04 15:00,950.543,1,25.45
2024-03-04 16:00,950.479,1,25.72
2024-03-04 17:00,1061.822,1,37.12
2024-03-04 18:00,1131.1,1,48.32
2024-03-04 19:00,1091.945,1,42.1
2024-03-04 20:00,1033.817,1,32.41
2024-03-04 21:00,875.955,1,25.02
2024-03-04 22:00,821.359,0,0.0
2024-03-04 23:00,710.624,0,0.0
2024-03-05 00:00,688.199,0,0.0
2024-03-05 01:00,607.822,0,0.0
2024-03-05 02:00,572.855,0,0.0
2024-03-05 03:00,611.291,0,0.0
2024-03-05 04:00,642.845,0,0.0
2024-03-05 05:00,720.687,0,0.0
2024-03-05 06:00,840.459,0,0.0
2024-03-05 07:00,929.944,1,25.73
2024-03-05 08:00,1010.433,1,39.6
2024-03-05 09:00,971.674,1,27.02
2024-03-05 10:00,869.217,1,25.16
2024-03-05 11:00,830.194,0,0.0
2024-03-05 12:00,836.164,0,0.0
2024-03-05 13:00,870.121,1,24.21
2024-03-05 14:00,858.533,1,24.88
2024-03-05 15:00,897.684,1,24.92
2024-03-05 16:00,960.471,1,24.24
2024-03-05 17:00,1032.097,1,48.03
2024-03-05 18:00,1027.644,1,45.7
2024-03-05 19:00,975.155,1,28.31
2024-03-05 20:00,886.1,1,24.91
2024-03-05 21:00,828.993,0,0.0
2024-03-05 22:00,755.094,0,0.0
2024-03-05 23:00,681.585,0,0.0
2024-03-06 00:00,639.141,0,0.0
2024-03-06 01:00,609.948,0,0.0
2024-03-06 02:00,576.962,0,0.0
2024-03-06 03:00,558.049,0,0.0
2024-03-06 04:00,581.116,0,0.0
2024-03-06 05:00,629.357,0,0.0
2024-03-06 06:00,713.424,0,0.0
2024-03-06 07:00,822.176,0,0.0
2024-03-06 08:00,897.32,1,25.16
2024-03-06 09:00,836.822,0,0.0
2024-03-06 10:00,819.531,0,0.0
2024-03-06 11:00,808.141,0,0.0
2024-03-06 12:00,812.206,0,0.0
2024-03-06 13:00,837.558,0,0.0
2024-03-06 14:00,834.288,0,0.0
2024-03-06 15:00,858.333,0,0.0
2024-03-06 16:00,948.001,1,24.98
2024-03-06 17:00,1075.77,1,48.3
2024-03-06 18:00,1030.703,1,30.99
2024-03-06 19:00,1015.069,1,25.22
2024-03-06 20:00,983.541,1,24.96
2024-03-06 21:00,870.984,0,0.0
2024-03-06 22:00,778.08,0,0.0
2024-03-06 23:00,684.898,0,0.0
2024-03-07 00:00,648.05,0,0.0
2024-03-07 01:00,578.238,0,0.0
2024-03-07 02:00,519.273,0,0.0
2024-03-07 03:00,555.161,0,0.0
2024-03-07 04:00,577.589,0,0.0
2024-03-07 05:00,630.616,0,0.0
2024-03-07 06:00,708.255,0,0.0
2024-03-07 07:00,767.321,0,0.0
2024-03-07 08:00,820.455,0,0.0
2024-03-07 09:00,802.964,0,0.0
2024-03-07 10:00,803.917,0,0.0
2024-03-07 11:00,816.158,0,0.0
2024-03-07 12:00,818.02,0,0.0
2024-03-07 13:00,850.117,0,0.0
2024-03-07 14:00,941.688,0,0.0
2024-03-07 15:00,958.504,0,0.0
2024-03-07 16:00,1033.501,1,25.07
2024-03-07 17:00,1155.051,1,25.51
2024-03-07 18:00,1238.875,1,48.28
2024-03-07 19:00,1109.278,1,24.87
2024-03-07 20:00,1001.255,0,0.0
2024-03-07 21:00,931.044,0,0.0
2024-03-07 22:00,819.894,0,0.0
2024-03-07 23:00,737.92,0,0.0
2024-03-08 00:00,686.892,0,0.0
2024-03-08 01:00,635.386,0,0.0
2024-03-08 02:00,620.673,0,0.0
2024-03-08 03:00,612.905,0,0.0
2024-03-08 04:00,649.182,0,0.0
2024-03-08 05:00,707.63,0,0.0
2024-03-08 06:00,801.88,0,0.0
2024-03-08 07:00,914.944,0,0.0
2024-03-08 08:00,1049.114,1,24.96
2024-03-08 09:00,952.623,0,0.0
2024-03-08 10:00,919.943,0,0.0
2024-03-08 11:00,872.219,0,0.0
2024-03-08 12:00,870.659,0,0.0
2024-03-08 13:00,888.373,0,0.0
2024-03-08 14:00,948.406,0,0.0
2024-03-08 15:00,1040.347,1,24.84
2024-03-08 16:00,1114.913,1,26.08
2024-03-08 17:00,1226.64,1,47.29
2024-03-08 18:00,1153.338,1,28.09
2024-03-08 19:00,1158.639,1,29.33
2024-03-08 20:00,1062.442,1,24.98
2024-03-08 21:00,966.787,0,0.0
2024-03-08 22:00,798.402,1,25.0
2024-03-08 23:00,696.798,0,0.0
2024-03-09 00:00,623.642,0,0.0
2024-03-09 01:00,587.783,0,0.0
2024-03-09 02:00,575.791,0,0.0
2024-03-09 03:00,596.577,0,0.0
2024-03-09 04:00,591.474,0,0.0
2024-03-09 05:00,669.117,0,0.0
2024-03-09 06:00,775.954,0,0.0
2024-03-09 07:00,858.3,1,24.93
2024-03-09 08:00,847.763,0,0.0
2024-03-09 09:00,854.003,0,0.0
2024-03-09 10:00,751.78,0,0.0
2024-03-09 11:00,769.683,0,0.0
2024-03-09 12:00,719.998,0,0.0
2024-03-09 13:00,752.77,0,0.0
2024-03-09 14:00,794.676,0,0.0
2024-03-09 15:00,893.376,1,25.04
2024-03-09 16:00,960.506,1,25.61
2024-03-09 17:00,1008.786,1,36.38
2024-03-09 18:00,1031.833,1,46.21
2024-03-09 19:00,1036.84,1,48.56
2024-03-09 20:00,964.857,1,25.21
2024-03-09 21:00,841.225,0,0.0
2024-03-09 22:00,727.351,0,0.0
2024-03-09 23:00,620.848,0,0.0
2024-03-10 00:00,602.459,0,0.0
2024-03-10 01:00,535.495,0,0.0
2024-03-10 02:00,543.58,0,0.0
2024-03-10 03:00,551.065,0,0.0
2024-03-10 04:00,639.97,0,0.0
2024-03-10 05:00,664.478,0,0.0
2024-03-10 06:00,768.555,0,0.0
2024-03-10 07:00,911.531,1,25.96
2024-03-10 08:00,976.356,1,32.78
2024-03-10 09:00,920.648,1,24.96
2024-03-10 10:00,881.617,0,0.0
2024-03-10 11:00,855.318,1,25.0
2024-03-10 12:00,838.541,1,24.87
2024-03-10 13:00,830.531,1,25.04
2024-03-10 14:00,862.107,1,24.98
2024-03-10 15:00,863.993,1,24.44
2024-03-10 16:00,945.298,1,26.16
2024-03-10 17:00,1037.559,1,42.68
2024-03-10 18:00,1066.861,1,48.23
2024-03-10 19:00,959.562,1,28.6
2024-03-10 20:00,921.918,1,24.87
2024-03-10 21:00,832.016,1,25.33
2024-03-10 22:00,708.23,0,0.0
2024-03-10 23:00,636.422,0,0.0
2024-03-11 00:00,609.845,0,0.0
2024-03-11 01:00,561.754,0,0.0
2024-03-11 02:00,544.565,0,0.0
2024-03-11 03:00,581.973,0,0.0
2024-03-11 04:00,608.751,0,0.0
2024-03-11 05:00,685.355,0,0.0
2024-03-11 06:00,784.644,0,0.0
2024-03-11 07:00,890.106,0,0.0
2024-03-11 08:00,926.412,1,24.58
2024-03-11 09:00,940.274,1,25.14
2024-03-11 10:00,883.418,0,0.0
2024-03-11 11:00,818.085,0,0.0
2024-03-11 12:00,768.666,0,0.0
2024-03-11 13:00,785.205,0,0.0
2024-03-11 14:00,796.014,0,0.0
2024-03-11 15:00,881.649,0,0.0
2024-03-11 16:00,950.528,1,24.52
2024-03-11 17:00,1130.738,1,47.02
2024-03-11 18:00,1096.611,1,39.38
2024-03-11 19:00,1060.981,1,31.04
2024-03-11 20:00,936.351,1,25.76
2024-03-11 21:00,826.043,0,0.0
2024-03-11 22:00,734.799,0,0.0
2024-03-11 23:00,612.998,0,0.0
2024-03-12 00:00,600.56,0,0.0
2024-03-12 01:00,618.766,0,0.0
2024-03-12 02:00,591.692,0,0.0
2024-03-12 03:00,600.028,0,0.0
2024-03-12 04:00,662.072,0,0.0
2024-03-12 05:00,713.171,0,0.0
2024-03-12 06:00,809.935,0,0.0
2024-03-12 07:00,832.789,0,0.0
2024-03-12 08:00,903.439,1,25.22
2024-03-12 09:00,889.713,0,0.0
2024-03-12 10:00,828.731,0,0.0
2024-03-12 11:00,826.113,0,0.0
2024-03-12 12:00,798.968,0,0.0
2024-03-12 13:00,810.71,0,0.0
2024-03-12 14:00,876.994,1,24.73
2024-03-12 15:00,892.966,1,24.64
2024-03-12 16:00,1015.815,1,33.38
2024-03-12 17:00,1040.326,1,36.49
2024-03-12 18:00,1063.519,1,41.54
2024-03-12 19:00,1101.42,1,48.38
2024-03-12 20:00,1046.052,1,38.65
2024-03-12 21:00,924.266,1,24.39
2024-03-12 22:00,775.593,0,0.0
2024-03-12 23:00,687.33,0,0.0
2024-03-13 00:00,654.415,0,0.0
2024-03-13 01:00,619.513,0,0.0
2024-03-13 02:00,599.993,0,0.0
2024-03-13 03:00,600.657,0,0.0
2024-03-13 04:00,634.631,0,0.0
2024-03-13 05:00,657.273,0,0.0
2024-03-13 06:00,758.506,0,0.0
2024-03-13 07:00,887.437,1,25.28
2024-03-13 08:00,883.382,1,24.53
2024-03-13 09:00,871.109,0,0.0
2024-03-13 10:00,820.122,0,0.0
2024-03-13 11:00,818.738,0,0.0
2024-03-13 12:00,798.882,0,0.0
2024-03-13 13:00,871.928,0,0.0
2024-03-13 14:00,926.196,1,24.54
2024-03-13 15:00,936.733,1,25.3
2024-03-13 16:00,1040.779,1,32.55
2024-03-13 17:00,1086.702,1,44.19
2024-03-13 18:00,1106.31,1,48.1
2024-03-13 19:00,1072.788,1,42.37
2024-03-13 20:00,967.597,1,24.82
2024-03-13 21:00,892.043,1,25.15
2024-03-13 22:00,757.065,0,0.0
2024-03-13 23:00,671.415,0,0.0
2024-03-14 00:00,625.107,0,0.0
2024-03-14 01:00,583.632,0,0.0
2024-03-14 02:00,596.758,0,0.0
2024-03-14 03:00,612.025,0,0.0
2024-03-14 04:00,687.996,0,0.0
2024-03-14 05:00,796.067,0,0.0
2024-03-14 06:00,876.086,0,0.0
2024-03-14 07:00,968.146,0,0.0
2024-03-14 08:00,958.702,0,0.0
2024-03-14 09:00,912.496,0,0.0
2024-03-14 10:00,858.596,0,0.0
2024-03-14 11:00,813.911,0,0.0
2024-03-14 12:00,775.184,0,0.0
2024-03-14 13:00,802.512,0,0.0
2024-03-14 14:00,811.854,0,0.0
2024-03-14 15:00,910.082,0,0.0
2024-03-14 16:00,959.158,0,0.0
2024-03-14 17:00,1155.376,1,40.9
2024-03-14 18:00,1169.621,1,48.89
2024-03-14 19:00,1112.834,1,24.98
2024-03-14 20:00,969.312,1,25.0
2024-03-14 21:00,918.68,1,25.0
2024-03-14 22:00,827.702,0,0.0
2024-03-14 23:00,746.196,0,0.0
2024-03-15 00:00,667.06,0,0.0
2024-03-15 01:00,633.085,0,0.0
2024-03-15 02:00,588.879,0,0.0
2024-03-15 03:00,623.283,0,0.0
2024-03-15 04:00,677.461,0,0.0
2024-03-15 05:00,733.279,0,0.0
2024-03-15 06:00,776.1,0,0.0
2024-03-15 07:00,843.024,0,0.0
2024-03-15 08:00,913.734,1,24.94
2024-03-15 09:00,941.148,1,25.04
2024-03-15 10:00,935.43,1,24.61
2024-03-15 11:00,859.232,0,0.0
2024-03-15 12:00,851.995,0,0.0
2024-03-15 13:00,902.336,0,0.0
2024-03-15 14:00,883.187,0,0.0
2024-03-15 15:00,943.435,1,25.16
2024-03-15 16:00,1032.187,1,25.43
2024-03-15 17:00,1097.717,1,46.96
2024-03-15 18:00,1063.978,1,33.83
2024-03-15 19:00,1015.145,1,25.17
2024-03-15 20:00,930.193,1,25.71
2024-03-15 21:00,832.346,0,0.0
2024-03-15 22:00,720.111,0,0.0
2024-03-15 23:00,648.393,0,0.0
2024-03-16 00:00,584.291,0,0.0
2024-03-16 01:00,566.827,0,0.0
2024-03-16 02:00,547.389,0,0.0
2024-03-16 03:00,543.433,0,0.0
2024-03-16 04:00,584.608,0,0.0
2024-03-16 05:00,596.113,0,0.0
2024-03-16 06:00,718.969,0,0.0
2024-03-16 07:00,812.229,0,0.0
2024-03-16 08:00,855.579,0,0.0
2024-03-16 09:00,874.287,0,0.0
2024-03-16 10:00,781.271,0,0.0
2024-03-16 11:00,718.034,0,0.0
2024-03-16 12:00,728.186,0,0.0
2024-03-16 13:00,757.893,0,0.0
2024-03-16 14:00,807.732,0,0.0
2024-03-16 15:00,852.792,0,0.0
2024-03-16 16:00,953.567,1,25.61
2024-03-16 17:00,1062.612,1,31.44
2024-03-16 18:00,1115.197,1,47.82
2024-03-16 19:00,1046.292,1,25.81
2024-03-16 20:00,884.442,0,0.0
2024-03-16 21:00,816.641,0,0.0
2024-03-16 22:00,747.095,0,0.0
2024-03-16 23:00,686.557,0,0.0
2024-03-17 00:00,625.714,0,0.0
2024-03-17 01:00,603.62,0,0.0
2024-03-17 02:00,599.922,0,0.0
2024-03-17 03:00,625.842,0,0.0
2024-03-17 04:00,635.846,0,0.0
2024-03-17 05:00,680.982,0,0.0
2024-03-17 06:00,807.104,0,0.0
2024-03-17 07:00,894.64,1,25.19
2024-03-17 08:00,889.849,0,0.0
2024-03-17 09:00,885.118,0,0.0
2024-03-17 10:00,864.081,0,0.0
2024-03-17 11:00,843.713,0,0.0
2024-03-17 12:00,827.479,0,0.0
2024-03-17 13:00,833.897,0,0.0
2024-03-17 14:00,911.97,1,24.58
2024-03-17 15:00,929.643,0,0.0
2024-03-17 16:00,978.543,1,24.97
2024-03-17 17:00,1050.628,1,30.9
2024-03-17 18:00,1120.081,1,48.78
2024-03-17 19:00,1005.318,1,24.46
2024-03-17 20:00,880.128,0,0.0
2024-03-17 21:00,731.128,0,0.0
2024-03-17 22:00,655.487,0,0.0
2024-03-17 23:00,578.039,0,0.0
2024-03-18 00:00,587.616,0,0.0
2024-03-18 01:00,581.543,0,0.0
2024-03-18 02:00,558.096,0,0.0
2024-03-18 03:00,571.873,0,0.0
2024-03-18 04:00,607.634,0,0.0
2024-03-18 05:00,685.142,0,0.0
2024-03-18 06:00,813.388,0,0.0
2024-03-18 07:00,886.449,0,0.0
2024-03-18 08:00,922.383,0,0.0
2024-03-18 09:00,942.592,1,25.23
2024-03-18 10:00,914.22,0,0.0
2024-03-18 11:00,848.169,0,0.0
2024-03-18 12:00,853.705,0,0.0
2024-03-18 13:00,839.597,0,0.0
2024-03-18 14:00,927.417,1,25.37
2024-03-18 15:00,1016.931,1,25.35
2024-03-18 16:00,1097.767,1,30.02
2024-03-18 17:00,1173.353,1,44.43
2024-03-18 18:00,1194.682,1,47.44
2024-03-18 19:00,1155.74,1,40.67
2024-03-18 20:00,1034.012,1,24.61
2024-03-18 21:00,919.818,0,0.0
2024-03-18 22:00,821.773,0,0.0
2024-03-18 23:00,720.703,0,0.0
2024-03-19 00:00,664.273,0,0.0
2024-03-19 01:00,600.131,0,0.0
2024-03-19 02:00,563.886,0,0.0
2024-03-19 03:00,532.839,0,0.0
2024-03-19 04:00,596.87,0,0.0
2024-03-19 05:00,703.476,0,0.0
2024-03-19 06:00,858.001,0,0.0
2024-03-19 07:00,897.5,0,0.0
2024-03-19 08:00,961.499,1,24.83
2024-03-19 09:00,986.341,1,24.84
2024-03-19 10:00,922.086,0,0.0
2024-03-19 11:00,900.268,0,0.0
2024-03-19 12:00,815.88,0,0.0
2024-03-19 13:00,849.184,0,0.0
2024-03-19 14:00,856.672,0,0.0
2024-03-19 15:00,927.364,1,25.96
2024-03-19 16:00,950.933,1,24.87
2024-03-19 17:00,1059.306,1,25.37
2024-03-19 18:00,1147.976,1,49.32
2024-03-19 19:00,1063.01,1,25.66
2024-03-19 20:00,937.556,1,24.75
2024-03-19 21:00,775.012,0,0.0
2024-03-19 22:00,687.189,0,0.0
2024-03-19 23:00,620.624,0,0.0
2024-03-20 00:00,564.91,0,0.0
2024-03-20 01:00,559.42,0,0.0
2024-03-20 02:00,544.577,0,0.0
2024-03-20 03:00,533.005,0,0.0
2024-03-20 04:00,568.006,0,0.0
2024-03-20 05:00,659.591,0,0.0
2024-03-20 06:00,792.69,0,0.0
2024-03-20 07:00,885.419,0,0.0
2024-03-20 08:00,947.666,1,25.57
2024-03-20 09:00,891.152,0,0.0
2024-03-20 10:00,862.489,0,0.0
2024-03-20 11:00,853.839,0,0.0
2024-03-20 12:00,824.612,0,0.0
2024-03-20 13:00,861.658,0,0.0
2024-03-20 14:00,876.373,0,0.0
2024-03-20 15:00,955.036,0,0.0
2024-03-20 16:00,1052.604,1,24.54
2024-03-20 17:00,1013.136,1,24.85
2024-03-20 18:00,1115.551,1,47.43
2024-03-20 19:00,950.487,1,25.38
2024-03-20 20:00,871.579,0,0.0
2024-03-20 21:00,826.358,1,25.0
2024-03-20 22:00,722.532,0,0.0
2024-03-20 23:00,625.037,0,0.0
2024-03-21 00:00,578.964,0,0.0
2024-03-21 01:00,582.866,0,0.0
2024-03-21 02:00,531.941,0,0.0
2024-03-21 03:00,569.508,0,0.0
2024-03-21 04:00,611.089,0,0.0
2024-03-21 05:00,642.4,0,0.0
2024-03-21 06:00,742.43,0,0.0
2024-03-21 07:00,811.126,0,0.0
2024-03-21 08:00,892.416,1,25.33
2024-03-21 09:00,908.378,1,25.34
2024-03-21 10:00,821.355,0,0.0
2024-03-21 11:00,803.993,0,0.0
2024-03-21 12:00,772.869,0,0.0
2024-03-21 13:00,844.505,0,0.0
2024-03-21 14:00,843.532,0,0.0
2024-03-21 15:00,963.499,1,24.52
2024-03-21 16:00,1038.709,1,33.27
2024-03-21 17:00,1069.704,1,41.54
2024-03-21 18:00,1087.835,1,47.48
2024-03-21 19:00,1015.41,1,25.88
2024-03-21 20:00,897.041,1,25.45
2024-03-21 21:00,815.822,0,0.0
2024-03-21 22:00,690.195,0,0.0
2024-03-21 23:00,583.555,0,0.0
2024-03-22 00:00,563.389,0,0.0
2024-03-22 01:00,508.794,0,0.0
2024-03-22 02:00,497.898,0,0.0
2024-03-22 03:00,498.27,0,0.0
2024-03-22 04:00,530.592,0,0.0
2024-03-22 05:00,649.053,0,0.0
2024-03-22 06:00,767.037,0,0.0
2024-03-22 07:00,873.907,1,24.38
2024-03-22 08:00,858.272,1,24.68
2024-03-22 09:00,835.815,1,25.17
2024-03-22 10:00,824.676,1,24.88
2024-03-22 11:00,787.686,0,0.0
2024-03-22 12:00,812.733,0,0.0
2024-03-22 13:00,801.645,0,0.0
2024-03-22 14:00,840.776,1,25.38
2024-03-22 15:00,886.898,1,24.54
2024-03-22 16:00,978.189,1,30.1
2024-03-22 17:00,1036.904,1,41.07
2024-03-22 18:00,1076.494,1,49.14
2024-03-22 19:00,1028.354,1,38.81
2024-03-22 20:00,925.759,1,25.06
2024-03-22 21:00,848.889,1,25.06
2024-03-22 22:00,753.783,0,0.0
2024-03-22 23:00,682.02,0,0.0
2024-03-23 00:00,600.27,0,0.0
2024-03-23 01:00,586.477,0,0.0
2024-03-23 02:00,564.385,0,0.0
2024-03-23 03:00,559.426,0,0.0
2024-03-23 04:00,598.804,0,0.0
2024-03-23 05:00,692.355,0,0.0
2024-03-23 06:00,761.891,0,0.0
2024-03-23 07:00,874.607,1,24.46
2024-03-23 08:00,848.516,0,0.0
2024-03-23 09:00,845.865,0,0.0
2024-03-23 10:00,862.449,1,24.96
2024-03-23 11:00,853.913,0,0.0
2024-03-23 12:00,834.285,0,0.0
2024-03-23 13:00,830.935,0,0.0
2024-03-23 14:00,866.06,1,25.76
2024-03-23 15:00,910.3,1,25.38
2024-03-23 16:00,954.615,1,25.23
2024-03-23 17:00,1018.497,1,34.71
2024-03-23 18:00,1066.918,1,47.74
2024-03-23 19:00,990.312,1,25.97
2024-03-23 20:00,885.562,1,25.17
2024-03-23 21:00,754.962,0,0.0
2024-03-23 22:00,681.701,0,0.0
2024-03-23 23:00,635.872,0,0.0
2024-03-24 00:00,610.686,0,0.0
2024-03-24 01:00,598.005,0,0.0
2024-03-24 02:00,580.019,0,0.0
2024-03-24 03:00,586.207,0,0.0
2024-03-24 04:00,626.365,0,0.0
2024-03-24 05:00,675.638,0,0.0
2024-03-24 06:00,767.695,0,0.0
2024-03-24 07:00,923.208,1,24.65
2024-03-24 08:00,935.024,1,25.01
2024-03-24 09:00,888.362,1,25.36
2024-03-24 10:00,862.388,1,24.78
2024-03-24 11:00,847.062,0,0.0
2024-03-24 12:00,784.523,0,0.0
2024-03-24 13:00,837.567,1,24.59
2024-03-24 14:00,867.981,1,24.9
2024-03-24 15:00,884.623,1,24.62
2024-03-24 16:00,999.726,1,33.24
2024-03-24 17:00,1091.907,1,47.35
2024-03-24 18:00,1073.434,1,45.15
2024-03-24 19:00,1087.538,1,46.3
2024-03-24 20:00,1006.9,1,33.42
2024-03-24 21:00,882.815,1,24.56
2024-03-24 22:00,803.865,0,0.0
2024-03-24 23:00,717.355,0,0.0
2024-03-25 00:00,710.865,0,0.0
2024-03-25 01:00,647.86,0,0.0
2024-03-25 02:00,636.833,0,0.0
2024-03-25 03:00,641.652,0,0.0
2024-03-25 04:00,675.521,0,0.0
2024-03-25 05:00,709.786,0,0.0
2024-03-25 06:00,827.014,0,0.0
2024-03-25 07:00,918.757,0,0.0
2024-03-25 08:00,911.293,0,0.0
2024-03-25 09:00,851.802,0,0.0
2024-03-25 10:00,848.173,0,0.0
2024-03-25 11:00,758.346,0,0.0
2024-03-25 12:00,768.193,0,0.0
2024-03-25 13:00,786.453,0,0.0
2024-03-25 14:00,878.62,0,0.0
2024-03-25 15:00,923.005,0,0.0
2024-03-25 16:00,1028.21,1,24.64
2024-03-25 17:00,1090.45,1,32.94
2024-03-25 18:00,1137.476,1,49.66
2024-03-25 19:00,1113.385,1,39.84
2024-03-25 20:00,999.044,1,24.48
2024-03-25 21:00,918.148,0,0.0
2024-03-25 22:00,769.769,0,0.0
2024-03-25 23:00,703.269,0,0.0
2024-03-26 00:00,686.525,0,0.0
2024-03-26 01:00,657.984,0,0.0
2024-03-26 02:00,673.252,0,0.0
2024-03-26 03:00,645.156,0,0.0
2024-03-26 04:00,647.095,0,0.0
2024-03-26 05:00,679.398,0,0.0
2024-03-26 06:00,813.208,0,0.0
2024-03-26 07:00,924.221,1,25.05
2024-03-26 08:00,963.645,1,24.18
2024-03-26 09:00,905.227,1,25.36
2024-03-26 10:00,896.491,1,24.74
2024-03-26 11:00,839.204,0,0.0
2024-03-26 12:00,861.559,0,0.0
2024-03-26 13:00,966.634,1,24.79
2024-03-26 14:00,1002.763,1,24.38
2024-03-26 15:00,1067.637,1,37.05
2024-03-26 16:00,1114.01,1,46.15
2024-03-26 17:00,1110.534,1,45.45
2024-03-26 18:00,1125.472,1,49.33
2024-03-26 19:00,1033.532,1,28.79
2024-03-26 20:00,904.551,1,25.51
2024-03-26 21:00,872.095,0,0.0
2024-03-26 22:00,771.321,0,0.0
2024-03-26 23:00,706.508,0,0.0
2024-03-27 00:00,660.403,0,0.0
2024-03-27 01:00,619.531,0,0.0
2024-03-27 02:00,622.441,0,0.0
2024-03-27 03:00,619.032,0,0.0
2024-03-27 04:00,667.468,0,0.0
2024-03-27 05:00,717.198,0,0.0
2024-03-27 06:00,820.594,1,24.83
2024-03-27 07:00,870.248,1,24.87
2024-03-27 08:00,848.459,1,25.32
2024-03-27 09:00,840.701,1,25.11
2024-03-27 10:00,823.562,1,25.55
2024-03-27 11:00,778.798,0,0.0
2024-03-27 12:00,777.429,0,0.0
2024-03-27 13:00,810.445,1,24.98
2024-03-27 14:00,788.693,0,0.0
2024-03-27 15:00,830.372,1,25.18
2024-03-27 16:00,937.079,1,26.68
2024-03-27 17:00,1041.013,1,46.92
2024-03-27 18:00,1044.207,1,48.01
2024-03-27 19:00,1018.383,1,43.15
2024-03-27 20:00,980.137,1,34.71
2024-03-27 21:00,897.547,1,25.12
2024-03-27 22:00,779.501,0,0.0
2024-03-27 23:00,691.728,0,0.0
2024-03-28 00:00,641.491,0,0.0
2024-03-28 01:00,618.953,0,0.0
2024-03-28 02:00,605.627,0,0.0
2024-03-28 03:00,619.31,0,0.0
2024-03-28 04:00,658.703,0,0.0
2024-03-28 05:00,734.317,0,0.0
2024-03-28 06:00,849.382,0,0.0
2024-03-28 07:00,966.477,0,0.0
2024-03-28 08:00,1025.264,1,24.5
2024-03-28 09:00,965.109,0,0.0
2024-03-28 10:00,863.198,0,0.0
2024-03-28 11:00,897.07,0,0.0
2024-03-28 12:00,881.006,0,0.0
2024-03-28 13:00,843.236,0,0.0
2024-03-28 14:00,862.733,0,0.0
2024-03-28 15:00,952.031,0,0.0
2024-03-28 16:00,1019.566,1,25.17
2024-03-28 17:00,1078.334,1,25.36
2024-03-28 18:00,1179.358,1,47.68
2024-03-28 19:00,1077.303,1,25.03
2024-03-28 20:00,960.192,0,0.0
2024-03-28 21:00,865.383,0,0.0
2024-03-28 22:00,769.722,0,0.0
2024-03-28 23:00,708.192,0,0.0
2024-03-29 00:00,690.079,0,0.0
2024-03-29 01:00,650.617,0,0.0
2024-03-29 02:00,637.059,0,0.0
2024-03-29 03:00,626.197,0,0.0
2024-03-29 04:00,663.14,0,0.0
2024-03-29 05:00,720.797,0,0.0
2024-03-29 06:00,839.94,0,0.0
2024-03-29 07:00,957.446,0,0.0
2024-03-29 08:00,1007.066,0,0.0
2024-03-29 09:00,978.11,0,0.0
2024-03-29 10:00,904.613,0,0.0
2024-03-29 11:00,885.213,0,0.0
2024-03-29 12:00,862.985,0,0.0
2024-03-29 13:00,886.421,0,0.0
2024-03-29 14:00,992.798,0,0.0
2024-03-29 15:00,1021.457,0,0.0
2024-03-29 16:00,1106.606,1,25.3
2024-03-29 17:00,1216.84,1,36.74
2024-03-29 18:00,1243.991,1,43.53
2024-03-29 19:00,1258.114,1,47.23
2024-03-29 20:00,1110.466,1,24.37
2024-03-29 21:00,978.176,0,0.0
2024-03-29 22:00,818.017,0,0.0
2024-03-29 23:00,723.092,0,0.0
2024-03-30 00:00,645.064,0,0.0
2024-03-30 01:00,622.135,0,0.0
2024-03-30 02:00,603.826,0,0.0
2024-03-30 03:00,623.054,0,0.0
2024-03-30 04:00,650.001,0,0.0
2024-03-30 05:00,691.171,0,0.0
2024-03-30 06:00,869.35,1,25.18
2024-03-30 07:00,961.712,1,24.88
2024-03-30 08:00,959.561,1,24.56
2024-03-30 09:00,907.211,1,24.98
2024-03-30 10:00,836.812,0,0.0
2024-03-30 11:00,846.202,0,0.0
2024-03-30 12:00,813.068,0,0.0
2024-03-30 13:00,832.905,0,0.0
2024-03-30 14:00,864.912,1,24.67
2024-03-30 15:00,940.62,1,24.66
2024-03-30 16:00,979.341,1,24.38
2024-03-30 17:00,1011.302,1,33.85
2024-03-30 18:00,1061.805,1,48.33
2024-03-30 19:00,1035.874,1,40.48
2024-03-30 20:00,957.39,1,25.11
2024-03-30 21:00,823.357,0,0.0
2024-03-30 22:00,737.967,0,0.0
2024-03-30 23:00,647.725,0,0.0
2024-03-31 00:00,603.419,0,0.0
2024-03-31 01:00,553.049,0,0.0
2024-03-31 02:00,568.515,0,0.0
2024-03-31 03:00,581.597,0,0.0
2024-03-31 04:00,628.742,0,0.0
2024-03-31 05:00,708.688,0,0.0
2024-03-31 06:00,888.961,0,0.0
2024-03-31 07:00,916.62,0,0.0
2024-03-31 08:00,920.454,0,0.0
2024-03-31 09:00,878.174,0,0.0
2024-03-31 10:00,816.669,0,0.0
2024-03-31 11:00,772.185,0,0.0
2024-03-31 12:00,755.512,0,0.0
2024-03-31 13:00,746.058,0,0.0
2024-03-31 14:00,802.546,0,0.0
2024-03-31 15:00,864.637,0,0.0
2024-03-31 16:00,957.746,1,24.32
2024-03-31 17:00,1050.635,1,24.62
2024-03-31 18:00,1109.576,1,48.23
2024-03-31 19:00,1037.833,1,25.13
2024-03-31 20:00,1018.049,1,24.88
2024-03-31 21:00,898.101,0,0.0
2024-03-31 22:00,726.408,0,0.0
2024-03-31 23:00,633.199,0,0.0
2024-04-01 00:00,554.045,0,0.0
2024-04-01 01:00,532.527,0,0.0
2024-04-01 02:00,521.73,0,0.0
2024-04-01 03:00,519.324,0,0.0
2024-04-01 04:00,601.254,0,0.0
2024-04-01 05:00,665.362,0,0.0
2024-04-01 06:00,788.454,0,0.0
2024-04-01 07:00,845.384,1,24.71
2024-04-01 08:00,848.842,1,25.16
2024-04-01 09:00,837.392,1,24.87
2024-04-01 10:00,811.475,0,0.0
2024-04-01 11:00,743.736,0,0.0
2024-04-01 12:00,733.216,0,0.0
2024-04-01 13:00,759.714,0,0.0
2024-04-01 14:00,794.746,0,0.0
2024-04-01 15:00,827.497,1,25.23
2024-04-01 16:00,886.649,1,24.5
2024-04-01 17:00,959.165,1,31.43
2024-04-01 18:00,1008.477,1,48.8
2024-04-01 19:00,990.214,1,41.74
2024-04-01 20:00,943.764,1,25.24
2024-04-01 21:00,825.68,1,24.56
2024-04-01 22:00,708.174,1,25.0
2024-04-01 23:00,650.36,0,0.0
2024-04-02 00:00,627.661,0,0.0
2024-04-02 01:00,580.327,0,0.0
2024-04-02 02:00,577.596,0,0.0
2024-04-02 03:00,593.48,0,0.0
2024-04-02 04:00,650.902,0,0.0
2024-04-02 05:00,737.491,0,0.0
2024-04-02 06:00,815.301,1,25.58
2024-04-02 07:00,897.705,1,24.97
2024-04-02 08:00,924.439,1,26.35
2024-04-02 09:00,894.098,1,25.05
2024-04-02 10:00,832.435,1,24.11
2024-04-02 11:00,770.99,0,0.0
2024-04-02 12:00,762.594,0,0.0
2024-04-02 13:00,762.322,0,0.0
2024-04-02 14:00,805.82,1,25.13
2024-04-02 15:00,837.748,1,24.98
2024-04-02 16:00,876.869,1,24.26
2024-04-02 17:00,965.402,1,36.99
2024-04-02 18:00,1016.008,1,47.74
2024-04-02 19:00,995.18,1,42.7
2024-04-02 20:00,983.312,1,41.13
2024-04-02 21:00,870.874,1,25.37
2024-04-02 22:00,764.109,0,0.0
2024-04-02 23:00,657.457,0,0.0
2024-04-03 00:00,592.533,0,0.0
2024-04-03 01:00,593.887,0,0.0
2024-04-03 02:00,554.827,0,0.0
2024-04-03 03:00,535.197,0,0.0
2024-04-03 04:00,572.445,0,0.0
2024-04-03 05:00,625.187,0,0.0
2024-04-03 06:00,707.328,0,0.0
2024-04-03 07:00,789.509,0,0.0
2024-04-03 08:00,869.28,1,24.49
2024-04-03 09:00,828.552,1,24.06
2024-04-03 10:00,759.478,0,0.0
2024-04-03 11:00,780.766,0,0.0
2024-04-03 12:00,781.437,0,0.0
2024-04-03 13:00,782.277,0,0.0
2024-04-03 14:00,773.911,0,0.0
2024-04-03 15:00,811.49,0,0.0
2024-04-03 16:00,888.806,1,25.12
2024-04-03 17:00,1009.518,1,48.22
2024-04-03 18:00,1009.097,1,46.4
2024-04-03 19:00,966.239,1,32.8
2024-04-03 20:00,912.646,1,24.83
2024-04-03 21:00,743.049,0,0.0
2024-04-03 22:00,686.436,0,0.0
2024-04-03 23:00,597.604,0,0.0
2024-04-04 00:00,580.769,0,0.0
2024-04-04 01:00,557.818,0,0.0
2024-04-04 02:00,565.457,0,0.0
2024-04-04 03:00,575.134,0,0.0
2024-04-04 04:00,558.607,0,0.0
2024-04-04 05:00,597.117,0,0.0
2024-04-04 06:00,707.954,0,0.0
2024-04-04 07:00,793.312,0,0.0
2024-04-04 08:00,849.534,0,0.0
2024-04-04 09:00,860.506,1,25.04
2024-04-04 10:00,842.175,0,0.0
2024-04-04 11:00,814.581,0,0.0
2024-04-04 12:00,744.183,0,0.0
2024-04-04 13:00,755.694,0,0.0
2024-04-04 14:00,809.85,0,0.0
2024-04-04 15:00,832.012,0,0.0
2024-04-04 16:00,930.035,1,25.48
2024-04-04 17:00,1036.498,1,38.08
2024-04-04 18:00,1075.386,1,47.48
2024-04-04 19:00,912.216,1,24.72
2024-04-04 20:00,808.837,0,0.0
2024-04-04 21:00,790.26,0,0.0
2024-04-04 22:00,680.57,0,0.0
2024-04-04 23:00,575.118,0,0.0
2024-04-05 00:00,582.666,0,0.0
2024-04-05 01:00,554.575,0,0.0
2024-04-05 02:00,563.276,0,0.0
2024-04-05 03:00,567.983,0,0.0
2024-04-05 04:00,611.36,0,0.0
2024-04-05 05:00,670.171,0,0.0
2024-04-05 06:00,792.284,0,0.0
2024-04-05 07:00,943.103,0,0.0
2024-04-05 08:00,992.572,1,24.92
2024-04-05 09:00,904.418,0,0.0
2024-04-05 10:00,872.061,0,0.0
2024-04-05 11:00,876.717,0,0.0
2024-04-05 12:00,877.963,0,0.0
2024-04-05 13:00,868.643,0,0.0
2024-04-05 14:00,928.476,0,0.0
2024-04-05 15:00,998.33,1,24.6
2024-04-05 16:00,1142.427,1,39.55
2024-04-05 17:00,1163.47,1,46.72
2024-04-05 18:00,1159.364,1,46.01
2024-04-05 19:00,1075.536,1,24.94
2024-04-05 20:00,956.759,0,0.0
2024-04-05 21:00,818.003,0,0.0
2024-04-05 22:00,644.831,0,0.0
2024-04-05 23:00,583.742,0,0.0
2024-04-06 00:00,536.567,0,0.0
2024-04-06 01:00,503.075,0,0.0
2024-04-06 02:00,530.269,0,0.0
2024-04-06 03:00,529.701,0,0.0
2024-04-06 04:00,587.293,0,0.0
2024-04-06 05:00,639.056,0,0.0
2024-04-06 06:00,756.602,0,0.0
2024-04-06 07:00,842.214,0,0.0
2024-04-06 08:00,906.613,0,0.0
2024-04-06 09:00,875.039,0,0.0
2024-04-06 10:00,840.648,0,0.0
2024-04-06 11:00,820.392,0,0.0
2024-04-06 12:00,783.717,0,0.0
2024-04-06 13:00,803.679,0,0.0
2024-04-06 14:00,891.294,0,0.0
2024-04-06 15:00,919.434,0,0.0
2024-04-06 16:00,988.988,1,24.81
2024-04-06 17:00,1087.105,1,32.5
2024-04-06 18:00,1142.038,1,49.01
2024-04-06 19:00,1062.331,1,26.27
2024-04-06 20:00,880.116,0,0.0
2024-04-06 21:00,792.953,0,0.0
2024-04-06 22:00,636.138,0,0.0
2024-04-06 23:00,611.438,0,0.0
2024-04-07 00:00,581.195,0,0.0
2024-04-07 01:00,565.909,0,0.0
2024-04-07 02:00,528.018,0,0.0
2024-04-07 03:00,499.041,0,0.0
2024-04-07 04:00,540.437,0,0.0
2024-04-07 05:00,590.967,0,0.0
2024-04-07 06:00,678.186,0,0.0
2024-04-07 07:00,765.066,0,0.0
2024-04-07 08:00,880.929,1,24.92
2024-04-07 09:00,876.338,1,24.95
2024-04-07 10:00,856.626,1,24.92
2024-04-07 11:00,845.848,1,24.89
2024-04-07 12:00,849.881,1,24.83
2024-04-07 13:00,843.398,1,24.79
2024-04-07 14:00,806.893,1,25.5
2024-04-07 15:00,848.298,1,25.01
2024-04-07 16:00,938.488,1,29.69
2024-04-07 17:00,967.108,1,38.76
2024-04-07 18:00,994.121,1,47.71
2024-04-07 19:00,923.542,1,24.76
2024-04-07 20:00,894.535,1,25.29
2024-04-07 21:00,809.729,1,24.72
2024-04-07 22:00,715.826,0,0.0
2024-04-07 23:00,652.358,0,0.0
2024-04-08 00:00,647.633,0,0.0
2024-04-08 01:00,608.522,0,0.0
2024-04-08 02:00,561.342,0,0.0
2024-04-08 03:00,518.174,0,0.0
2024-04-08 04:00,561.548,0,0.0
2024-04-08 05:00,624.838,0,0.0
2024-04-08 06:00,762.545,0,0.0
2024-04-08 07:00,895.147,1,24.83
2024-04-08 08:00,969.932,1,25.19
2024-04-08 09:00,903.68,1,25.2
2024-04-08 10:00,848.51,0,0.0
2024-04-08 11:00,839.211,0,0.0
2024-04-08 12:00,884.467,1,25.81
2024-04-08 13:00,927.75,1,25.36
2024-04-08 14:00,977.714,1,25.06
2024-04-08 15:00,1000.185,1,27.16
2024-04-08 16:00,1027.797,1,32.28
2024-04-08 17:00,1118.181,1,48.54
2024-04-08 18:00,1098.83,1,43.2
2024-04-08 19:00,1030.74,1,32.33
2024-04-08 20:00,935.366,1,24.83
2024-04-08 21:00,873.836,1,24.94
2024-04-08 22:00,745.165,0,0.0
2024-04-08 23:00,612.617,0,0.0
2024-04-09 00:00,596.106,0,0.0
2024-04-09 01:00,550.585,0,0.0
2024-04-09 02:00,539.308,0,0.0
2024-04-09 03:00,541.21,0,0.0
2024-04-09 04:00,572.804,0,0.0
2024-04-09 05:00,645.438,0,0.0
2024-04-09 06:00,710.045,0,0.0
2024-04-09 07:00,785.77,0,0.0
2024-04-09 08:00,849.406,1,25.2
2024-04-09 09:00,818.334,1,24.99
2024-04-09 10:00,745.255,0,0.0
2024-04-09 11:00,761.64,0,0.0
2024-04-09 12:00,783.459,0,0.0
2024-04-09 13:00,800.167,1,25.13
2024-04-09 14:00,778.1,0,0.0
2024-04-09 15:00,860.396,1,24.84
2024-04-09 16:00,878.047,1,25.25
2024-04-09 17:00,969.127,1,44.49
2024-04-09 18:00,980.418,1,47.35
2024-04-09 19:00,905.726,1,25.57
2024-04-09 20:00,831.085,1,25.31
2024-04-09 21:00,746.936,0,0.0
2024-04-09 22:00,647.13,0,0.0
2024-04-09 23:00,608.607,0,0.0
2024-04-10 00:00,572.644,0,0.0
2024-04-10 01:00,566.344,0,0.0
2024-04-10 02:00,556.509,0,0.0
2024-04-10 03:00,543.357,0,0.0
2024-04-10 04:00,562.356,0,0.0
2024-04-10 05:00,580.936,0,0.0
2024-04-10 06:00,696.546,0,0.0
2024-04-10 07:00,778.183,0,0.0
2024-04-10 08:00,749.444,0,0.0
2024-04-10 09:00,740.354,0,0.0
2024-04-10 10:00,704.271,0,0.0
2024-04-10 11:00,754.275,0,0.0
2024-04-10 12:00,699.76,0,0.0
2024-04-10 13:00,690.715,0,0.0
2024-04-10 14:00,774.617,0,0.0
2024-04-10 15:00,877.665,1,24.7
2024-04-10 16:00,924.101,1,25.03
2024-04-10 17:00,975.679,1,29.76
2024-04-10 18:00,1042.085,1,47.98
2024-04-10 19:00,912.39,1,24.96
2024-04-10 20:00,790.062,0,0.0
2024-04-10 21:00,714.304,0,0.0
2024-04-10 22:00,678.819,0,0.0
2024-04-10 23:00,608.869,0,0.0
2024-04-11 00:00,584.559,0,0.0
2024-04-11 01:00,578.657,0,0.0
2024-04-11 02:00,602.039,0,0.0
2024-04-11 03:00,583.055,0,0.0
2024-04-11 04:00,614.604,0,0.0
2024-04-11 05:00,706.09,0,0.0
2024-04-11 06:00,768.126,0,0.0
2024-04-11 07:00,884.289,1,24.99
2024-04-11 08:00,881.488,1,24.21
2024-04-11 09:00,865.594,1,24.26
2024-04-11 10:00,821.707,1,24.88
2024-04-11 11:00,777.225,0,0.0
2024-04-11 12:00,737.981,0,0.0
2024-04-11 13:00,771.091,0,0.0
2024-04-11 14:00,840.031,1,24.91
2024-04-11 15:00,888.28,1,24.88
2024-04-11 16:00,960.912,1,29.58
2024-04-11 17:00,1051.488,1,48.52
2024-04-11 18:00,1047.103,1,46.7
2024-04-11 19:00,1025.116,1,42.51
2024-04-11 20:00,961.438,1,29.47
2024-04-11 21:00,921.854,1,25.16
2024-04-11 22:00,778.977,0,0.0
2024-04-11 23:00,682.48,0,0.0
2024-04-12 00:00,655.961,0,0.0
2024-04-12 01:00,627.508,0,0.0
2024-04-12 02:00,589.164,0,0.0
2024-04-12 03:00,575.898,0,0.0
2024-04-12 04:00,619.973,0,0.0
2024-04-12 05:00,650.908,0,0.0
2024-04-12 06:00,744.781,0,0.0
2024-04-12 07:00,835.378,1,25.07
2024-04-12 08:00,901.32,1,35.89
2024-04-12 09:00,860.336,1,25.21
2024-04-12 10:00,771.575,1,24.56
2024-04-12 11:00,710.017,0,0.0
2024-04-12 12:00,676.462,0,0.0
2024-04-12 13:00,674.793,0,0.0
2024-04-12 14:00,723.861,0,0.0
2024-04-12 15:00,754.023,1,25.14
2024-04-12 16:00,816.184,1,25.42
2024-04-12 17:00,875.626,1,28.17
2024-04-12 18:00,917.826,1,40.44
2024-04-12 19:00,945.001,1,48.91
2024-04-12 20:00,896.304,1,34.08
2024-04-12 21:00,800.095,1,24.58
2024-04-12 22:00,689.75,0,0.0
2024-04-12 23:00,617.015,0,0.0
2024-04-13 00:00,559.99,0,0.0
2024-04-13 01:00,541.629,0,0.0
2024-04-13 02:00,508.611,0,0.0
2024-04-13 03:00,512.367,0,0.0
2024-04-13 04:00,507.228,0,0.0
2024-04-13 05:00,566.552,0,0.0
2024-04-13 06:00,685.919,0,0.0
2024-04-13 07:00,762.077,0,0.0
2024-04-13 08:00,851.036,0,0.0
2024-04-13 09:00,803.971,0,0.0
2024-04-13 10:00,777.219,0,0.0
2024-04-13 11:00,758.849,0,0.0
2024-04-13 12:00,739.213,0,0.0
2024-04-13 13:00,752.638,0,0.0
2024-04-13 14:00,788.905,0,0.0
2024-04-13 15:00,863.025,0,0.0
2024-04-13 16:00,969.412,1,24.62
2024-04-13 17:00,1027.136,1,31.39
2024-04-13 18:00,1079.798,1,47.93
2024-04-13 19:00,990.009,1,24.69
2024-04-13 20:00,921.906,1,25.4
2024-04-13 21:00,788.783,0,0.0
2024-04-13 22:00,711.196,0,0.0
2024-04-13 23:00,682.74,0,0.0
2024-04-14 00:00,630.635,0,0.0
2024-04-14 01:00,543.556,0,0.0
2024-04-14 02:00,516.759,0,0.0
2024-04-14 03:00,541.045,0,0.0
2024-04-14 04:00,582.748,0,0.0
2024-04-14 05:00,634.734,0,0.0
2024-04-14 06:00,756.99,0,0.0
2024-04-14 07:00,848.234,0,0.0
2024-04-14 08:00,907.411,1,24.93
2024-04-14 09:00,900.011,1,24.84
2024-04-14 10:00,888.008,1,25.02
2024-04-14 11:00,858.201,0,0.0
2024-04-14 12:00,844.932,0,0.0
2024-04-14 13:00,836.154,0,0.0
2024-04-14 14:00,840.807,0,0.0
2024-04-14 15:00,933.431,1,25.36
2024-04-14 16:00,994.937,1,24.86
2024-04-14 17:00,1076.973,1,42.26
2024-04-14 18:00,1097.791,1,47.2
2024-04-14 19:00,1007.881,1,24.85
2024-04-14 20:00,912.289,1,25.75
2024-04-14 21:00,841.194,1,25.0
2024-04-14 22:00,736.063,0,0.0
2024-04-14 23:00,617.694,0,0.0
2024-04-15 00:00,615.218,0,0.0
2024-04-15 01:00,615.452,0,0.0
2024-04-15 02:00,585.868,0,0.0
2024-04-15 03:00,545.841,0,0.0
2024-04-15 04:00,621.905,0,0.0
2024-04-15 05:00,686.81,0,0.0
2024-04-15 06:00,787.952,0,0.0
2024-04-15 07:00,861.357,1,24.97
2024-04-15 08:00,926.153,1,24.77
2024-04-15 09:00,882.169,1,24.88
2024-04-15 10:00,874.734,1,25.84
2024-04-15 11:00,861.998,0,0.0
2024-04-15 12:00,839.783,1,25.56
2024-04-15 13:00,852.74,1,24.35
2024-04-15 14:00,875.524,1,24.94
2024-04-15 15:00,955.873,1,28.08
2024-04-15 16:00,989.212,1,34.91
2024-04-15 17:00,997.227,1,36.72
2024-04-15 18:00,1060.286,1,48.24
2024-04-15 19:00,1031.546,1,42.04
2024-04-15 20:00,955.262,1,27.96
2024-04-15 21:00,854.227,1,25.23
2024-04-15 22:00,731.995,0,0.0
2024-04-15 23:00,675.906,0,0.0
2024-04-16 00:00,633.422,0,0.0
2024-04-16 01:00,583.713,0,0.0
2024-04-16 02:00,558.71,0,0.0
2024-04-16 03:00,598.373,0,0.0
2024-04-16 04:00,592.213,0,0.0
2024-04-16 05:00,656.181,0,0.0
2024-04-16 06:00,716.436,0,0.0
2024-04-16 07:00,803.624,0,0.0
2024-04-16 08:00,830.47,0,0.0
2024-04-16 09:00,759.025,0,0.0
2024-04-16 10:00,756.048,0,0.0
2024-04-16 11:00,740.795,0,0.0
2024-04-16 12:00,678.033,0,0.0
2024-04-16 13:00,736.688,0,0.0
2024-04-16 14:00,823.499,0,0.0
2024-04-16 15:00,924.414,1,25.24
2024-04-16 16:00,1002.585,1,25.32
2024-04-16 17:00,1069.192,1,29.62
2024-04-16 18:00,1147.931,1,48.3
2024-04-16 19:00,1137.176,1,46.02
2024-04-16 20:00,1055.594,1,26.08
2024-04-16 21:00,888.391,0,0.0
2024-04-16 22:00,769.523,0,0.0
2024-04-16 23:00,695.801,0,0.0
2024-04-17 00:00,611.084,0,0.0
2024-04-17 01:00,585.751,0,0.0
2024-04-17 02:00,610.932,0,0.0
2024-04-17 03:00,614.166,0,0.0
2024-04-17 04:00,672.705,0,0.0
2024-04-17 05:00,720.836,0,0.0
2024-04-17 06:00,820.294,0,0.0
2024-04-17 07:00,913.063,1,24.85
2024-04-17 08:00,912.259,1,25.25
2024-04-17 09:00,858.361,0,0.0
2024-04-17 10:00,859.402,0,0.0
2024-04-17 11:00,873.054,0,0.0
2024-04-17 12:00,814.632,0,0.0
2024-04-17 13:00,854.803,0,0.0
2024-04-17 14:00,879.873,0,0.0
2024-04-17 15:00,937.642,1,25.1
2024-04-17 16:00,1017.689,1,25.18
2024-04-17 17:00,1116.705,1,42.82
2024-04-17 18:00,1141.737,1,48.44
2024-04-17 19:00,1122.688,1,43.41
2024-04-17 20:00,1018.017,1,24.69
2024-04-17 21:00,906.084,1,25.14
2024-04-17 22:00,756.23,0,0.0
2024-04-17 23:00,724.876,0,0.0
2024-04-18 00:00,682.441,0,0.0
2024-04-18 01:00,645.839,0,0.0
2024-04-18 02:00,582.734,0,0.0
2024-04-18 03:00,562.412,0,0.0
2024-04-18 04:00,622.715,0,0.0
2024-04-18 05:00,678.581,0,0.0
2024-04-18 06:00,731.61,0,0.0
2024-04-18 07:00,851.179,1,24.65
2024-04-18 08:00,867.721,1,25.34
2024-04-18 09:00,893.764,1,25.43
2024-04-18 10:00,848.313,1,24.82
2024-04-18 11:00,831.298,1,25.22
2024-04-18 12:00,840.874,1,25.11
2024-04-18 13:00,824.304,1,25.15
2024-04-18 14:00,827.177,1,25.31
2024-04-18 15:00,874.998,1,25.2
2024-04-18 16:00,974.639,1,41.68
2024-04-18 17:00,994.913,1,48.6
2024-04-18 18:00,973.151,1,42.0
2024-04-18 19:00,970.438,1,40.14
2024-04-18 20:00,874.353,1,25.0
2024-04-18 21:00,772.392,0,0.0
2024-04-18 22:00,634.925,0,0.0
2024-04-18 23:00,570.882,0,0.0
2024-04-19 00:00,552.771,0,0.0
2024-04-19 01:00,549.974,0,0.0
2024-04-19 02:00,522.89,0,0.0
2024-04-19 03:00,561.889,0,0.0
2024-04-19 04:00,582.275,0,0.0
2024-04-19 05:00,620.539,0,0.0
2024-04-19 06:00,767.079,0,0.0
2024-04-19 07:00,859.367,0,0.0
2024-04-19 08:00,874.462,0,0.0
2024-04-19 09:00,852.227,0,0.0
2024-04-19 10:00,857.072,0,0.0
2024-04-19 11:00,873.825,0,0.0
2024-04-19 12:00,820.049,0,0.0
2024-04-19 13:00,830.91,0,0.0
2024-04-19 14:00,864.63,0,0.0
2024-04-19 15:00,882.99,0,0.0
2024-04-19 16:00,952.002,1,24.74
2024-04-19 17:00,1023.227,1,27.23
2024-04-19 18:00,1101.949,1,48.75
2024-04-19 19:00,1084.473,1,44.03
2024-04-19 20:00,968.676,1,25.56
2024-04-19 21:00,846.107,0,0.0
2024-04-19 22:00,750.888,0,0.0
2024-04-19 23:00,658.817,0,0.0
2024-04-20 00:00,595.72,0,0.0
2024-04-20 01:00,556.501,0,0.0
2024-04-20 02:00,519.299,0,0.0
2024-04-20 03:00,502.853,0,0.0
2024-04-20 04:00,566.951,0,0.0
2024-04-20 05:00,612.014,0,0.0
2024-04-20 06:00,750.958,0,0.0
2024-04-20 07:00,815.163,1,24.36
2024-04-20 08:00,852.525,1,25.1
2024-04-20 09:00,897.416,1,30.57
2024-04-20 10:00,816.262,1,24.37
2024-04-20 11:00,740.93,0,0.0
2024-04-20 12:00,760.727,1,25.01
2024-04-20 13:00,751.825,0,0.0
2024-04-20 14:00,784.681,1,24.73
2024-04-20 15:00,817.294,1,24.97
2024-04-20 16:00,893.879,1,29.98
2024-04-20 17:00,928.522,1,39.12
2024-04-20 18:00,961.283,1,48.86
2024-04-20 19:00,936.013,1,42.66
2024-04-20 20:00,827.373,1,24.88
2024-04-20 21:00,721.714,0,0.0
2024-04-20 22:00,629.316,0,0.0
2024-04-20 23:00,544.715,0,0.0
2024-04-21 00:00,517.524,0,0.0
2024-04-21 01:00,499.966,0,0.0
2024-04-21 02:00,484.831,0,0.0
2024-04-21 03:00,487.203,0,0.0
2024-04-21 04:00,524.635,0,0.0
2024-04-21 05:00,563.629,0,0.0
2024-04-21 06:00,681.376,0,0.0
2024-04-21 07:00,805.284,0,0.0
2024-04-21 08:00,822.362,0,0.0
2024-04-21 09:00,819.43,0,0.0
2024-04-21 10:00,777.026,0,0.0
2024-04-21 11:00,769.309,0,0.0
2024-04-21 12:00,790.717,0,0.0
2024-04-21 13:00,812.288,0,0.0
2024-04-21 14:00,788.039,0,0.0
2024-04-21 15:00,850.717,1,24.48
2024-04-21 16:00,953.946,1,25.19
2024-04-21 17:00,1006.09,1,32.1
2024-04-21 18:00,1068.281,1,47.04
2024-04-21 19:00,981.417,1,27.88
2024-04-21 20:00,846.85,1,25.01
2024-04-21 21:00,758.613,0,0.0
2024-04-21 22:00,622.49,0,0.0
2024-04-21 23:00,564.962,0,0.0
2024-04-22 00:00,603.865,0,0.0
2024-04-22 01:00,532.142,0,0.0
2024-04-22 02:00,498.761,0,0.0
2024-04-22 03:00,489.457,0,0.0
2024-04-22 04:00,532.089,0,0.0
2024-04-22 05:00,582.939,0,0.0
2024-04-22 06:00,727.612,0,0.0
2024-04-22 07:00,845.054,0,0.0
2024-04-22 08:00,894.271,1,24.74
2024-04-22 09:00,877.16,0,0.0
2024-04-22 10:00,849.086,0,0.0
2024-04-22 11:00,801.901,0,0.0
2024-04-22 12:00,808.436,0,0.0
2024-04-22 13:00,791.076,0,0.0
2024-04-22 14:00,852.428,0,0.0
2024-04-22 15:00,940.135,1,25.18
2024-04-22 16:00,1011.504,1,24.74
2024-04-22 17:00,1069.016,1,36.1
2024-04-22 18:00,1113.158,1,48.49
2024-04-22 19:00,948.842,1,25.52
2024-04-22 20:00,887.52,1,25.0
2024-04-22 21:00,789.985,0,0.0
2024-04-22 22:00,692.812,0,0.0
2024-04-22 23:00,645.078,0,0.0
2024-04-23 00:00,608.884,0,0.0
2024-04-23 01:00,551.558,0,0.0
2024-04-23 02:00,536.479,0,0.0
2024-04-23 03:00,541.91,0,0.0
2024-04-23 04:00,581.497,0,0.0
2024-04-23 05:00,638.971,0,0.0
2024-04-23 06:00,771.545,0,0.0
2024-04-23 07:00,825.355,1,25.02
2024-04-23 08:00,867.67,1,25.08
2024-04-23 09:00,890.084,1,24.99
2024-04-23 10:00,798.072,0,0.0
2024-04-23 11:00,790.271,0,0.0
2024-04-23 12:00,759.394,0,0.0
2024-04-23 13:00,770.83,0,0.0
2024-04-23 14:00,784.006,0,0.0
2024-04-23 15:00,838.227,1,25.18
2024-04-23 16:00,976.241,1,38.85
2024-04-23 17:00,998.72,1,48.28
2024-04-23 18:00,994.978,1,46.95
2024-04-23 19:00,912.036,1,24.94
2024-04-23 20:00,906.148,1,24.94
2024-04-23 21:00,793.497,0,0.0
2024-04-23 22:00,695.95,0,0.0
2024-04-23 23:00,622.292,0,0.0
2024-04-24 00:00,572.589,0,0.0
2024-04-24 01:00,541.767,0,0.0
2024-04-24 02:00,579.584,0,0.0
2024-04-24 03:00,603.185,0,0.0
2024-04-24 04:00,614.752,0,0.0
2024-04-24 05:00,679.638,0,0.0
2024-04-24 06:00,761.086,0,0.0
2024-04-24 07:00,795.511,0,0.0
2024-04-24 08:00,867.988,0,0.0
2024-04-24 09:00,886.448,1,24.3
2024-04-24 10:00,875.161,0,0.0
2024-04-24 11:00,833.861,0,0.0
2024-04-24 12:00,805.885,0,0.0
2024-04-24 13:00,841.33,0,0.0
2024-04-24 14:00,882.394,1,25.51
2024-04-24 15:00,916.956,1,24.84
2024-04-24 16:00,929.437,1,24.41
2024-04-24 17:00,1007.296,1,25.22
2024-04-24 18:00,1086.159,1,47.82
2024-04-24 19:00,986.83,1,24.33
2024-04-24 20:00,926.895,1,24.61
2024-04-24 21:00,831.409,0,0.0
2024-04-24 22:00,742.527,0,0.0
2024-04-24 23:00,685.612,0,0.0
2024-04-25 00:00,627.057,0,0.0
2024-04-25 01:00,555.984,0,0.0
2024-04-25 02:00,532.322,0,0.0
2024-04-25 03:00,554.585,0,0.0
2024-04-25 04:00,578.876,0,0.0
2024-04-25 05:00,617.258,0,0.0
2024-04-25 06:00,675.602,0,0.0
2024-04-25 07:00,820.888,0,0.0
2024-04-25 08:00,883.736,0,0.0
2024-04-25 09:00,887.407,0,0.0
2024-04-25 10:00,873.663,0,0.0
2024-04-25 11:00,862.11,0,0.0
2024-04-25 12:00,826.411,0,0.0
2024-04-25 13:00,832.828,0,0.0
2024-04-25 14:00,851.069,0,0.0
2024-04-25 15:00,984.145,1,25.66
2024-04-25 16:00,1062.032,1,24.75
2024-04-25 17:00,1103.082,1,28.58
2024-04-25 18:00,1144.472,1,47.9
2024-04-25 19:00,1038.92,1,24.92
2024-04-25 20:00,993.996,1,25.55
2024-04-25 21:00,851.663,0,0.0
2024-04-25 22:00,750.769,0,0.0
2024-04-25 23:00,696.102,0,0.0
2024-04-26 00:00,658.301,0,0.0
2024-04-26 01:00,614.689,0,0.0
2024-04-26 02:00,589.658,0,0.0
2024-04-26 03:00,583.089,0,0.0
2024-04-26 04:00,602.989,0,0.0
2024-04-26 05:00,644.311,0,0.0
2024-04-26 06:00,788.213,0,0.0
2024-04-26 07:00,869.316,0,0.0
2024-04-26 08:00,875.81,0,0.0
2024-04-26 09:00,842.483,0,0.0
2024-04-26 10:00,842.143,0,0.0
2024-04-26 11:00,839.597,0,0.0
2024-04-26 12:00,830.502,0,0.0
2024-04-26 13:00,833.619,0,0.0
2024-04-26 14:00,881.136,0,0.0
2024-04-26 15:00,908.063,0,0.0
2024-04-26 16:00,967.313,1,24.75
2024-04-26 17:00,1071.506,1,24.88
2024-04-26 18:00,1132.956,1,48.44
2024-04-26 19:00,1030.968,1,24.94
2024-04-26 20:00,911.52,0,0.0
2024-04-26 21:00,813.822,0,0.0
2024-04-26 22:00,754.426,0,0.0
2024-04-26 23:00,631.323,0,0.0
2024-04-27 00:00,569.428,0,0.0
2024-04-27 01:00,511.729,0,0.0
2024-04-27 02:00,489.864,0,0.0
2024-04-27 03:00,489.617,0,0.0
2024-04-27 04:00,518.907,0,0.0
2024-04-27 05:00,561.112,0,0.0
2024-04-27 06:00,662.068,0,0.0
2024-04-27 07:00,733.201,0,0.0
2024-04-27 08:00,732.094,0,0.0
2024-04-27 09:00,755.194,0,0.0
2024-04-27 10:00,753.326,0,0.0
2024-04-27 11:00,762.924,0,0.0
2024-04-27 12:00,705.209,0,0.0
2024-04-27 13:00,735.066,0,0.0
2024-04-27 14:00,789.571,0,0.0
2024-04-27 15:00,808.495,0,0.0
2024-04-27 16:00,877.907,0,0.0
2024-04-27 17:00,942.777,1,24.87
2024-04-27 18:00,1044.297,1,44.99
2024-04-27 19:00,1049.921,1,48.58
2024-04-27 20:00,892.731,1,25.1
2024-04-27 21:00,855.564,0,0.0
2024-04-27 22:00,711.674,0,0.0
2024-04-27 23:00,656.925,0,0.0
2024-04-28 00:00,632.6,0,0.0
2024-04-28 01:00,567.788,0,0.0
2024-04-28 02:00,555.188,0,0.0
2024-04-28 03:00,547.91,0,0.0
2024-04-28 04:00,588.754,0,0.0
2024-04-28 05:00,639.705,0,0.0
2024-04-28 06:00,766.368,0,0.0
2024-04-28 07:00,845.527,0,0.0
2024-04-28 08:00,865.261,1,24.63
2024-04-28 09:00,871.117,1,25.01
2024-04-28 10:00,839.841,0,0.0
2024-04-28 11:00,829.412,0,0.0
2024-04-28 12:00,781.215,0,0.0
2024-04-28 13:00,763.22,0,0.0
2024-04-28 14:00,779.333,0,0.0
2024-04-28 15:00,811.611,0,0.0
2024-04-28 16:00,905.237,1,25.05
2024-04-28 17:00,1003.874,1,37.29
2024-04-28 18:00,1026.036,1,47.82
2024-04-28 19:00,1019.221,1,44.84
2024-04-28 20:00,962.158,1,24.5
2024-04-28 21:00,845.225,0,0.0
2024-04-28 22:00,706.479,0,0.0
2024-04-28 23:00,665.734,0,0.0
2024-04-29 00:00,658.162,0,0.0
2024-04-29 01:00,615.221,0,0.0
2024-04-29 02:00,583.221,0,0.0
2024-04-29 03:00,561.498,0,0.0
2024-04-29 04:00,565.626,0,0.0
2024-04-29 05:00,635.468,0,0.0
2024-04-29 06:00,720.259,0,0.0
2024-04-29 07:00,900.139,1,25.28
2024-04-29 08:00,892.954,1,25.14
2024-04-29 09:00,834.046,1,25.13
2024-04-29 10:00,818.537,1,24.99
2024-04-29 11:00,844.675,1,24.55
2024-04-29 12:00,820.928,1,24.01
2024-04-29 13:00,848.944,1,25.49
2024-04-29 14:00,823.28,1,24.77
2024-04-29 15:00,856.596,1,24.31
2024-04-29 16:00,894.412,1,25.16
2024-04-29 17:00,903.98,1,25.16
2024-04-29 18:00,962.668,1,48.56
2024-04-29 19:00,853.461,1,25.42
2024-04-29 20:00,763.382,0,0.0
2024-04-29 21:00,687.53,0,0.0
2024-04-29 22:00,599.943,0,0.0
2024-04-29 23:00,569.336,0,0.0
2024-04-30 00:00,558.276,0,0.0
2024-04-30 01:00,553.492,0,0.0
2024-04-30 02:00,555.513,0,0.0
2024-04-30 03:00,578.528,0,0.0
2024-04-30 04:00,610.97,0,0.0
2024-04-30 05:00,668.475,0,0.0
2024-04-30 06:00,785.776,1,23.99
2024-04-30 07:00,874.432,1,25.61
2024-04-30 08:00,892.066,1,25.12
2024-04-30 09:00,861.058,1,25.51
2024-04-30 10:00,801.609,1,24.56
2024-04-30 11:00,799.918,1,24.35
2024-04-30 12:00,780.66,0,0.0
2024-04-30 13:00,780.425,0,0.0
2024-04-30 14:00,799.339,1,24.88
2024-04-30 15:00,819.112,1,25.2
2024-04-30 16:00,930.321,1,31.06
2024-04-30 17:00,1006.802,1,47.41
2024-04-30 18:00,1013.278,1,48.16
2024-04-30 19:00,1001.187,1,44.76
2024-04-30 20:00,898.771,1,25.27
2024-04-30 21:00,760.987,0,0.0
2024-04-30 22:00,698.952,0,0.0
2024-04-30 23:00,621.473,0,0.0
2024-05-01 00:00,530.746,0,0.0
2024-05-01 01:00,505.547,0,0.0
2024-05-01 02:00,513.92,0,0.0
2024-05-01 03:00,513.357,0,0.0
2024-05-01 04:00,521.883,0,0.0
2024-05-01 05:00,582.799,0,0.0
2024-05-01 06:00,666.854,0,0.0
2024-05-01 07:00,798.214,0,0.0
2024-05-01 08:00,824.879,1,25.27
2024-05-01 09:00,742.166,0,0.0
2024-05-01 10:00,727.6,0,0.0
2024-05-01 11:00,765.373,0,0.0
2024-05-01 12:00,782.22,0,0.0
2024-05-01 13:00,834.2,1,24.82
2024-05-01 14:00,823.924,1,24.86
2024-05-01 15:00,889.697,1,24.65
2024-05-01 16:00,922.085,1,25.33
2024-05-01 17:00,987.325,1,47.02
2024-05-01 18:00,968.423,1,41.38
2024-05-01 19:00,900.25,1,25.24
2024-05-01 20:00,806.31,1,25.12
2024-05-01 21:00,744.343,0,0.0
2024-05-01 22:00,668.057,0,0.0
2024-05-01 23:00,605.958,0,0.0
2024-05-02 00:00,543.896,0,0.0
2024-05-02 01:00,509.234,0,0.0
2024-05-02 02:00,483.216,0,0.0
2024-05-02 03:00,503.311,0,0.0
2024-05-02 04:00,558.112,0,0.0
2024-05-02 05:00,625.681,0,0.0
2024-05-02 06:00,701.253,0,0.0
2024-05-02 07:00,706.09,0,0.0
2024-05-02 08:00,697.054,0,0.0
2024-05-02 09:00,739.16,0,0.0
2024-05-02 10:00,705.393,0,0.0
2024-05-02 11:00,678.552,0,0.0
2024-05-02 12:00,714.246,0,0.0
2024-05-02 13:00,762.739,0,0.0
2024-05-02 14:00,790.671,0,0.0
2024-05-02 15:00,826.509,0,0.0
2024-05-02 16:00,884.263,1,25.09
2024-05-02 17:00,954.15,1,25.69
2024-05-02 18:00,1037.827,1,48.17
2024-05-02 19:00,988.8,1,25.88
2024-05-02 20:00,914.021,1,24.75
2024-05-02 21:00,829.749,0,0.0
2024-05-02 22:00,684.191,0,0.0
2024-05-02 23:00,627.741,0,0.0
2024-05-03 00:00,581.357,0,0.0
2024-05-03 01:00,497.712,0,0.0
2024-05-03 02:00,449.443,0,0.0
2024-05-03 03:00,441.998,0,0.0
2024-05-03 04:00,492.452,0,0.0
2024-05-03 05:00,547.68,0,0.0
2024-05-03 06:00,649.405,0,0.0
2024-05-03 07:00,783.925,0,0.0
2024-05-03 08:00,777.392,0,0.0
2024-05-03 09:00,764.205,0,0.0
2024-05-03 10:00,743.55,0,0.0
2024-05-03 11:00,709.545,0,0.0
2024-05-03 12:00,698.68,0,0.0
2024-05-03 13:00,676.346,0,0.0
2024-05-03 14:00,753.757,0,0.0
2024-05-03 15:00,783.33,0,0.0
2024-05-03 16:00,912.3,1,24.62
2024-05-03 17:00,970.287,1,24.73
2024-05-03 18:00,1032.091,1,48.0
2024-05-03 19:00,968.971,1,25.1
2024-05-03 20:00,876.842,1,25.21
2024-05-03 21:00,756.854,0,0.0
2024-05-03 22:00,661.454,1,25.0
2024-05-03 23:00,601.92,0,0.0
2024-05-04 00:00,518.683,0,0.0
2024-05-04 01:00,487.639,0,0.0
2024-05-04 02:00,463.624,0,0.0
2024-05-04 03:00,504.758,0,0.0
2024-05-04 04:00,529.646,0,0.0
2024-05-04 05:00,602.082,0,0.0
2024-05-04 06:00,685.052,0,0.0
2024-05-04 07:00,762.708,0,0.0
2024-05-04 08:00,751.435,0,0.0
2024-05-04 09:00,724.219,0,0.0
2024-05-04 10:00,701.242,0,0.0
2024-05-04 11:00,724.704,0,0.0
2024-05-04 12:00,707.629,0,0.0
2024-05-04 13:00,750.203,0,0.0
2024-05-04 14:00,787.137,0,0.0
2024-05-04 15:00,866.418,1,25.11
2024-05-04 16:00,912.455,1,25.22
2024-05-04 17:00,1035.13,1,46.99
2024-05-04 18:00,1026.2,1,45.77
2024-05-04 19:00,932.884,1,24.92
2024-05-04 20:00,808.058,0,0.0
2024-05-04 21:00,771.353,0,0.0
2024-05-04 22:00,679.642,0,0.0
2024-05-04 23:00,596.011,0,0.0
2024-05-05 00:00,579.341,0,0.0
2024-05-05 01:00,548.566,0,0.0
2024-05-05 02:00,555.196,0,0.0
2024-05-05 03:00,515.441,0,0.0
2024-05-05 04:00,535.829,0,0.0
2024-05-05 05:00,568.739,0,0.0
2024-05-05 06:00,613.281,0,0.0
2024-05-05 07:00,717.126,0,0.0
2024-05-05 08:00,739.989,0,0.0
2024-05-05 09:00,745.44,0,0.0
2024-05-05 10:00,770.776,0,0.0
2024-05-05 11:00,733.844,0,0.0
2024-05-05 12:00,699.821,0,0.0
2024-05-05 13:00,713.216,0,0.0
2024-05-05 14:00,764.19,0,0.0
2024-05-05 15:00,787.888,1,25.68
2024-05-05 16:00,826.555,1,24.93
2024-05-05 17:00,918.426,1,33.65
2024-05-05 18:00,954.831,1,48.61
2024-05-05 19:00,838.456,1,24.95
2024-05-05 20:00,736.877,0,0.0
2024-05-05 21:00,699.19,0,0.0
2024-05-05 22:00,619.068,0,0.0
2024-05-05 23:00,542.9,0,0.0
2024-05-06 00:00,544.847,0,0.0
2024-05-06 01:00,515.935,0,0.0
2024-05-06 02:00,514.935,0,0.0
2024-05-06 03:00,489.644,0,0.0
2024-05-06 04:00,508.0,0,0.0
2024-05-06 05:00,564.832,0,0.0
2024-05-06 06:00,658.949,0,0.0
2024-05-06 07:00,755.822,0,0.0
2024-05-06 08:00,754.489,0,0.0
2024-05-06 09:00,756.287,0,0.0
2024-05-06 10:00,757.91,0,0.0
2024-05-06 11:00,752.38,0,0.0
2024-05-06 12:00,735.816,0,0.0
2024-05-06 13:00,745.977,0,0.0
2024-05-06 14:00,753.375,0,0.0
2024-05-06 15:00,800.299,1,24.86
2024-05-06 16:00,903.685,1,31.13
2024-05-06 17:00,959.867,1,48.15
2024-05-06 18:00,958.151,1,46.68
2024-05-06 19:00,897.154,1,29.15
2024-05-06 20:00,829.86,1,25.48
2024-05-06 21:00,728.196,0,0.0
2024-05-06 22:00,649.31,0,0.0
2024-05-06 23:00,597.151,0,0.0
2024-05-07 00:00,580.683,0,0.0
2024-05-07 01:00,569.542,0,0.0
2024-05-07 02:00,562.193,0,0.0
2024-05-07 03:00,535.946,0,0.0
2024-05-07 04:00,547.157,0,0.0
2024-05-07 05:00,592.593,0,0.0
2024-05-07 06:00,676.997,0,0.0
2024-05-07 07:00,726.659,0,0.0
2024-05-07 08:00,751.5,0,0.0
2024-05-07 09:00,731.207,0,0.0
2024-05-07 10:00,692.06,0,0.0
2024-05-07 11:00,678.986,0,0.0
2024-05-07 12:00,702.969,0,0.0
2024-05-07 13:00,725.999,0,0.0
2024-05-07 14:00,824.609,0,0.0
2024-05-07 15:00,869.245,1,24.86
2024-05-07 16:00,917.22,1,25.07
2024-05-07 17:00,975.817,1,25.08
2024-05-07 18:00,1010.587,1,48.47
2024-05-07 19:00,967.974,1,25.2
2024-05-07 20:00,938.255,1,25.54
2024-05-07 21:00,794.677,0,0.0
2024-05-07 22:00,705.393,0,0.0
2024-05-07 23:00,632.164,0,0.0
2024-05-08 00:00,559.925,0,0.0
2024-05-08 01:00,541.503,0,0.0
2024-05-08 02:00,544.737,0,0.0
2024-05-08 03:00,523.005,0,0.0
2024-05-08 04:00,552.809,0,0.0
2024-05-08 05:00,563.67,0,0.0
2024-05-08 06:00,630.108,0,0.0
2024-05-08 07:00,742.142,0,0.0
2024-05-08 08:00,764.038,1,25.22
2024-05-08 09:00,723.985,0,0.0
2024-05-08 10:00,709.955,0,0.0
2024-05-08 11:00,688.058,0,0.0
2024-05-08 12:00,668.943,0,0.0
2024-05-08 13:00,711.304,0,0.0
2024-05-08 14:00,714.975,0,0.0
2024-05-08 15:00,743.19,0,0.0
2024-05-08 16:00,819.342,1,24.48
2024-05-08 17:00,921.414,1,33.66
2024-05-08 18:00,997.789,1,48.68
2024-05-08 19:00,922.481,1,32.25
2024-05-08 20:00,870.561,1,24.42
2024-05-08 21:00,747.052,0,0.0
2024-05-08 22:00,693.394,0,0.0
2024-05-08 23:00,595.662,0,0.0
2024-05-09 00:00,588.088,0,0.0
2024-05-09 01:00,537.068,0,0.0
2024-05-09 02:00,554.488,0,0.0
2024-05-09 03:00,556.797,0,0.0
2024-05-09 04:00,563.195,0,0.0
2024-05-09 05:00,597.711,0,0.0
2024-05-09 06:00,711.364,0,0.0
2024-05-09 07:00,816.644,0,0.0
2024-05-09 08:00,838.685,1,24.85
2024-05-09 09:00,815.426,0,0.0
2024-05-09 10:00,795.709,0,0.0
2024-05-09 11:00,773.627,0,0.0
2024-05-09 12:00,716.983,0,0.0
2024-05-09 13:00,711.834,0,0.0
2024-05-09 14:00,752.741,0,0.0
2024-05-09 15:00,836.288,1,25.23
2024-05-09 16:00,946.416,1,25.68
2024-05-09 17:00,1026.959,1,41.6
2024-05-09 18:00,1054.99,1,46.58
2024-05-09 19:00,1012.715,1,38.6
2024-05-09 20:00,890.861,1,25.11
2024-05-09 21:00,778.316,0,0.0
2024-05-09 22:00,655.284,0,0.0
2024-05-09 23:00,565.094,0,0.0
2024-05-10 00:00,544.998,0,0.0
2024-05-10 01:00,519.216,0,0.0
2024-05-10 02:00,516.687,0,0.0
2024-05-10 03:00,524.994,0,0.0
2024-05-10 04:00,559.302,0,0.0
2024-05-10 05:00,616.452,0,0.0
2024-05-10 06:00,709.509,0,0.0
2024-05-10 07:00,797.856,1,24.98
2024-05-10 08:00,804.4,1,24.95
2024-05-10 09:00,796.738,1,24.77
2024-05-10 10:00,778.658,1,24.7
2024-05-10 11:00,739.426,0,0.0
2024-05-10 12:00,723.238,0,0.0
2024-05-10 13:00,721.925,0,0.0
2024-05-10 14:00,741.031,0,0.0
2024-05-10 15:00,759.66,0,0.0
2024-05-10 16:00,867.934,1,25.35
2024-05-10 17:00,967.318,1,38.74
2024-05-10 18:00,1012.919,1,46.67
2024-05-10 19:00,1019.401,1,48.22
2024-05-10 20:00,909.955,1,28.87
2024-05-10 21:00,875.507,1,25.18
2024-05-10 22:00,738.42,0,0.0
2024-05-10 23:00,657.581,0,0.0
2024-05-11 00:00,566.344,0,0.0
2024-05-11 01:00,533.073,0,0.0
2024-05-11 02:00,523.953,0,0.0
2024-05-11 03:00,513.825,0,0.0
2024-05-11 04:00,570.742,0,0.0
2024-05-11 05:00,613.474,0,0.0
2024-05-11 06:00,706.393,0,0.0
2024-05-11 07:00,752.907,1,25.39
2024-05-11 08:00,788.571,1,24.73
2024-05-11 09:00,762.086,1,24.34
2024-05-11 10:00,710.895,0,0.0
2024-05-11 11:00,675.602,0,0.0
2024-05-11 12:00,725.909,0,0.0
2024-05-11 13:00,725.888,0,0.0
2024-05-11 14:00,713.659,0,0.0
2024-05-11 15:00,740.354,0,0.0
2024-05-11 16:00,801.19,1,24.66
2024-05-11 17:00,880.358,1,32.1
2024-05-11 18:00,928.178,1,48.39
2024-05-11 19:00,900.243,1,39.51
2024-05-11 20:00,799.27,1,24.26
2024-05-11 21:00,716.021,0,0.0
2024-05-11 22:00,603.697,0,0.0
2024-05-11 23:00,534.285,0,0.0
2024-05-12 00:00,491.791,0,0.0
2024-05-12 01:00,448.49,0,0.0
2024-05-12 02:00,460.523,0,0.0
2024-05-12 03:00,475.247,0,0.0
2024-05-12 04:00,522.901,0,0.0
2024-05-12 05:00,566.915,0,0.0
2024-05-12 06:00,673.413,0,0.0
2024-05-12 07:00,701.318,0,0.0
2024-05-12 08:00,756.134,1,24.84
2024-05-12 09:00,743.995,1,25.15
2024-05-12 10:00,727.039,1,24.94
2024-05-12 11:00,716.388,0,0.0
2024-05-12 12:00,672.497,0,0.0
2024-05-12 13:00,651.409,0,0.0
2024-05-12 14:00,668.636,0,0.0
2024-05-12 15:00,734.827,1,24.74
2024-05-12 16:00,817.641,1,26.66
2024-05-12 17:00,835.736,1,42.75
2024-05-12 18:00,841.337,1,46.75
2024-05-12 19:00,790.063,1,25.39
2024-05-12 20:00,724.683,1,25.16
2024-05-12 21:00,619.925,0,0.0
2024-05-12 22:00,523.248,0,0.0
2024-05-12 23:00,470.839,0,0.0
2024-05-13 00:00,490.382,0,0.0
2024-05-13 01:00,451.901,0,0.0
2024-05-13 02:00,448.854,0,0.0
2024-05-13 03:00,478.497,0,0.0
2024-05-13 04:00,489.569,0,0.0
2024-05-13 05:00,538.513,0,0.0
2024-05-13 06:00,660.779,0,0.0
2024-05-13 07:00,731.049,0,0.0
2024-05-13 08:00,751.578,0,0.0
2024-05-13 09:00,775.936,0,0.0
2024-05-13 10:00,736.805,0,0.0
2024-05-13 11:00,751.254,0,0.0
2024-05-13 12:00,742.171,0,0.0
2024-05-13 13:00,744.982,0,0.0
2024-05-13 14:00,787.638,0,0.0
2024-05-13 15:00,841.289,1,24.63
2024-05-13 16:00,932.624,1,28.11
2024-05-13 17:00,971.227,1,40.77
2024-05-13 18:00,999.387,1,47.75
2024-05-13 19:00,943.208,1,32.48
2024-05-13 20:00,879.213,1,25.41
2024-05-13 21:00,747.039,0,0.0
2024-05-13 22:00,674.92,0,0.0
2024-05-13 23:00,614.939,0,0.0
2024-05-14 00:00,551.514,0,0.0
2024-05-14 01:00,543.036,0,0.0
2024-05-14 02:00,563.167,0,0.0
2024-05-14 03:00,571.224,0,0.0
2024-05-14 04:00,621.989,0,0.0
2024-05-14 05:00,662.688,0,0.0
2024-05-14 06:00,714.832,0,0.0
2024-05-14 07:00,742.438,0,0.0
2024-05-14 08:00,784.366,1,25.53
2024-05-14 09:00,754.415,0,0.0
2024-05-14 10:00,703.965,0,0.0
2024-05-14 11:00,695.018,0,0.0
2024-05-14 12:00,701.734,0,0.0
2024-05-14 13:00,682.673,0,0.0
2024-05-14 14:00,709.519,0,0.0
2024-05-14 15:00,806.986,1,24.91
2024-05-14 16:00,838.129,1,25.17
2024-05-14 17:00,934.668,1,44.61
2024-05-14 18:00,950.538,1,48.69
2024-05-14 19:00,924.724,1,40.22
2024-05-14 20:00,876.96,1,24.73
2024-05-14 21:00,791.604,1,25.07
2024-05-14 22:00,704.338,0,0.0
2024-05-14 23:00,603.394,0,0.0
2024-05-15 00:00,589.902,0,0.0
2024-05-15 01:00,534.866,0,0.0
2024-05-15 02:00,521.508,0,0.0
2024-05-15 03:00,523.821,0,0.0
2024-05-15 04:00,562.868,0,0.0
2024-05-15 05:00,615.111,0,0.0
2024-05-15 06:00,689.06,0,0.0
2024-05-15 07:00,732.051,0,0.0
2024-05-15 08:00,792.669,0,0.0
2024-05-15 09:00,782.297,0,0.0
2024-05-15 10:00,779.88,0,0.0
2024-05-15 11:00,756.405,0,0.0
2024-05-15 12:00,700.371,0,0.0
2024-05-15 13:00,743.454,0,0.0
2024-05-15 14:00,763.623,0,0.0
2024-05-15 15:00,820.978,1,24.01
2024-05-15 16:00,863.597,1,24.91
2024-05-15 17:00,982.502,1,47.01
2024-05-15 18:00,977.79,1,45.91
2024-05-15 19:00,917.463,1,25.57
2024-05-15 20:00,842.323,1,24.1
2024-05-15 21:00,718.461,0,0.0
2024-05-15 22:00,638.815,0,0.0
2024-05-15 23:00,611.81,0,0.0
2024-05-16 00:00,565.184,0,0.0
2024-05-16 01:00,538.673,0,0.0
2024-05-16 02:00,470.949,0,0.0
2024-05-16 03:00,477.071,0,0.0
2024-05-16 04:00,507.035,0,0.0
2024-05-16 05:00,541.496,0,0.0
2024-05-16 06:00,664.979,0,0.0
2024-05-16 07:00,737.351,0,0.0
2024-05-16 08:00,767.985,1,24.38
2024-05-16 09:00,747.108,0,0.0
2024-05-16 10:00,672.003,0,0.0
2024-05-16 11:00,641.995,0,0.0
2024-05-16 12:00,667.852,0,0.0
2024-05-16 13:00,637.45,0,0.0
2024-05-16 14:00,662.343,0,0.0
2024-05-16 15:00,711.687,0,0.0
2024-05-16 16:00,840.136,1,25.52
2024-05-16 17:00,933.112,1,43.22
2024-05-16 18:00,946.76,1,47.42
2024-05-16 19:00,946.268,1,47.34
2024-05-16 20:00,838.896,1,25.5
2024-05-16 21:00,770.93,1,24.64
2024-05-16 22:00,637.8,0,0.0
2024-05-16 23:00,599.967,0,0.0
2024-05-17 00:00,557.641,0,0.0
2024-05-17 01:00,506.696,0,0.0
2024-05-17 02:00,490.619,0,0.0
2024-05-17 03:00,498.832,0,0.0
2024-05-17 04:00,522.556,0,0.0
2024-05-17 05:00,583.607,0,0.0
2024-05-17 06:00,665.279,0,0.0
2024-05-17 07:00,762.912,0,0.0
2024-05-17 08:00,807.062,0,0.0
2024-05-17 09:00,787.134,0,0.0
2024-05-17 10:00,742.077,0,0.0
2024-05-17 11:00,731.09,0,0.0
2024-05-17 12:00,729.034,0,0.0
2024-05-17 13:00,795.528,0,0.0
2024-05-17 14:00,843.168,0,0.0
2024-05-17 15:00,908.275,0,0.0
2024-05-17 16:00,1055.147,1,25.38
2024-05-17 17:00,1113.948,1,40.34
2024-05-17 18:00,1135.438,1,48.53
2024-05-17 19:00,1073.993,1,30.11
2024-05-17 20:00,926.683,1,24.73
2024-05-17 21:00,796.762,0,0.0
2024-05-17 22:00,675.734,0,0.0
2024-05-17 23:00,619.274,0,0.0
2024-05-18 00:00,542.507,0,0.0
2024-05-18 01:00,510.602,0,0.0
2024-05-18 02:00,510.301,0,0.0
2024-05-18 03:00,518.986,0,0.0
2024-05-18 04:00,540.762,0,0.0
2024-05-18 05:00,569.124,0,0.0
2024-05-18 06:00,683.581,0,0.0
2024-05-18 07:00,774.283,1,24.61
2024-05-18 08:00,753.87,1,24.78
2024-05-18 09:00,729.609,0,0.0
2024-05-18 10:00,704.375,0,0.0
2024-05-18 11:00,707.795,0,0.0
2024-05-18 12:00,710.264,0,0.0
2024-05-18 13:00,725.946,0,0.0
2024-05-18 14:00,764.988,1,25.49
2024-05-18 15:00,805.414,1,25.07
2024-05-18 16:00,840.819,1,25.75
2024-05-18 17:00,890.281,1,36.85
2024-05-18 18:00,919.493,1,48.5
2024-05-18 19:00,871.89,1,30.57
2024-05-18 20:00,743.626,0,0.0
2024-05-18 21:00,657.415,0,0.0
2024-05-18 22:00,581.771,0,0.0
2024-05-18 23:00,524.606,0,0.0
2024-05-19 00:00,496.567,0,0.0
2024-05-19 01:00,481.122,0,0.0
2024-05-19 02:00,450.594,0,0.0
2024-05-19 03:00,428.325,0,0.0
2024-05-19 04:00,458.456,0,0.0
2024-05-19 05:00,523.437,0,0.0
2024-05-19 06:00,652.465,0,0.0
2024-05-19 07:00,746.008,1,25.01
2024-05-19 08:00,733.328,1,25.02
2024-05-19 09:00,715.172,1,24.71
2024-05-19 10:00,695.26,0,0.0
2024-05-19 11:00,686.012,0,0.0
2024-05-19 12:00,684.061,0,0.0
2024-05-19 13:00,675.083,0,0.0
2024-05-19 14:00,708.403,1,24.73
2024-05-19 15:00,765.617,1,25.01
2024-05-19 16:00,848.769,1,34.76
2024-05-19 17:00,880.47,1,43.33
2024-05-19 18:00,899.556,1,48.24
2024-05-19 19:00,775.361,1,25.36
2024-05-19 20:00,706.343,1,25.5
2024-05-19 21:00,627.184,0,0.0
2024-05-19 22:00,537.072,0,0.0
2024-05-19 23:00,500.181,0,0.0
2024-05-20 00:00,511.825,0,0.0
2024-05-20 01:00,448.671,0,0.0
2024-05-20 02:00,452.185,0,0.0
2024-05-20 03:00,445.846,0,0.0
2024-05-20 04:00,494.943,0,0.0
2024-05-20 05:00,521.165,0,0.0
2024-05-20 06:00,620.443,0,0.0
2024-05-20 07:00,697.736,0,0.0
2024-05-20 08:00,747.52,1,25.01
2024-05-20 09:00,744.348,1,25.26
2024-05-20 10:00,713.295,1,25.19
2024-05-20 11:00,664.784,0,0.0
2024-05-20 12:00,625.071,0,0.0
2024-05-20 13:00,640.656,0,0.0
2024-05-20 14:00,685.336,0,0.0
2024-05-20 15:00,725.8,1,25.34
2024-05-20 16:00,818.384,1,26.04
2024-05-20 17:00,879.574,1,44.71
2024-05-20 18:00,887.526,1,48.2
2024-05-20 19:00,849.002,1,35.61
2024-05-20 20:00,794.516,1,24.84
2024-05-20 21:00,720.763,1,24.58
2024-05-20 22:00,675.778,0,0.0
2024-05-20 23:00,592.198,0,0.0
2024-05-21 00:00,558.095,0,0.0
2024-05-21 01:00,533.76,0,0.0
2024-05-21 02:00,515.589,0,0.0
2024-05-21 03:00,505.453,0,0.0
2024-05-21 04:00,508.372,0,0.0
2024-05-21 05:00,549.025,0,0.0
2024-05-21 06:00,620.58,0,0.0
2024-05-21 07:00,659.304,0,0.0
2024-05-21 08:00,684.118,0,0.0
2024-05-21 09:00,661.445,0,0.0
2024-05-21 10:00,670.033,0,0.0
2024-05-21 11:00,684.779,0,0.0
2024-05-21 12:00,655.468,0,0.0
2024-05-21 13:00,674.421,0,0.0
2024-05-21 14:00,664.81,0,0.0
2024-05-21 15:00,711.15,0,0.0
2024-05-21 16:00,798.505,1,25.0
2024-05-21 17:00,898.341,1,42.63
2024-05-21 18:00,911.99,1,49.06
2024-05-21 19:00,911.004,1,47.77
2024-05-21 20:00,789.608,1,24.7
2024-05-21 21:00,676.063,0,0.0
2024-05-21 22:00,617.137,0,0.0
2024-05-21 23:00,596.987,0,0.0
2024-05-22 00:00,572.851,0,0.0
2024-05-22 01:00,536.603,0,0.0
2024-05-22 02:00,479.174,0,0.0
2024-05-22 03:00,448.492,0,0.0
2024-05-22 04:00,490.507,0,0.0
2024-05-22 05:00,536.228,0,0.0
2024-05-22 06:00,607.617,0,0.0
2024-05-22 07:00,695.31,0,0.0
2024-05-22 08:00,740.217,0,0.0
2024-05-22 09:00,760.833,0,0.0
2024-05-22 10:00,736.508,0,0.0
2024-05-22 11:00,754.187,0,0.0
2024-05-22 12:00,733.982,0,0.0
2024-05-22 13:00,743.942,0,0.0
2024-05-22 14:00,802.364,0,0.0
2024-05-22 15:00,817.255,0,0.0
2024-05-22 16:00,966.267,1,24.58
2024-05-22 17:00,1031.146,1,35.99
2024-05-22 18:00,1061.716,1,48.42
2024-05-22 19:00,1010.738,1,28.61
2024-05-22 20:00,964.412,1,24.79
2024-05-22 21:00,856.536,0,0.0
2024-05-22 22:00,693.419,0,0.0
2024-05-22 23:00,647.924,0,0.0
2024-05-23 00:00,596.111,0,0.0
2024-05-23 01:00,557.295,0,0.0
2024-05-23 02:00,511.938,0,0.0
2024-05-23 03:00,520.746,0,0.0
2024-05-23 04:00,538.685,0,0.0
2024-05-23 05:00,588.655,0,0.0
2024-05-23 06:00,677.242,0,0.0
2024-05-23 07:00,808.714,1,24.64
2024-05-23 08:00,889.036,1,24.66
2024-05-23 09:00,855.939,1,24.88
2024-05-23 10:00,809.412,1,25.04
2024-05-23 11:00,771.691,0,0.0
2024-05-23 12:00,775.52,0,0.0
2024-05-23 13:00,773.292,0,0.0
2024-05-23 14:00,787.793,0,0.0
2024-05-23 15:00,860.104,1,25.69
2024-05-23 16:00,901.538,1,24.87
2024-05-23 17:00,960.647,1,47.52
2024-05-23 18:00,935.338,1,34.89
2024-05-23 19:00,917.986,1,26.55
2024-05-23 20:00,896.791,1,24.8
2024-05-23 21:00,805.5,1,24.36
2024-05-23 22:00,726.888,0,0.0
2024-05-23 23:00,626.371,0,0.0
2024-05-24 00:00,590.636,0,0.0
2024-05-24 01:00,533.772,0,0.0
2024-05-24 02:00,511.96,0,0.0
2024-05-24 03:00,525.144,0,0.0
2024-05-24 04:00,556.768,0,0.0
2024-05-24 05:00,573.642,0,0.0
2024-05-24 06:00,638.265,0,0.0
2024-05-24 07:00,684.72,0,0.0
2024-05-24 08:00,741.642,0,0.0
2024-05-24 09:00,792.505,1,25.75
2024-05-24 10:00,793.482,1,24.97
2024-05-24 11:00,719.93,0,0.0
2024-05-24 12:00,741.889,0,0.0
2024-05-24 13:00,777.494,0,0.0
2024-05-24 14:00,761.364,0,0.0
2024-05-24 15:00,800.698,1,25.13
2024-05-24 16:00,899.013,1,24.55
2024-05-24 17:00,977.738,1,48.09
2024-05-24 18:00,959.069,1,42.28
2024-05-24 19:00,933.471,1,34.18
2024-05-24 20:00,788.103,0,0.0
2024-05-24 21:00,701.773,0,0.0
2024-05-24 22:00,645.301,0,0.0
2024-05-24 23:00,583.797,0,0.0
2024-05-25 00:00,510.693,0,0.0
2024-05-25 01:00,498.973,0,0.0
2024-05-25 02:00,499.167,0,0.0
2024-05-25 03:00,517.337,0,0.0
2024-05-25 04:00,557.752,0,0.0
2024-05-25 05:00,618.185,0,0.0
2024-05-25 06:00,721.284,0,0.0
2024-05-25 07:00,796.029,1,25.04
2024-05-25 08:00,816.799,1,25.41
2024-05-25 09:00,782.124,0,0.0
2024-05-25 10:00,711.802,0,0.0
2024-05-25 11:00,672.026,0,0.0
2024-05-25 12:00,653.508,0,0.0
2024-05-25 13:00,677.35,0,0.0
2024-05-25 14:00,744.891,0,0.0
2024-05-25 15:00,785.078,1,25.66
2024-05-25 16:00,871.095,1,25.08
2024-05-25 17:00,958.288,1,42.58
2024-05-25 18:00,969.158,1,49.21
2024-05-25 19:00,929.708,1,34.84
2024-05-25 20:00,832.476,1,24.85
2024-05-25 21:00,764.303,0,0.0
2024-05-25 22:00,670.662,0,0.0
2024-05-25 23:00,572.79,0,0.0
2024-05-26 00:00,541.418,0,0.0
2024-05-26 01:00,535.826,0,0.0
2024-05-26 02:00,509.119,0,0.0
2024-05-26 03:00,511.063,0,0.0
2024-05-26 04:00,546.444,0,0.0
2024-05-26 05:00,567.099,0,0.0
2024-05-26 06:00,667.602,0,0.0
2024-05-26 07:00,705.226,0,0.0
2024-05-26 08:00,720.533,0,0.0
2024-05-26 09:00,738.42,0,0.0
2024-05-26 10:00,716.007,0,0.0
2024-05-26 11:00,691.062,0,0.0
2024-05-26 12:00,685.927,0,0.0
2024-05-26 13:00,697.268,0,0.0
2024-05-26 14:00,726.071,0,0.0
2024-05-26 15:00,787.319,1,24.13
2024-05-26 16:00,823.278,1,24.54
2024-05-26 17:00,884.16,1,40.25
2024-05-26 18:00,903.733,1,47.93
2024-05-26 19:00,812.546,1,24.84
2024-05-26 20:00,725.917,0,0.0
2024-05-26 21:00,692.867,0,0.0
2024-05-26 22:00,614.176,0,0.0
2024-05-26 23:00,528.414,0,0.0
2024-05-27 00:00,506.209,0,0.0
2024-05-27 01:00,483.76,0,0.0
2024-05-27 02:00,504.05,0,0.0
2024-05-27 03:00,501.581,0,0.0
2024-05-27 04:00,559.043,0,0.0
2024-05-27 05:00,612.006,0,0.0
2024-05-27 06:00,717.57,0,0.0
2024-05-27 07:00,758.525,0,0.0
2024-05-27 08:00,817.097,1,24.46
2024-05-27 09:00,787.726,0,0.0
2024-05-27 10:00,776.662,0,0.0
2024-05-27 11:00,734.125,0,0.0
2024-05-27 12:00,722.122,0,0.0
2024-05-27 13:00,745.964,0,0.0
2024-05-27 14:00,771.55,0,0.0
2024-05-27 15:00,829.659,1,25.31
2024-05-27 16:00,882.938,1,25.4
2024-05-27 17:00,924.215,1,27.19
2024-05-27 18:00,1012.633,1,47.34
2024-05-27 19:00,989.378,1,42.61
2024-05-27 20:00,870.598,1,25.19
2024-05-27 21:00,782.458,0,0.0
2024-05-27 22:00,660.106,0,0.0
2024-05-27 23:00,569.98,0,0.0
2024-05-28 00:00,562.428,0,0.0
2024-05-28 01:00,497.99,0,0.0
2024-05-28 02:00,504.069,0,0.0
2024-05-28 03:00,500.421,0,0.0
2024-05-28 04:00,529.299,0,0.0
2024-05-28 05:00,586.655,0,0.0
2024-05-28 06:00,696.043,0,0.0
2024-05-28 07:00,752.427,0,0.0
2024-05-28 08:00,805.772,0,0.0
2024-05-28 09:00,790.85,0,0.0
2024-05-28 10:00,723.691,0,0.0
2024-05-28 11:00,708.106,0,0.0
2024-05-28 12:00,731.408,0,0.0
2024-05-28 13:00,787.657,0,0.0
2024-05-28 14:00,830.501,1,25.03
2024-05-28 15:00,835.754,1,24.63
2024-05-28 16:00,911.499,1,24.98
2024-05-28 17:00,998.586,1,36.77
2024-05-28 18:00,1045.819,1,48.48
2024-05-28 19:00,1006.731,1,38.83
2024-05-28 20:00,916.757,1,24.96
2024-05-28 21:00,799.261,0,0.0
2024-05-28 22:00,675.19,1,25.0
2024-05-28 23:00,566.456,0,0.0
2024-05-29 00:00,546.174,0,0.0
2024-05-29 01:00,520.135,0,0.0
2024-05-29 02:00,515.101,0,0.0
2024-05-29 03:00,490.149,0,0.0
2024-05-29 04:00,536.557,0,0.0
2024-05-29 05:00,626.999,0,0.0
2024-05-29 06:00,722.459,0,0.0
2024-05-29 07:00,797.033,0,0.0
2024-05-29 08:00,832.5,0,0.0
2024-05-29 09:00,864.657,1,24.75
2024-05-29 10:00,787.822,0,0.0
2024-05-29 11:00,769.125,0,0.0
2024-05-29 12:00,725.739,0,0.0
2024-05-29 13:00,725.982,0,0.0
2024-05-29 14:00,757.242,0,0.0
2024-05-29 15:00,843.951,1,24.63
2024-05-29 16:00,958.856,1,24.75
2024-05-29 17:00,1027.02,1,40.72
2024-05-29 18:00,1032.505,1,42.91
2024-05-29 19:00,1051.474,1,48.77
2024-05-29 20:00,926.958,1,25.09
2024-05-29 21:00,793.634,0,0.0
2024-05-29 22:00,644.547,0,0.0
2024-05-29 23:00,611.608,0,0.0
2024-05-30 00:00,593.44,0,0.0
2024-05-30 01:00,597.665,0,0.0
2024-05-30 02:00,542.074,0,0.0
2024-05-30 03:00,562.054,0,0.0
2024-05-30 04:00,588.327,0,0.0
2024-05-30 05:00,647.489,0,0.0
2024-05-30 06:00,700.677,0,0.0
2024-05-30 07:00,817.959,1,25.45
2024-05-30 08:00,863.661,1,24.1
2024-05-30 09:00,833.217,1,25.64
2024-05-30 10:00,806.741,1,24.39
2024-05-30 11:00,759.511,0,0.0
2024-05-30 12:00,723.541,0,0.0
2024-05-30 13:00,726.279,0,0.0
2024-05-30 14:00,709.33,0,0.0
2024-05-30 15:00,788.427,1,25.34
2024-05-30 16:00,891.102,1,30.03
2024-05-30 17:00,929.679,1,38.3
2024-05-30 18:00,974.584,1,47.78
2024-05-30 19:00,917.284,1,35.62
2024-05-30 20:00,848.702,1,24.29
2024-05-30 21:00,735.252,0,0.0
2024-05-30 22:00,623.127,0,0.0
2024-05-30 23:00,588.673,0,0.0
2024-05-31 00:00,555.547,0,0.0
2024-05-31 01:00,561.101,0,0.0
2024-05-31 02:00,538.571,0,0.0
2024-05-31 03:00,516.722,0,0.0
2024-05-31 04:00,570.719,0,0.0
2024-05-31 05:00,628.167,0,0.0
2024-05-31 06:00,739.089,0,0.0
2024-05-31 07:00,845.707,1,25.69
2024-05-31 08:00,847.313,1,25.03
2024-05-31 09:00,817.671,1,24.62
2024-05-31 10:00,773.155,0,0.0
2024-05-31 11:00,719.11,0,0.0
2024-05-31 12:00,699.043,0,0.0
2024-05-31 13:00,751.818,0,0.0
2024-05-31 14:00,787.013,1,24.69
2024-05-31 15:00,793.446,1,24.81
2024-05-31 16:00,811.447,1,25.18
2024-05-31 17:00,937.301,1,37.85
2024-05-31 18:00,966.16,1,48.71
2024-05-31 19:00,898.39,1,24.63
2024-05-31 20:00,816.78,1,24.63
2024-05-31 21:00,689.814,0,0.0
2024-05-31 22:00,643.252,0,0.0
2024-05-31 23:00,573.809,0,0.0
2024-06-01 00:00,531.287,0,0.0
2024-06-01 01:00,501.019,0,0.0
2024-06-01 02:00,508.381,0,0.0
2024-06-01 03:00,491.753,0,0.0
2024-06-01 04:00,515.157,0,0.0
2024-06-01 05:00,565.773,0,0.0
2024-06-01 06:00,645.064,0,0.0
2024-06-01 07:00,733.41,0,0.0
2024-06-01 08:00,791.307,1,25.09
2024-06-01 09:00,878.904,1,33.32
2024-06-01 10:00,866.592,1,28.45
2024-06-01 11:00,871.372,1,29.79
2024-06-01 12:00,877.979,1,33.08
2024-06-01 13:00,897.369,1,42.61
2024-06-01 14:00,890.82,1,39.12
2024-06-01 15:00,910.403,1,47.94
2024-06-01 16:00,885.498,1,36.25
2024-06-01 17:00,807.173,1,24.87
2024-06-01 18:00,772.415,1,25.17
2024-06-01 19:00,693.707,1,25.0
2024-06-01 20:00,607.587,0,0.0
2024-06-01 21:00,573.742,0,0.0
2024-06-01 22:00,541.551,0,0.0
2024-06-01 23:00,516.941,0,0.0
2024-06-02 00:00,516.058,0,0.0
2024-06-02 01:00,455.243,0,0.0
2024-06-02 02:00,425.517,0,0.0
2024-06-02 03:00,453.51,0,0.0
2024-06-02 04:00,451.248,0,0.0
2024-06-02 05:00,506.784,0,0.0
2024-06-02 06:00,563.245,0,0.0
2024-06-02 07:00,650.437,0,0.0
2024-06-02 08:00,705.803,0,0.0
2024-06-02 09:00,767.743,1,25.18
2024-06-02 10:00,801.789,1,25.2
2024-06-02 11:00,804.259,1,24.93
2024-06-02 12:00,790.761,1,25.44
2024-06-02 13:00,820.641,1,24.99
2024-06-02 14:00,803.123,1,25.1
2024-06-02 15:00,840.805,1,28.04
2024-06-02 16:00,914.091,1,47.16
2024-06-02 17:00,915.9,1,48.27
2024-06-02 18:00,876.871,1,38.49
2024-06-02 19:00,799.658,1,25.35
2024-06-02 20:00,683.012,0,0.0
2024-06-02 21:00,598.43,0,0.0
2024-06-02 22:00,575.934,0,0.0
2024-06-02 23:00,518.607,0,0.0
2024-06-03 00:00,526.035,0,0.0
2024-06-03 01:00,498.664,0,0.0
2024-06-03 02:00,469.407,0,0.0
2024-06-03 03:00,440.827,0,0.0
2024-06-03 04:00,462.511,0,0.0
2024-06-03 05:00,494.56,0,0.0
2024-06-03 06:00,556.527,0,0.0
2024-06-03 07:00,630.468,0,0.0
2024-06-03 08:00,727.049,0,0.0
2024-06-03 09:00,772.999,1,25.38
2024-06-03 10:00,806.296,1,24.87
2024-06-03 11:00,848.749,1,25.29
2024-06-03 12:00,863.875,1,25.18
2024-06-03 13:00,874.568,1,25.5
2024-06-03 14:00,909.967,1,34.39
2024-06-03 15:00,948.675,1,46.77
2024-06-03 16:00,926.711,1,40.26
2024-06-03 17:00,898.445,1,30.42
2024-06-03 18:00,829.217,1,25.2
2024-06-03 19:00,750.318,0,0.0
2024-06-03 20:00,719.54,0,0.0
2024-06-03 21:00,672.679,0,0.0
2024-06-03 22:00,621.979,0,0.0
2024-06-03 23:00,579.931,0,0.0
2024-06-04 00:00,562.918,0,0.0
2024-06-04 01:00,542.97,0,0.0
2024-06-04 02:00,540.028,0,0.0
2024-06-04 03:00,533.739,0,0.0
2024-06-04 04:00,540.118,0,0.0
2024-06-04 05:00,607.674,0,0.0
2024-06-04 06:00,682.999,0,0.0
2024-06-04 07:00,784.291,0,0.0
2024-06-04 08:00,859.697,1,24.78
2024-06-04 09:00,901.887,1,24.84
2024-06-04 10:00,898.946,1,24.87
2024-06-04 11:00,929.236,1,25.59
2024-06-04 12:00,1024.246,1,47.78
2024-06-04 13:00,1005.199,1,42.09
2024-06-04 14:00,1005.956,1,43.77
2024-06-04 15:00,992.129,1,40.15
2024-06-04 16:00,950.781,1,29.92
2024-06-04 17:00,963.24,1,33.51
2024-06-04 18:00,882.919,1,24.86
2024-06-04 19:00,801.924,0,0.0
2024-06-04 20:00,698.586,0,0.0
2024-06-04 21:00,628.745,0,0.0
2024-06-04 22:00,543.002,0,0.0
2024-06-04 23:00,526.847,0,0.0
2024-06-05 00:00,573.538,0,0.0
2024-06-05 01:00,531.85,0,0.0
2024-06-05 02:00,485.145,0,0.0
2024-06-05 03:00,489.867,0,0.0
2024-06-05 04:00,491.977,0,0.0
2024-06-05 05:00,563.028,0,0.0
2024-06-05 06:00,630.287,0,0.0
2024-06-05 07:00,703.322,1,24.32
2024-06-05 08:00,773.701,1,24.87
2024-06-05 09:00,842.26,1,36.03
2024-06-05 10:00,863.644,1,42.0
2024-06-05 11:00,863.014,1,41.21
2024-06-05 12:00,873.998,1,44.79
2024-06-05 13:00,851.474,1,38.97
2024-06-05 14:00,888.351,1,47.11
2024-06-05 15:00,850.2,1,38.35
2024-06-05 16:00,837.662,1,35.88
2024-06-05 17:00,848.969,1,38.99
2024-06-05 18:00,822.846,1,31.48
2024-06-05 19:00,785.47,1,24.59
2024-06-05 20:00,724.924,1,25.74
2024-06-05 21:00,693.702,1,25.0
2024-06-05 22:00,647.699,0,0.0
2024-06-05 23:00,602.746,0,0.0
2024-06-06 00:00,598.099,0,0.0
2024-06-06 01:00,571.243,0,0.0
2024-06-06 02:00,538.234,0,0.0
2024-06-06 03:00,493.594,0,0.0
2024-06-06 04:00,515.42,0,0.0
2024-06-06 05:00,569.448,0,0.0
2024-06-06 06:00,666.253,0,0.0
2024-06-06 07:00,729.423,0,0.0
2024-06-06 08:00,777.247,0,0.0
2024-06-06 09:00,836.654,1,25.46
2024-06-06 10:00,863.598,1,25.06
2024-06-06 11:00,820.338,1,24.88
2024-06-06 12:00,856.327,1,24.71
2024-06-06 13:00,818.317,1,25.13
2024-06-06 14:00,817.419,1,24.54
2024-06-06 15:00,893.964,1,24.58
2024-06-06 16:00,946.169,1,48.65
2024-06-06 17:00,873.422,1,24.9
2024-06-06 18:00,823.139,1,24.89
2024-06-06 19:00,770.592,0,0.0
2024-06-06 20:00,760.711,0,0.0
2024-06-06 21:00,681.727,0,0.0
2024-06-06 22:00,608.855,0,0.0
2024-06-06 23:00,595.023,0,0.0
2024-06-07 00:00,566.863,0,0.0
2024-06-07 01:00,546.5,0,0.0
2024-06-07 02:00,500.169,0,0.0
2024-06-07 03:00,483.432,0,0.0
2024-06-07 04:00,470.042,0,0.0
2024-06-07 05:00,498.126,0,0.0
2024-06-07 06:00,594.375,0,0.0
2024-06-07 07:00,684.199,0,0.0
2024-06-07 08:00,752.496,1,24.82
2024-06-07 09:00,779.995,1,25.05
2024-06-07 10:00,810.968,1,26.68
2024-06-07 11:00,843.565,1,35.38
2024-06-07 12:00,894.669,1,47.21
2024-06-07 13:00,825.758,1,30.68
2024-06-07 14:00,827.282,1,32.68
2024-06-07 15:00,863.093,1,40.42
2024-06-07 16:00,859.203,1,40.05
2024-06-07 17:00,854.95,1,38.77
2024-06-07 18:00,826.452,1,31.77
2024-06-07 19:00,763.536,1,24.93
2024-06-07 20:00,696.522,1,25.61
2024-06-07 21:00,639.18,0,0.0
2024-06-07 22:00,611.744,0,0.0
2024-06-07 23:00,552.128,0,0.0
2024-06-08 00:00,506.303,0,0.0
2024-06-08 01:00,483.894,0,0.0
2024-06-08 02:00,496.915,0,0.0
2024-06-08 03:00,473.638,0,0.0
2024-06-08 04:00,501.608,0,0.0
2024-06-08 05:00,562.963,0,0.0
2024-06-08 06:00,628.337,0,0.0
2024-06-08 07:00,704.62,0,0.0
2024-06-08 08:00,762.747,1,25.48
2024-06-08 09:00,794.695,1,24.88
2024-06-08 10:00,845.03,1,31.51
2024-06-08 11:00,859.928,1,34.56
2024-06-08 12:00,874.903,1,37.02
2024-06-08 13:00,849.231,1,33.11
2024-06-08 14:00,834.387,0,0.0
2024-06-08 15:00,919.724,1,48.06
2024-06-08 16:00,892.747,1,41.32
2024-06-08 17:00,836.611,1,28.85
2024-06-08 18:00,834.974,1,28.98
2024-06-08 19:00,777.236,1,24.78
2024-06-08 20:00,726.328,1,24.57
2024-06-08 21:00,657.111,0,0.0
2024-06-08 22:00,587.664,0,0.0
2024-06-08 23:00,539.047,0,0.0
2024-06-09 00:00,498.425,0,0.0
2024-06-09 01:00,473.14,0,0.0
2024-06-09 02:00,467.326,0,0.0
2024-06-09 03:00,484.799,0,0.0
2024-06-09 04:00,496.525,0,0.0
2024-06-09 05:00,493.898,0,0.0
2024-06-09 06:00,563.43,0,0.0
2024-06-09 07:00,713.047,1,24.62
2024-06-09 08:00,801.361,1,29.31
2024-06-09 09:00,812.95,1,33.92
2024-06-09 10:00,853.07,1,47.37
2024-06-09 11:00,838.559,1,42.63
2024-06-09 12:00,810.455,1,33.17
2024-06-09 13:00,818.678,1,35.12
2024-06-09 14:00,841.033,1,43.95
2024-06-09 15:00,801.541,1,28.91
2024-06-09 16:00,767.924,1,24.94
2024-06-09 17:00,760.594,1,25.17
2024-06-09 18:00,724.486,1,24.11
2024-06-09 19:00,695.923,1,24.8
2024-06-09 20:00,621.721,0,0.0
2024-06-09 21:00,597.089,0,0.0
2024-06-09 22:00,525.476,0,0.0
2024-06-09 23:00,525.464,0,0.0
2024-06-10 00:00,512.292,0,0.0
2024-06-10 01:00,471.125,0,0.0
2024-06-10 02:00,473.64,0,0.0
2024-06-10 03:00,493.83,0,0.0
2024-06-10 04:00,513.757,0,0.0
2024-06-10 05:00,568.286,0,0.0
2024-06-10 06:00,641.727,0,0.0
2024-06-10 07:00,704.189,0,0.0
2024-06-10 08:00,765.879,1,25.5
2024-06-10 09:00,778.096,1,25.4
2024-06-10 10:00,777.428,1,24.93
2024-06-10 11:00,818.677,1,26.95
2024-06-10 12:00,808.171,1,25.06
2024-06-10 13:00,847.101,1,36.2
2024-06-10 14:00,829.908,1,29.93
2024-06-10 15:00,869.781,1,43.41
2024-06-10 16:00,852.026,1,38.57
2024-06-10 17:00,880.571,1,47.59
2024-06-10 18:00,848.077,1,36.92
2024-06-10 19:00,822.506,1,27.78
2024-06-10 20:00,735.396,1,25.23
2024-06-10 21:00,675.516,0,0.0
2024-06-10 22:00,593.46,0,0.0
2024-06-10 23:00,544.527,0,0.0
2024-06-11 00:00,528.715,0,0.0
2024-06-11 01:00,490.542,0,0.0
2024-06-11 02:00,460.222,0,0.0
2024-06-11 03:00,430.311,0,0.0
2024-06-11 04:00,413.132,0,0.0
2024-06-11 05:00,447.324,0,0.0
2024-06-11 06:00,542.462,0,0.0
2024-06-11 07:00,596.877,0,0.0
2024-06-11 08:00,644.507,0,0.0
2024-06-11 09:00,760.424,1,25.08
2024-06-11 10:00,781.798,0,0.0
2024-06-11 11:00,819.845,1,25.79
2024-06-11 12:00,864.257,1,31.83
2024-06-11 13:00,904.742,1,49.56
2024-06-11 14:00,870.837,1,34.17
2024-06-11 15:00,886.596,1,41.66
2024-06-11 16:00,829.161,1,25.04
2024-06-11 17:00,894.882,1,44.6
2024-06-11 18:00,802.328,1,24.55
2024-06-11 19:00,724.656,0,0.0
2024-06-11 20:00,653.95,0,0.0
2024-06-11 21:00,577.829,0,0.0
2024-06-11 22:00,570.256,0,0.0
2024-06-11 23:00,582.961,0,0.0
2024-06-12 00:00,555.289,0,0.0
2024-06-12 01:00,500.328,0,0.0
2024-06-12 02:00,449.95,0,0.0
2024-06-12 03:00,442.212,0,0.0
2024-06-12 04:00,458.978,0,0.0
2024-06-12 05:00,496.032,0,0.0
2024-06-12 06:00,578.926,0,0.0
2024-06-12 07:00,680.836,0,0.0
2024-06-12 08:00,767.158,0,0.0
2024-06-12 09:00,805.304,0,0.0
2024-06-12 10:00,805.878,0,0.0
2024-06-12 11:00,850.515,1,25.29
2024-06-12 12:00,870.172,1,25.05
2024-06-12 13:00,916.841,1,25.56
2024-06-12 14:00,955.509,1,47.15
2024-06-12 15:00,918.12,1,25.04
2024-06-12 16:00,860.535,1,25.0
2024-06-12 17:00,819.83,1,24.95
2024-06-12 18:00,759.836,0,0.0
2024-06-12 19:00,741.976,0,0.0
2024-06-12 20:00,702.564,0,0.0
2024-06-12 21:00,675.212,0,0.0
2024-06-12 22:00,622.617,0,0.0
2024-06-12 23:00,578.989,0,0.0
2024-06-13 00:00,584.37,0,0.0
2024-06-13 01:00,555.483,0,0.0
2024-06-13 02:00,534.658,0,0.0
2024-06-13 03:00,539.239,0,0.0
2024-06-13 04:00,548.584,0,0.0
2024-06-13 05:00,582.671,0,0.0
2024-06-13 06:00,636.426,0,0.0
2024-06-13 07:00,742.41,0,0.0
2024-06-13 08:00,848.11,1,24.79
2024-06-13 09:00,883.178,1,25.24
2024-06-13 10:00,944.724,1,35.82
2024-06-13 11:00,885.423,0,0.0
2024-06-13 12:00,897.16,1,24.81
2024-06-13 13:00,909.874,1,28.11
2024-06-13 14:00,900.768,1,25.43
2024-06-13 15:00,997.244,1,46.51
2024-06-13 16:00,968.515,1,41.53
2024-06-13 17:00,916.374,1,29.58
2024-06-13 18:00,867.137,1,24.79
2024-06-13 19:00,747.738,0,0.0
2024-06-13 20:00,678.605,0,0.0
2024-06-13 21:00,654.455,0,0.0
2024-06-13 22:00,585.236,0,0.0
2024-06-13 23:00,530.067,0,0.0
2024-06-14 00:00,547.424,0,0.0
2024-06-14 01:00,542.676,0,0.0
2024-06-14 02:00,532.397,0,0.0
2024-06-14 03:00,504.208,0,0.0
2024-06-14 04:00,512.715,0,0.0
2024-06-14 05:00,541.042,0,0.0
2024-06-14 06:00,594.248,0,0.0
2024-06-14 07:00,659.244,0,0.0
2024-06-14 08:00,721.658,0,0.0
2024-06-14 09:00,744.945,1,24.25
2024-06-14 10:00,740.673,1,24.82
2024-06-14 11:00,782.421,1,24.83
2024-06-14 12:00,820.322,1,25.09
2024-06-14 13:00,901.066,1,43.12
2024-06-14 14:00,895.318,1,40.41
2024-06-14 15:00,924.273,1,46.64
2024-06-14 16:00,921.851,1,46.72
2024-06-14 17:00,884.148,1,37.58
2024-06-14 18:00,863.336,1,31.99
2024-06-14 19:00,821.442,1,25.62
2024-06-14 20:00,762.199,1,25.36
2024-06-14 21:00,688.401,0,0.0
2024-06-14 22:00,616.387,0,0.0
2024-06-14 23:00,543.088,0,0.0
2024-06-15 00:00,486.072,0,0.0
2024-06-15 01:00,454.417,0,0.0
2024-06-15 02:00,428.8,0,0.0
2024-06-15 03:00,431.373,0,0.0
2024-06-15 04:00,469.855,0,0.0
2024-06-15 05:00,495.904,0,0.0
2024-06-15 06:00,573.049,0,0.0
2024-06-15 07:00,633.479,0,0.0
2024-06-15 08:00,698.96,0,0.0
2024-06-15 09:00,727.529,1,24.56
2024-06-15 10:00,780.829,1,24.95
2024-06-15 11:00,780.125,1,24.86
2024-06-15 12:00,831.136,1,42.17
2024-06-15 13:00,838.982,1,48.1
2024-06-15 14:00,835.483,1,45.23
2024-06-15 15:00,815.983,1,31.98
2024-06-15 16:00,822.1,1,36.52
2024-06-15 17:00,829.551,1,41.09
2024-06-15 18:00,797.2,1,24.96
2024-06-15 19:00,799.16,1,24.76
2024-06-15 20:00,763.357,1,24.55
2024-06-15 21:00,681.266,0,0.0
2024-06-15 22:00,605.724,1,25.0
2024-06-15 23:00,564.653,0,0.0
2024-06-16 00:00,528.726,0,0.0
2024-06-16 01:00,518.112,0,0.0
2024-06-16 02:00,504.239,0,0.0
2024-06-16 03:00,488.452,0,0.0
2024-06-16 04:00,509.604,0,0.0
2024-06-16 05:00,578.98,0,0.0
2024-06-16 06:00,648.067,0,0.0
2024-06-16 07:00,725.403,0,0.0
2024-06-16 08:00,829.198,1,25.16
2024-06-16 09:00,885.773,1,35.8
2024-06-16 10:00,889.046,1,36.26
2024-06-16 11:00,890.128,1,37.59
2024-06-16 12:00,898.916,1,41.07
2024-06-16 13:00,913.611,1,48.3
2024-06-16 14:00,876.246,1,31.67
2024-06-16 15:00,841.038,1,25.15
2024-06-16 16:00,807.735,1,25.03
2024-06-16 17:00,763.575,1,25.11
2024-06-16 18:00,720.239,0,0.0
2024-06-16 19:00,698.902,0,0.0
2024-06-16 20:00,649.039,0,0.0
2024-06-16 21:00,606.268,0,0.0
2024-06-16 22:00,531.521,0,0.0
2024-06-16 23:00,490.951,0,0.0
2024-06-17 00:00,527.309,0,0.0
2024-06-17 01:00,513.502,0,0.0
2024-06-17 02:00,487.196,0,0.0
2024-06-17 03:00,478.823,0,0.0
2024-06-17 04:00,534.4,0,0.0
2024-06-17 05:00,575.533,0,0.0
2024-06-17 06:00,632.943,0,0.0
2024-06-17 07:00,717.25,1,24.48
2024-06-17 08:00,793.761,1,24.6
2024-06-17 09:00,833.158,1,31.18
2024-06-17 10:00,861.83,1,43.58
2024-06-17 11:00,832.441,1,31.33
2024-06-17 12:00,824.661,1,27.52
2024-06-17 13:00,845.967,1,36.43
2024-06-17 14:00,865.624,1,46.18
2024-06-17 15:00,871.268,1,48.53
2024-06-17 16:00,863.28,1,43.55
2024-06-17 17:00,847.498,1,37.68
2024-06-17 18:00,839.088,1,33.48
2024-06-17 19:00,778.841,1,24.72
2024-06-17 20:00,731.731,1,25.71
2024-06-17 21:00,658.762,0,0.0
2024-06-17 22:00,614.073,0,0.0
2024-06-17 23:00,575.798,0,0.0
2024-06-18 00:00,575.395,0,0.0
2024-06-18 01:00,552.959,0,0.0
2024-06-18 02:00,541.858,0,0.0
2024-06-18 03:00,517.861,0,0.0
2024-06-18 04:00,532.819,0,0.0
2024-06-18 05:00,594.934,0,0.0
2024-06-18 06:00,651.899,0,0.0
2024-06-18 07:00,723.661,1,24.91
2024-06-18 08:00,802.027,1,24.41
2024-06-18 09:00,856.823,1,38.14
2024-06-18 10:00,858.007,1,39.84
2024-06-18 11:00,871.265,1,43.36
2024-06-18 12:00,884.151,1,47.0
2024-06-18 13:00,829.997,1,30.76
2024-06-18 14:00,850.561,1,36.46
2024-06-18 15:00,872.119,1,43.14
2024-06-18 16:00,864.506,1,41.28
2024-06-18 17:00,890.765,1,47.43
2024-06-18 18:00,810.363,1,25.86
2024-06-18 19:00,736.937,1,24.58
2024-06-18 20:00,623.196,1,25.0
2024-06-18 21:00,578.45,0,0.0
2024-06-18 22:00,533.428,0,0.0
2024-06-18 23:00,496.998,0,0.0
2024-06-19 00:00,517.135,0,0.0
2024-06-19 01:00,510.448,0,0.0
2024-06-19 02:00,498.957,0,0.0
2024-06-19 03:00,479.045,0,0.0
2024-06-19 04:00,513.844,0,0.0
2024-06-19 05:00,557.149,0,0.0
2024-06-19 06:00,613.097,0,0.0
2024-06-19 07:00,660.131,0,0.0
2024-06-19 08:00,727.334,0,0.0
2024-06-19 09:00,801.996,1,25.16
2024-06-19 10:00,905.006,1,42.65
2024-06-19 11:00,914.654,1,47.47
2024-06-19 12:00,899.376,1,41.42
2024-06-19 13:00,875.388,1,29.16
2024-06-19 14:00,913.28,1,47.97
2024-06-19 15:00,871.696,1,27.2
2024-06-19 16:00,887.087,1,34.48
2024-06-19 17:00,890.011,1,36.47
2024-06-19 18:00,858.768,1,25.1
2024-06-19 19:00,790.525,1,24.94
2024-06-19 20:00,744.816,0,0.0
2024-06-19 21:00,685.298,0,0.0
2024-06-19 22:00,605.097,0,0.0
2024-06-19 23:00,598.131,0,0.0
2024-06-20 00:00,569.79,0,0.0
2024-06-20 01:00,549.745,0,0.0
2024-06-20 02:00,486.101,0,0.0
2024-06-20 03:00,497.091,0,0.0
2024-06-20 04:00,536.919,0,0.0
2024-06-20 05:00,578.694,0,0.0
2024-06-20 06:00,663.242,0,0.0
2024-06-20 07:00,763.931,0,0.0
2024-06-20 08:00,815.761,1,24.73
2024-06-20 09:00,872.564,1,25.28
2024-06-20 10:00,871.843,1,24.97
2024-06-20 11:00,866.414,1,25.17
2024-06-20 12:00,918.218,1,32.02
2024-06-20 13:00,959.634,1,47.78
2024-06-20 14:00,942.905,1,41.68
2024-06-20 15:00,930.174,1,36.36
2024-06-20 16:00,895.701,1,24.76
2024-06-20 17:00,894.191,1,25.48
2024-06-20 18:00,819.432,1,25.27
2024-06-20 19:00,776.426,0,0.0
2024-06-20 20:00,738.765,0,0.0
2024-06-20 21:00,674.673,0,0.0
2024-06-20 22:00,635.303,0,0.0
2024-06-20 23:00,578.488,0,0.0
2024-06-21 00:00,556.76,0,0.0
2024-06-21 01:00,507.717,0,0.0
2024-06-21 02:00,513.398,0,0.0
2024-06-21 03:00,483.741,0,0.0
2024-06-21 04:00,505.846,0,0.0
2024-06-21 05:00,549.02,0,0.0
2024-06-21 06:00,600.406,0,0.0
2024-06-21 07:00,675.886,0,0.0
2024-06-21 08:00,791.899,0,0.0
2024-06-21 09:00,841.825,1,24.21
2024-06-21 10:00,839.686,1,25.57
2024-06-21 11:00,867.649,1,25.04
2024-06-21 12:00,879.509,1,24.47
2024-06-21 13:00,1006.049,1,43.44
2024-06-21 14:00,1013.572,1,45.2
2024-06-21 15:00,1000.624,1,42.68
2024-06-21 16:00,1019.183,1,47.05
2024-06-21 17:00,911.84,1,25.19
2024-06-21 18:00,865.632,1,24.89
2024-06-21 19:00,856.81,1,24.82
2024-06-21 20:00,777.703,0,0.0
2024-06-21 21:00,665.482,0,0.0
2024-06-21 22:00,598.446,0,0.0
2024-06-21 23:00,585.249,0,0.0
2024-06-22 00:00,539.102,0,0.0
2024-06-22 01:00,491.839,0,0.0
2024-06-22 02:00,465.904,0,0.0
2024-06-22 03:00,444.771,0,0.0
2024-06-22 04:00,467.283,0,0.0
2024-06-22 05:00,534.255,0,0.0
2024-06-22 06:00,624.542,0,0.0
2024-06-22 07:00,716.714,1,25.0
2024-06-22 08:00,747.71,1,26.01
2024-06-22 09:00,752.306,0,0.0
2024-06-22 10:00,799.924,1,40.88
2024-06-22 11:00,776.816,1,34.51
2024-06-22 12:00,792.073,1,38.39
2024-06-22 13:00,822.82,1,48.41
2024-06-22 14:00,807.217,1,43.21
2024-06-22 15:00,799.488,1,41.23
2024-06-22 16:00,798.257,1,40.88
2024-06-22 17:00,799.14,1,42.0
2024-06-22 18:00,795.482,1,40.15
2024-06-22 19:00,755.555,1,28.16
2024-06-22 20:00,697.802,1,24.74
2024-06-22 21:00,622.246,0,0.0
2024-06-22 22:00,546.533,0,0.0
2024-06-22 23:00,501.445,0,0.0
2024-06-23 00:00,500.841,0,0.0
2024-06-23 01:00,482.281,0,0.0
2024-06-23 02:00,434.768,0,0.0
2024-06-23 03:00,416.343,0,0.0
2024-06-23 04:00,457.289,0,0.0
2024-06-23 05:00,502.555,0,0.0
2024-06-23 06:00,544.313,0,0.0
2024-06-23 07:00,686.125,0,0.0
2024-06-23 08:00,753.78,0,0.0
2024-06-23 09:00,804.458,1,24.99
2024-06-23 10:00,840.423,1,25.22
2024-06-23 11:00,838.814,1,25.05
2024-06-23 12:00,829.042,1,24.36
2024-06-23 13:00,907.86,1,28.63
2024-06-23 14:00,943.004,1,39.56
2024-06-23 15:00,969.511,1,48.72
2024-06-23 16:00,955.79,1,42.89
2024-06-23 17:00,879.932,1,24.68
2024-06-23 18:00,864.44,1,25.06
2024-06-23 19:00,770.545,0,0.0
2024-06-23 20:00,714.189,0,0.0
2024-06-23 21:00,614.929,0,0.0
2024-06-23 22:00,521.619,0,0.0
2024-06-23 23:00,497.919,0,0.0
2024-06-24 00:00,506.349,0,0.0
2024-06-24 01:00,450.189,0,0.0
2024-06-24 02:00,459.142,0,0.0
2024-06-24 03:00,490.119,0,0.0
2024-06-24 04:00,529.628,0,0.0
2024-06-24 05:00,566.66,0,0.0
2024-06-24 06:00,640.024,0,0.0
2024-06-24 07:00,750.393,0,0.0
2024-06-24 08:00,852.169,0,0.0
2024-06-24 09:00,878.16,1,24.28
2024-06-24 10:00,902.027,1,24.74
2024-06-24 11:00,919.506,1,24.8
2024-06-24 12:00,944.603,1,24.72
2024-06-24 13:00,946.475,1,25.07
2024-06-24 14:00,950.849,1,25.08
2024-06-24 15:00,1006.064,1,40.71
2024-06-24 16:00,1016.782,1,48.58
2024-06-24 17:00,982.307,1,27.9
2024-06-24 18:00,968.71,1,25.13
2024-06-24 19:00,869.752,1,25.28
2024-06-24 20:00,831.851,0,0.0
2024-06-24 21:00,759.54,0,0.0
2024-06-24 22:00,746.936,0,0.0
2024-06-24 23:00,645.771,0,0.0
2024-06-25 00:00,601.326,0,0.0
2024-06-25 01:00,567.708,0,0.0
2024-06-25 02:00,550.218,0,0.0
2024-06-25 03:00,559.687,0,0.0
2024-06-25 04:00,551.999,0,0.0
2024-06-25 05:00,608.997,0,0.0
2024-06-25 06:00,704.639,0,0.0
2024-06-25 07:00,806.375,1,25.27
2024-06-25 08:00,845.416,1,24.98
2024-06-25 09:00,923.332,1,27.44
2024-06-25 10:00,976.456,1,37.46
2024-06-25 11:00,990.766,1,43.69
2024-06-25 12:00,993.116,1,42.61
2024-06-25 13:00,998.318,1,41.78
2024-06-25 14:00,995.391,1,43.24
2024-06-25 15:00,1018.954,1,48.5
2024-06-25 16:00,989.174,1,41.29
2024-06-25 17:00,919.009,1,26.7
2024-06-25 18:00,837.323,1,24.99
2024-06-25 19:00,759.495,0,0.0
2024-06-25 20:00,712.553,0,0.0
2024-06-25 21:00,656.369,0,0.0
2024-06-25 22:00,604.675,0,0.0
2024-06-25 23:00,571.129,0,0.0
2024-06-26 00:00,542.924,0,0.0
2024-06-26 01:00,541.469,0,0.0
2024-06-26 02:00,517.555,0,0.0
2024-06-26 03:00,492.768,0,0.0
2024-06-26 04:00,515.819,0,0.0
2024-06-26 05:00,523.939,0,0.0
2024-06-26 06:00,582.791,0,0.0
2024-06-26 07:00,699.09,0,0.0
2024-06-26 08:00,726.869,0,0.0
2024-06-26 09:00,812.167,1,25.85
2024-06-26 10:00,890.548,1,24.7
2024-06-26 11:00,889.362,1,25.18
2024-06-26 12:00,911.286,1,30.92
2024-06-26 13:00,958.438,1,40.34
2024-06-26 14:00,949.636,1,39.6
2024-06-26 15:00,988.27,1,48.82
2024-06-26 16:00,941.759,1,36.36
2024-06-26 17:00,892.962,1,26.1
2024-06-26 18:00,824.424,1,24.9
2024-06-26 19:00,779.845,1,24.98
2024-06-26 20:00,751.837,0,0.0
2024-06-26 21:00,682.273,0,0.0
2024-06-26 22:00,592.318,0,0.0
2024-06-26 23:00,530.431,0,0.0
2024-06-27 00:00,530.102,0,0.0
2024-06-27 01:00,538.415,0,0.0
2024-06-27 02:00,526.823,0,0.0
2024-06-27 03:00,500.943,0,0.0
2024-06-27 04:00,527.746,0,0.0
2024-06-27 05:00,565.324,0,0.0
2024-06-27 06:00,630.321,0,0.0
2024-06-27 07:00,695.196,0,0.0
2024-06-27 08:00,810.088,1,24.82
2024-06-27 09:00,777.729,1,24.62
2024-06-27 10:00,839.777,1,25.52
2024-06-27 11:00,844.118,1,26.49
2024-06-27 12:00,851.638,0,0.0
2024-06-27 13:00,926.904,1,48.19
2024-06-27 14:00,915.376,0,0.0
2024-06-27 15:00,908.99,1,43.53
2024-06-27 16:00,895.225,1,39.68
2024-06-27 17:00,883.862,1,36.4
2024-06-27 18:00,827.937,1,24.77
2024-06-27 19:00,729.677,1,25.32
2024-06-27 20:00,662.215,1,25.0
2024-06-27 21:00,649.091,0,0.0
2024-06-27 22:00,596.24,0,0.0
2024-06-27 23:00,563.735,0,0.0
2024-06-28 00:00,544.064,0,0.0
2024-06-28 01:00,503.656,0,0.0
2024-06-28 02:00,521.844,0,0.0
2024-06-28 03:00,500.392,0,0.0
2024-06-28 04:00,505.885,0,0.0
2024-06-28 05:00,571.527,0,0.0
2024-06-28 06:00,628.576,0,0.0
2024-06-28 07:00,702.645,0,0.0
2024-06-28 08:00,778.278,1,25.81
2024-06-28 09:00,824.156,1,24.51
2024-06-28 10:00,862.965,1,24.6
2024-06-28 11:00,941.9,1,44.64
2024-06-28 12:00,956.484,1,48.33
2024-06-28 13:00,885.133,1,29.03
2024-06-28 14:00,914.123,1,36.4
2024-06-28 15:00,931.478,1,42.17
2024-06-28 16:00,918.979,1,37.99
2024-06-28 17:00,897.471,1,31.53
2024-06-28 18:00,850.791,1,25.47
2024-06-28 19:00,789.049,1,25.08
2024-06-28 20:00,744.924,0,0.0
2024-06-28 21:00,668.686,0,0.0
2024-06-28 22:00,589.069,0,0.0
2024-06-28 23:00,609.147,0,0.0
2024-06-29 00:00,537.28,0,0.0
2024-06-29 01:00,506.498,0,0.0
2024-06-29 02:00,464.106,0,0.0
2024-06-29 03:00,454.252,0,0.0
2024-06-29 04:00,453.771,0,0.0
2024-06-29 05:00,489.976,0,0.0
2024-06-29 06:00,583.175,0,0.0
2024-06-29 07:00,678.324,0,0.0
2024-06-29 08:00,762.199,1,24.67
2024-06-29 09:00,752.719,1,25.34
2024-06-29 10:00,837.253,1,24.81
2024-06-29 11:00,812.385,1,25.08
2024-06-29 12:00,873.206,1,29.53
2024-06-29 13:00,911.859,1,41.7
2024-06-29 14:00,933.424,1,49.04
2024-06-29 15:00,909.862,1,40.9
2024-06-29 16:00,894.777,1,36.61
2024-06-29 17:00,847.137,1,25.05
2024-06-29 18:00,804.091,1,24.81
2024-06-29 19:00,739.908,1,25.0
2024-06-29 20:00,635.322,0,0.0
2024-06-29 21:00,616.304,0,0.0
2024-06-29 22:00,561.94,0,0.0
2024-06-29 23:00,513.639,0,0.0
2024-06-30 00:00,493.02,0,0.0
2024-06-30 01:00,476.588,0,0.0
2024-06-30 02:00,450.289,0,0.0
2024-06-30 03:00,404.98,0,0.0
2024-06-30 04:00,434.43,0,0.0
2024-06-30 05:00,490.117,0,0.0
2024-06-30 06:00,557.74,0,0.0
2024-06-30 07:00,616.461,0,0.0
2024-06-30 08:00,693.76,0,0.0
2024-06-30 09:00,701.821,0,0.0
2024-06-30 10:00,712.786,0,0.0
2024-06-30 11:00,721.292,0,0.0
2024-06-30 12:00,777.155,1,25.71
2024-06-30 13:00,790.492,1,24.84
2024-06-30 14:00,801.187,1,25.13
2024-06-30 15:00,886.245,1,46.21
2024-06-30 16:00,881.809,1,46.52
2024-06-30 17:00,860.612,1,36.78
2024-06-30 18:00,803.472,1,24.61
2024-06-30 19:00,730.455,1,24.81
2024-06-30 20:00,624.614,0,0.0
2024-06-30 21:00,604.872,0,0.0
2024-06-30 22:00,564.015,0,0.0
2024-06-30 23:00,520.896,0,0.0
2024-07-01 00:00,658.423,0,0.0
2024-07-01 01:00,641.543,0,0.0
2024-07-01 02:00,588.598,0,0.0
2024-07-01 03:00,563.979,0,0.0
2024-07-01 04:00,563.084,0,0.0
2024-07-01 05:00,665.121,0,0.0
2024-07-01 06:00,779.811,0,0.0
2024-07-01 07:00,820.52,0,0.0
2024-07-01 08:00,865.199,0,0.0
2024-07-01 09:00,928.013,1,24.48
2024-07-01 10:00,960.369,1,25.13
2024-07-01 11:00,944.314,1,24.95
2024-07-01 12:00,1057.83,1,24.81
2024-07-01 13:00,1093.45,1,35.78
2024-07-01 14:00,1132.766,1,46.21
2024-07-01 15:00,1122.123,1,43.39
2024-07-01 16:00,1136.727,1,47.54
2024-07-01 17:00,1083.718,1,32.58
2024-07-01 18:00,1020.321,1,24.36
2024-07-01 19:00,971.833,1,24.81
2024-07-01 20:00,846.226,0,0.0
2024-07-01 21:00,830.088,0,0.0
2024-07-01 22:00,758.98,0,0.0
2024-07-01 23:00,732.02,0,0.0
2024-07-02 00:00,680.141,0,0.0
2024-07-02 01:00,621.466,0,0.0
2024-07-02 02:00,581.096,0,0.0
2024-07-02 03:00,575.636,0,0.0
2024-07-02 04:00,598.921,0,0.0
2024-07-02 05:00,644.503,0,0.0
2024-07-02 06:00,710.16,0,0.0
2024-07-02 07:00,783.814,0,0.0
2024-07-02 08:00,881.338,0,0.0
2024-07-02 09:00,930.132,1,25.13
2024-07-02 10:00,954.308,1,24.47
2024-07-02 11:00,1046.97,1,25.03
2024-07-02 12:00,1066.108,1,25.2
2024-07-02 13:00,1137.485,1,43.26
2024-07-02 14:00,1129.73,1,40.7
2024-07-02 15:00,1157.116,1,48.72
2024-07-02 16:00,1134.309,1,41.6
2024-07-02 17:00,1031.553,1,24.77
2024-07-02 18:00,1041.714,1,24.95
2024-07-02 19:00,963.001,1,25.11
2024-07-02 20:00,913.533,0,0.0
2024-07-02 21:00,813.567,0,0.0
2024-07-02 22:00,737.586,0,0.0
2024-07-02 23:00,663.871,0,0.0
2024-07-03 00:00,680.103,0,0.0
2024-07-03 01:00,648.908,0,0.0
2024-07-03 02:00,636.006,0,0.0
2024-07-03 03:00,642.581,0,0.0
2024-07-03 04:00,679.05,0,0.0
2024-07-03 05:00,744.935,0,0.0
2024-07-03 06:00,792.757,0,0.0
2024-07-03 07:00,878.642,1,24.85
2024-07-03 08:00,935.004,1,24.32
2024-07-03 09:00,1019.107,1,34.22
2024-07-03 10:00,1061.449,1,47.28
2024-07-03 11:00,1026.148,1,37.79
2024-07-03 12:00,1044.685,1,43.83
2024-07-03 13:00,1012.426,1,33.58
2024-07-03 14:00,1044.425,1,42.24
2024-07-03 15:00,1009.929,1,32.3
2024-07-03 16:00,1038.563,1,42.02
2024-07-03 17:00,1034.75,1,39.26
2024-07-03 18:00,1061.586,1,49.54
2024-07-03 19:00,1011.277,1,34.03
2024-07-03 20:00,913.703,1,25.81
2024-07-03 21:00,858.615,1,25.14
2024-07-03 22:00,739.106,0,0.0
2024-07-03 23:00,662.717,0,0.0
2024-07-04 00:00,657.942,0,0.0
2024-07-04 01:00,576.764,0,0.0
2024-07-04 02:00,569.8,0,0.0
2024-07-04 03:00,539.988,0,0.0
2024-07-04 04:00,569.568,0,0.0
2024-07-04 05:00,603.882,0,0.0
2024-07-04 06:00,710.756,0,0.0
2024-07-04 07:00,823.615,0,0.0
2024-07-04 08:00,966.196,0,0.0
2024-07-04 09:00,1020.47,1,25.48
2024-07-04 10:00,1027.969,1,25.08
2024-07-04 11:00,1041.12,0,0.0
2024-07-04 12:00,1013.092,0,0.0
2024-07-04 13:00,1059.784,1,25.39
2024-07-04 14:00,1109.241,1,25.48
2024-07-04 15:00,1229.14,1,46.67
2024-07-04 16:00,1170.106,1,31.67
2024-07-04 17:00,1114.503,1,24.74
2024-07-04 18:00,1033.706,1,25.22
2024-07-04 19:00,968.597,0,0.0
2024-07-04 20:00,906.412,0,0.0
2024-07-04 21:00,828.193,0,0.0
2024-07-04 22:00,781.127,0,0.0
2024-07-04 23:00,702.999,0,0.0
2024-07-05 00:00,705.467,0,0.0
2024-07-05 01:00,673.636,0,0.0
2024-07-05 02:00,647.509,0,0.0
2024-07-05 03:00,616.633,0,0.0
2024-07-05 04:00,684.587,0,0.0
2024-07-05 05:00,712.653,0,0.0
2024-07-05 06:00,808.628,0,0.0
2024-07-05 07:00,891.851,0,0.0
2024-07-05 08:00,1040.96,1,24.96
2024-07-05 09:00,1116.58,1,33.33
2024-07-05 10:00,1112.924,1,32.91
2024-07-05 11:00,1140.472,1,37.98
2024-07-05 12:00,1157.05,1,38.97
2024-07-05 13:00,1144.01,1,38.69
2024-07-05 14:00,1186.074,1,44.94
2024-07-05 15:00,1209.851,1,47.98
2024-07-05 16:00,1187.555,1,45.32
2024-07-05 17:00,1136.965,1,36.47
2024-07-05 18:00,1087.69,1,29.1
2024-07-05 19:00,1010.339,1,24.8
2024-07-05 20:00,928.008,1,25.37
2024-07-05 21:00,827.644,0,0.0
2024-07-05 22:00,796.551,0,0.0
2024-07-05 23:00,704.25,0,0.0
2024-07-06 00:00,651.727,0,0.0
2024-07-06 01:00,606.403,0,0.0
2024-07-06 02:00,623.296,0,0.0
2024-07-06 03:00,579.678,0,0.0
2024-07-06 04:00,579.3,0,0.0
2024-07-06 05:00,609.215,0,0.0
2024-07-06 06:00,704.271,0,0.0
2024-07-06 07:00,768.144,0,0.0
2024-07-06 08:00,843.23,0,0.0
2024-07-06 09:00,830.67,0,0.0
2024-07-06 10:00,892.074,1,25.01
2024-07-06 11:00,907.813,1,25.23
2024-07-06 12:00,888.076,1,24.4
2024-07-06 13:00,967.42,1,25.0
2024-07-06 14:00,948.395,1,25.05
2024-07-06 15:00,1013.864,1,43.78
2024-07-06 16:00,982.755,1,30.88
2024-07-06 17:00,1021.703,1,47.74
2024-07-06 18:00,996.631,1,37.4
2024-07-06 19:00,890.854,1,25.0
2024-07-06 20:00,799.115,0,0.0
2024-07-06 21:00,756.376,1,25.0
2024-07-06 22:00,684.682,0,0.0
2024-07-06 23:00,633.306,0,0.0
2024-07-07 00:00,647.497,0,0.0
2024-07-07 01:00,594.161,0,0.0
2024-07-07 02:00,579.646,0,0.0
2024-07-07 03:00,581.583,0,0.0
2024-07-07 04:00,612.29,0,0.0
2024-07-07 05:00,656.57,0,0.0
2024-07-07 06:00,732.978,0,0.0
2024-07-07 07:00,784.554,0,0.0
2024-07-07 08:00,839.789,1,24.53
2024-07-07 09:00,910.378,0,0.0
2024-07-07 10:00,946.655,1,25.27
2024-07-07 11:00,973.621,1,31.25
2024-07-07 12:00,1033.577,1,43.62
2024-07-07 13:00,1005.859,1,38.49
2024-07-07 14:00,1020.133,1,42.34
2024-07-07 15:00,1050.738,1,47.31
2024-07-07 16:00,1012.396,1,39.78
2024-07-07 17:00,1039.125,1,46.06
2024-07-07 18:00,1015.62,1,40.18
2024-07-07 19:00,946.452,1,25.84
2024-07-07 20:00,920.662,1,24.84
2024-07-07 21:00,791.313,0,0.0
2024-07-07 22:00,717.024,0,0.0
2024-07-07 23:00,670.051,0,0.0
2024-07-08 00:00,668.596,0,0.0
2024-07-08 01:00,639.745,0,0.0
2024-07-08 02:00,596.852,0,0.0
2024-07-08 03:00,597.412,0,0.0
2024-07-08 04:00,638.759,0,0.0
2024-07-08 05:00,697.384,0,0.0
2024-07-08 06:00,736.985,0,0.0
2024-07-08 07:00,818.102,0,0.0
2024-07-08 08:00,933.046,1,25.21
2024-07-08 09:00,992.263,1,25.2
2024-07-08 10:00,933.016,1,25.26
2024-07-08 11:00,1017.796,1,27.35
2024-07-08 12:00,1050.134,1,34.73
2024-07-08 13:00,1043.147,1,31.98
2024-07-08 14:00,1111.344,1,48.58
2024-07-08 15:00,1104.854,1,46.71
2024-07-08 16:00,1067.183,1,37.86
2024-07-08 17:00,1056.714,1,34.65
2024-07-08 18:00,1074.096,1,38.63
2024-07-08 19:00,1046.954,1,33.19
2024-07-08 20:00,965.131,1,24.46
2024-07-08 21:00,887.168,1,24.87
2024-07-08 22:00,817.503,0,0.0
2024-07-08 23:00,715.183,0,0.0
2024-07-09 00:00,707.148,0,0.0
2024-07-09 01:00,646.623,0,0.0
2024-07-09 02:00,633.135,0,0.0
2024-07-09 03:00,607.029,0,0.0
2024-07-09 04:00,634.852,0,0.0
2024-07-09 05:00,690.269,0,0.0
2024-07-09 06:00,697.779,0,0.0
2024-07-09 07:00,816.324,0,0.0
2024-07-09 08:00,934.045,0,0.0
2024-07-09 09:00,1008.251,1,24.98
2024-07-09 10:00,1042.153,1,24.95
2024-07-09 11:00,1123.81,1,25.12
2024-07-09 12:00,1145.203,1,25.13
2024-07-09 13:00,1171.143,1,30.64
2024-07-09 14:00,1219.974,1,43.15
2024-07-09 15:00,1237.028,0,0.0
2024-07-09 16:00,1165.585,1,29.34
2024-07-09 17:00,1028.116,1,25.78
2024-07-09 18:00,969.985,0,0.0
2024-07-09 19:00,938.506,0,0.0
2024-07-09 20:00,860.709,0,0.0
2024-07-09 21:00,818.225,0,0.0
2024-07-09 22:00,749.239,0,0.0
2024-07-09 23:00,724.79,0,0.0
2024-07-10 00:00,692.722,0,0.0
2024-07-10 01:00,662.172,0,0.0
2024-07-10 02:00,649.573,0,0.0
2024-07-10 03:00,656.388,0,0.0
2024-07-10 04:00,628.827,0,0.0
2024-07-10 05:00,671.331,0,0.0
2024-07-10 06:00,784.867,0,0.0
2024-07-10 07:00,939.655,0,0.0
2024-07-10 08:00,1032.163,0,0.0
2024-07-10 09:00,1066.963,0,0.0
2024-07-10 10:00,1123.718,1,24.92
2024-07-10 11:00,1162.834,1,24.65
2024-07-10 12:00,1152.147,1,25.66
2024-07-10 13:00,1172.769,1,24.55
2024-07-10 14:00,1226.691,0,0.0
2024-07-10 15:00,1303.822,1,48.35
2024-07-10 16:00,1284.157,1,43.75
2024-07-10 17:00,1216.906,1,28.73
2024-07-10 18:00,1132.383,1,24.63
2024-07-10 19:00,1055.469,1,25.2
2024-07-10 20:00,956.777,0,0.0
2024-07-10 21:00,873.073,0,0.0
2024-07-10 22:00,758.765,0,0.0
2024-07-10 23:00,732.246,0,0.0
2024-07-11 00:00,678.798,0,0.0
2024-07-11 01:00,631.352,0,0.0
2024-07-11 02:00,616.196,0,0.0
2024-07-11 03:00,640.092,0,0.0
2024-07-11 04:00,642.813,0,0.0
2024-07-11 05:00,678.928,0,0.0
2024-07-11 06:00,754.573,0,0.0
2024-07-11 07:00,914.713,0,0.0
2024-07-11 08:00,906.726,0,0.0
2024-07-11 09:00,933.003,0,0.0
2024-07-11 10:00,1082.745,1,24.46
2024-07-11 11:00,1118.235,1,24.79
2024-07-11 12:00,1086.487,1,25.04
2024-07-11 13:00,1103.594,0,0.0
2024-07-11 14:00,1125.163,1,25.15
2024-07-11 15:00,1177.396,1,35.02
2024-07-11 16:00,1225.371,1,49.76
2024-07-11 17:00,1183.395,1,37.02
2024-07-11 18:00,1088.676,1,24.39
2024-07-11 19:00,1029.884,1,24.87
2024-07-11 20:00,919.231,0,0.0
2024-07-11 21:00,809.81,0,0.0
2024-07-11 22:00,693.201,0,0.0
2024-07-11 23:00,613.269,0,0.0
2024-07-12 00:00,589.538,0,0.0
2024-07-12 01:00,545.521,0,0.0
2024-07-12 02:00,552.487,0,0.0
2024-07-12 03:00,522.451,0,0.0
2024-07-12 04:00,484.607,0,0.0
2024-07-12 05:00,528.863,0,0.0
2024-07-12 06:00,616.999,0,0.0
2024-07-12 07:00,716.685,0,0.0
2024-07-12 08:00,873.395,1,25.01
2024-07-12 09:00,917.981,1,24.42
2024-07-12 10:00,1001.755,1,29.23
2024-07-12 11:00,1027.802,1,36.85
2024-07-12 12:00,1051.651,1,42.63
2024-07-12 13:00,1043.78,1,39.94
2024-07-12 14:00,1070.335,1,47.45
2024-07-12 15:00,1067.177,1,46.71
2024-07-12 16:00,1070.618,1,47.92
2024-07-12 17:00,1036.757,1,39.28
2024-07-12 18:00,959.774,1,25.36
2024-07-12 19:00,938.503,1,25.37
2024-07-12 20:00,885.004,1,25.06
2024-07-12 21:00,800.78,0,0.0
2024-07-12 22:00,736.122,0,0.0
2024-07-12 23:00,681.676,0,0.0
2024-07-13 00:00,606.144,0,0.0
2024-07-13 01:00,579.219,0,0.0
2024-07-13 02:00,553.271,0,0.0
2024-07-13 03:00,523.129,0,0.0
2024-07-13 04:00,513.49,0,0.0
2024-07-13 05:00,564.005,0,0.0
2024-07-13 06:00,668.301,0,0.0
2024-07-13 07:00,753.895,0,0.0
2024-07-13 08:00,925.328,0,0.0
2024-07-13 09:00,1003.476,1,25.23
2024-07-13 10:00,1075.713,1,26.13
2024-07-13 11:00,1106.671,1,32.32
2024-07-13 12:00,1173.702,1,47.22
2024-07-13 13:00,1137.27,1,39.99
2024-07-13 14:00,1043.525,0,0.0
2024-07-13 15:00,1046.327,1,24.59
2024-07-13 16:00,1055.611,1,25.15
2024-07-13 17:00,1027.522,1,24.44
2024-07-13 18:00,985.014,1,25.24
2024-07-13 19:00,955.766,1,24.67
2024-07-13 20:00,886.369,0,0.0
2024-07-13 21:00,827.284,0,0.0
2024-07-13 22:00,721.065,0,0.0
2024-07-13 23:00,639.927,0,0.0
2024-07-14 00:00,660.343,0,0.0
2024-07-14 01:00,621.896,0,0.0
2024-07-14 02:00,587.22,0,0.0
2024-07-14 03:00,556.53,0,0.0
2024-07-14 04:00,561.493,0,0.0
2024-07-14 05:00,599.093,0,0.0
2024-07-14 06:00,654.523,0,0.0
2024-07-14 07:00,717.869,0,0.0
2024-07-14 08:00,806.69,0,0.0
2024-07-14 09:00,851.202,0,0.0
2024-07-14 10:00,939.555,1,25.54
2024-07-14 11:00,975.39,1,25.06
2024-07-14 12:00,1007.301,1,24.6
2024-07-14 13:00,1000.147,1,25.83
2024-07-14 14:00,1019.639,1,25.67
2024-07-14 15:00,1056.813,1,41.56
2024-07-14 16:00,1069.927,1,48.93
2024-07-14 17:00,1030.083,1,27.39
2024-07-14 18:00,1014.385,1,25.27
2024-07-14 19:00,936.574,1,24.84
2024-07-14 20:00,883.849,0,0.0
2024-07-14 21:00,790.727,1,25.0
2024-07-14 22:00,672.362,0,0.0
2024-07-14 23:00,633.883,0,0.0
2024-07-15 00:00,676.451,0,0.0
2024-07-15 01:00,651.949,0,0.0
2024-07-15 02:00,639.62,0,0.0
2024-07-15 03:00,609.649,0,0.0
2024-07-15 04:00,608.792,0,0.0
2024-07-15 05:00,677.215,0,0.0
2024-07-15 06:00,779.073,0,0.0
2024-07-15 07:00,869.932,0,0.0
2024-07-15 08:00,998.328,1,24.51
2024-07-15 09:00,1016.637,1,25.77
2024-07-15 10:00,1031.54,1,25.2
2024-07-15 11:00,1114.743,1,25.08
2024-07-15 12:00,1158.897,1,37.89
2024-07-15 13:00,1151.701,1,35.48
2024-07-15 14:00,1173.926,1,43.47
2024-07-15 15:00,1190.337,1,47.89
2024-07-15 16:00,1055.078,1,25.23
2024-07-15 17:00,998.858,1,24.5
2024-07-15 18:00,962.641,0,0.0
2024-07-15 19:00,895.249,0,0.0
2024-07-15 20:00,846.614,0,0.0
2024-07-15 21:00,817.003,0,0.0
2024-07-15 22:00,736.068,0,0.0
2024-07-15 23:00,658.108,0,0.0
2024-07-16 00:00,654.068,0,0.0
2024-07-16 01:00,614.516,0,0.0
2024-07-16 02:00,597.302,0,0.0
2024-07-16 03:00,577.161,0,0.0
2024-07-16 04:00,647.244,0,0.0
2024-07-16 05:00,645.839,0,0.0
2024-07-16 06:00,728.112,0,0.0
2024-07-16 07:00,839.178,0,0.0
2024-07-16 08:00,906.778,0,0.0
2024-07-16 09:00,1000.787,1,25.19
2024-07-16 10:00,1069.585,1,29.77
2024-07-16 11:00,1083.303,1,33.69
2024-07-16 12:00,1089.221,1,36.64
2024-07-16 13:00,1103.157,1,39.77
2024-07-16 14:00,1118.009,1,44.02
2024-07-16 15:00,1134.406,1,50.0
2024-07-16 16:00,1110.758,1,41.62
2024-07-16 17:00,1087.253,1,34.87
2024-07-16 18:00,1060.639,1,27.08
2024-07-16 19:00,940.53,1,24.83
2024-07-16 20:00,840.512,0,0.0
2024-07-16 21:00,730.069,0,0.0
2024-07-16 22:00,702.084,0,0.0
2024-07-16 23:00,663.88,0,0.0
2024-07-17 00:00,662.921,0,0.0
2024-07-17 01:00,596.842,0,0.0
2024-07-17 02:00,625.181,0,0.0
2024-07-17 03:00,592.696,0,0.0
2024-07-17 04:00,615.545,0,0.0
2024-07-17 05:00,690.36,0,0.0
2024-07-17 06:00,753.567,0,0.0
2024-07-17 07:00,846.473,0,0.0
2024-07-17 08:00,945.743,0,0.0
2024-07-17 09:00,1104.245,0,0.0
2024-07-17 10:00,1138.566,1,25.19
2024-07-17 11:00,1202.889,1,33.6
2024-07-17 12:00,1245.261,1,45.11
2024-07-17 13:00,1251.857,1,47.6
2024-07-17 14:00,1207.08,1,34.0
2024-07-17 15:00,1254.209,1,48.52
2024-07-17 16:00,1155.795,1,25.41
2024-07-17 17:00,1174.429,1,24.9
2024-07-17 18:00,1108.501,1,24.62
2024-07-17 19:00,929.176,0,0.0
2024-07-17 20:00,854.028,0,0.0
2024-07-17 21:00,808.981,0,0.0
2024-07-17 22:00,732.278,0,0.0
2024-07-17 23:00,698.054,0,0.0
2024-07-18 00:00,658.324,0,0.0
2024-07-18 01:00,596.025,0,0.0
2024-07-18 02:00,584.402,0,0.0
2024-07-18 03:00,573.677,0,0.0
2024-07-18 04:00,588.31,0,0.0
2024-07-18 05:00,674.829,0,0.0
2024-07-18 06:00,742.763,0,0.0
2024-07-18 07:00,862.577,0,0.0
2024-07-18 08:00,956.576,1,24.96
2024-07-18 09:00,956.471,1,24.73
2024-07-18 10:00,953.321,1,25.4
2024-07-18 11:00,988.56,1,24.38
2024-07-18 12:00,1096.116,1,39.93
2024-07-18 13:00,1135.713,1,47.97
2024-07-18 14:00,1081.252,0,0.0
2024-07-18 15:00,982.331,1,25.53
2024-07-18 16:00,1024.343,1,24.65
2024-07-18 17:00,1005.377,1,25.06
2024-07-18 18:00,1010.92,1,24.79
2024-07-18 19:00,914.4,1,24.89
2024-07-18 20:00,864.344,1,25.0
2024-07-18 21:00,822.249,0,0.0
2024-07-18 22:00,736.705,0,0.0
2024-07-18 23:00,673.851,0,0.0
2024-07-19 00:00,659.59,0,0.0
2024-07-19 01:00,638.143,0,0.0
2024-07-19 02:00,619.186,0,0.0
2024-07-19 03:00,621.135,0,0.0
2024-07-19 04:00,625.949,0,0.0
2024-07-19 05:00,648.298,0,0.0
2024-07-19 06:00,793.56,0,0.0
2024-07-19 07:00,882.173,0,0.0
2024-07-19 08:00,952.874,0,0.0
2024-07-19 09:00,1006.345,1,25.29
2024-07-19 10:00,1046.794,1,25.34
2024-07-19 11:00,1051.578,1,25.61
2024-07-19 12:00,1072.426,1,25.09
2024-07-19 13:00,1091.956,1,29.72
2024-07-19 14:00,1119.695,1,48.71
2024-07-19 15:00,1044.523,1,24.98
2024-07-19 16:00,1119.776,1,46.81
2024-07-19 17:00,1079.16,1,25.03
2024-07-19 18:00,1048.08,1,25.59
2024-07-19 19:00,925.972,0,0.0
2024-07-19 20:00,847.534,0,0.0
2024-07-19 21:00,766.147,0,0.0
2024-07-19 22:00,744.765,0,0.0
2024-07-19 23:00,676.117,0,0.0
2024-07-20 00:00,637.92,0,0.0
2024-07-20 01:00,588.787,0,0.0
2024-07-20 02:00,564.314,0,0.0
2024-07-20 03:00,545.711,0,0.0
2024-07-20 04:00,591.629,0,0.0
2024-07-20 05:00,599.874,0,0.0
2024-07-20 06:00,654.433,0,0.0
2024-07-20 07:00,704.965,0,0.0
2024-07-20 08:00,766.738,1,25.26
2024-07-20 09:00,809.268,1,25.14
2024-07-20 10:00,809.602,1,24.93
2024-07-20 11:00,830.771,1,25.19
2024-07-20 12:00,804.947,1,24.79
2024-07-20 13:00,821.431,1,24.6
2024-07-20 14:00,919.653,1,33.72
2024-07-20 15:00,975.105,1,46.87
2024-07-20 16:00,984.399,1,47.12
2024-07-20 17:00,929.622,1,35.41
2024-07-20 18:00,847.04,1,25.22
2024-07-20 19:00,772.645,1,24.84
2024-07-20 20:00,735.089,0,0.0
2024-07-20 21:00,715.224,0,0.0
2024-07-20 22:00,682.476,0,0.0
2024-07-20 23:00,649.797,0,0.0
2024-07-21 00:00,616.223,0,0.0
2024-07-21 01:00,586.076,0,0.0
2024-07-21 02:00,564.821,0,0.0
2024-07-21 03:00,546.99,0,0.0
2024-07-21 04:00,608.016,0,0.0
2024-07-21 05:00,617.323,0,0.0
2024-07-21 06:00,697.808,0,0.0
2024-07-21 07:00,836.236,0,0.0
2024-07-21 08:00,873.607,1,25.26
2024-07-21 09:00,907.479,1,24.15
2024-07-21 10:00,930.635,1,25.19
2024-07-21 11:00,949.742,1,25.67
2024-07-21 12:00,919.172,1,24.58
2024-07-21 13:00,975.469,1,24.97
2024-07-21 14:00,1028.244,1,36.4
2024-07-21 15:00,1069.532,1,49.21
2024-07-21 16:00,1021.403,1,35.17
2024-07-21 17:00,998.046,1,27.71
2024-07-21 18:00,922.029,1,25.13
2024-07-21 19:00,855.368,0,0.0
2024-07-21 20:00,862.13,1,24.77
2024-07-21 21:00,790.119,0,0.0
2024-07-21 22:00,687.223,0,0.0
2024-07-21 23:00,643.179,0,0.0
2024-07-22 00:00,635.485,0,0.0
2024-07-22 01:00,580.69,0,0.0
2024-07-22 02:00,551.225,0,0.0
2024-07-22 03:00,537.289,0,0.0
2024-07-22 04:00,585.351,0,0.0
2024-07-22 05:00,656.925,0,0.0
2024-07-22 06:00,762.765,0,0.0
2024-07-22 07:00,838.23,0,0.0
2024-07-22 08:00,914.001,0,0.0
2024-07-22 09:00,984.692,1,24.79
2024-07-22 10:00,1002.758,1,25.13
2024-07-22 11:00,1018.909,1,25.26
2024-07-22 12:00,1062.685,1,24.8
2024-07-22 13:00,1071.85,1,25.06
2024-07-22 14:00,1104.958,1,28.92
2024-07-22 15:00,1190.466,1,48.53
2024-07-22 16:00,1156.634,1,40.82
2024-07-22 17:00,1159.015,1,40.8
2024-07-22 18:00,1109.516,1,30.27
2024-07-22 19:00,969.811,1,24.85
2024-07-22 20:00,861.107,0,0.0
2024-07-22 21:00,771.754,0,0.0
2024-07-22 22:00,688.361,0,0.0
2024-07-22 23:00,645.222,0,0.0
2024-07-23 00:00,650.596,0,0.0
2024-07-23 01:00,647.021,0,0.0
2024-07-23 02:00,633.23,0,0.0
2024-07-23 03:00,602.526,0,0.0
2024-07-23 04:00,575.203,0,0.0
2024-07-23 05:00,635.923,0,0.0
2024-07-23 06:00,729.94,0,0.0
2024-07-23 07:00,846.586,0,0.0
2024-07-23 08:00,1010.779,1,24.82
2024-07-23 09:00,1103.027,1,35.68
2024-07-23 10:00,1155.377,1,47.6
2024-07-23 11:00,1120.568,1,39.36
2024-07-23 12:00,1111.053,1,38.77
2024-07-23 13:00,1122.021,1,41.59
2024-07-23 14:00,1107.296,0,0.0
2024-07-23 15:00,1148.665,1,46.69
2024-07-23 16:00,1143.744,1,45.56
2024-07-23 17:00,1062.283,1,27.05
2024-07-23 18:00,1057.263,1,25.6
2024-07-23 19:00,982.858,1,25.39
2024-07-23 20:00,851.468,0,0.0
2024-07-23 21:00,786.875,0,0.0
2024-07-23 22:00,729.271,0,0.0
2024-07-23 23:00,701.997,0,0.0
2024-07-24 00:00,673.529,0,0.0
2024-07-24 01:00,655.303,0,0.0
2024-07-24 02:00,637.211,0,0.0
2024-07-24 03:00,587.454,0,0.0
2024-07-24 04:00,576.889,0,0.0
2024-07-24 05:00,662.174,0,0.0
2024-07-24 06:00,785.622,0,0.0
2024-07-24 07:00,903.04,0,0.0
2024-07-24 08:00,1041.321,1,25.15
2024-07-24 09:00,1122.938,0,0.0
2024-07-24 10:00,1168.547,1,36.45
2024-07-24 11:00,1133.458,1,28.76
2024-07-24 12:00,1207.418,1,45.43
2024-07-24 13:00,1226.835,1,49.01
2024-07-24 14:00,1210.009,1,44.34
2024-07-24 15:00,1187.435,1,39.83
2024-07-24 16:00,1171.085,1,36.38
2024-07-24 17:00,1061.749,1,25.14
2024-07-24 18:00,1038.831,1,24.64
2024-07-24 19:00,933.226,0,0.0
2024-07-24 20:00,879.252,0,0.0
2024-07-24 21:00,794.343,0,0.0
2024-07-24 22:00,720.628,0,0.0
2024-07-24 23:00,653.639,0,0.0
2024-07-25 00:00,639.066,0,0.0
2024-07-25 01:00,652.19,0,0.0
2024-07-25 02:00,660.626,0,0.0
2024-07-25 03:00,641.118,0,0.0
2024-07-25 04:00,652.27,0,0.0
2024-07-25 05:00,722.893,0,0.0
2024-07-25 06:00,840.377,0,0.0
2024-07-25 07:00,919.175,1,25.48
2024-07-25 08:00,1002.921,1,25.25
2024-07-25 09:00,987.181,1,24.73
2024-07-25 10:00,1069.456,1,28.2
2024-07-25 11:00,1162.447,1,48.16
2024-07-25 12:00,1168.599,1,48.23
2024-07-25 13:00,1091.261,1,32.76
2024-07-25 14:00,1136.226,1,41.05
2024-07-25 15:00,1116.512,1,37.62
2024-07-25 16:00,1077.581,1,30.28
2024-07-25 17:00,1075.196,1,29.49
2024-07-25 18:00,1033.176,1,24.81
2024-07-25 19:00,944.598,1,24.89
2024-07-25 20:00,856.09,0,0.0
2024-07-25 21:00,795.425,0,0.0
2024-07-25 22:00,717.655,0,0.0
2024-07-25 23:00,642.868,0,0.0
2024-07-26 00:00,626.435,0,0.0
2024-07-26 01:00,607.907,0,0.0
2024-07-26 02:00,591.561,0,0.0
2024-07-26 03:00,549.057,0,0.0
2024-07-26 04:00,596.42,0,0.0
2024-07-26 05:00,588.769,0,0.0
2024-07-26 06:00,673.441,0,0.0
2024-07-26 07:00,769.129,0,0.0
2024-07-26 08:00,874.669,0,0.0
2024-07-26 09:00,960.927,0,0.0
2024-07-26 10:00,1047.294,1,25.01
2024-07-26 11:00,1039.777,1,25.27
2024-07-26 12:00,1085.626,1,25.11
2024-07-26 13:00,1112.096,1,26.88
2024-07-26 14:00,1062.124,1,24.94
2024-07-26 15:00,1167.105,1,47.61
2024-07-26 16:00,1087.843,1,24.39
2024-07-26 17:00,1075.44,1,24.9
2024-07-26 18:00,1038.273,1,25.19
2024-07-26 19:00,974.219,1,25.29
2024-07-26 20:00,883.376,0,0.0
2024-07-26 21:00,836.041,0,0.0
2024-07-26 22:00,717.999,0,0.0
2024-07-26 23:00,668.338,0,0.0
2024-07-27 00:00,602.85,0,0.0
2024-07-27 01:00,561.022,0,0.0
2024-07-27 02:00,560.105,0,0.0
2024-07-27 03:00,568.454,0,0.0
2024-07-27 04:00,577.782,0,0.0
2024-07-27 05:00,646.569,0,0.0
2024-07-27 06:00,732.169,0,0.0
2024-07-27 07:00,808.067,1,25.17
2024-07-27 08:00,886.363,1,25.74
2024-07-27 09:00,930.053,1,31.15
2024-07-27 10:00,943.997,1,34.2
2024-07-27 11:00,983.869,1,40.95
2024-07-27 12:00,1013.272,1,48.28
2024-07-27 13:00,974.228,0,0.0
2024-07-27 14:00,941.327,1,32.83
2024-07-27 15:00,993.959,1,44.0
2024-07-27 16:00,962.459,1,37.59
2024-07-27 17:00,958.999,1,36.47
2024-07-27 18:00,948.853,1,34.82
2024-07-27 19:00,846.099,1,24.94
2024-07-27 20:00,750.706,0,0.0
2024-07-27 21:00,748.667,0,0.0
2024-07-27 22:00,693.966,0,0.0
2024-07-27 23:00,634.687,0,0.0
2024-07-28 00:00,599.816,0,0.0
2024-07-28 01:00,562.159,0,0.0
2024-07-28 02:00,528.108,0,0.0
2024-07-28 03:00,539.16,0,0.0
2024-07-28 04:00,544.225,0,0.0
2024-07-28 05:00,623.542,0,0.0
2024-07-28 06:00,699.431,0,0.0
2024-07-28 07:00,773.066,0,0.0
2024-07-28 08:00,849.341,0,0.0
2024-07-28 09:00,820.175,0,0.0
2024-07-28 10:00,870.641,0,0.0
2024-07-28 11:00,901.574,1,25.12
2024-07-28 12:00,965.805,1,25.09
2024-07-28 13:00,923.878,1,24.55
2024-07-28 14:00,1003.608,1,24.99
2024-07-28 15:00,1060.76,1,36.09
2024-07-28 16:00,1092.967,1,47.12
2024-07-28 17:00,1049.843,1,31.15
2024-07-28 18:00,1027.556,1,24.76
2024-07-28 19:00,899.762,0,0.0
2024-07-28 20:00,853.605,0,0.0
2024-07-28 21:00,760.386,0,0.0
2024-07-28 22:00,653.643,0,0.0
2024-07-28 23:00,588.033,0,0.0
2024-07-29 00:00,620.575,0,0.0
2024-07-29 01:00,577.462,0,0.0
2024-07-29 02:00,579.289,0,0.0
2024-07-29 03:00,531.008,0,0.0
2024-07-29 04:00,513.811,0,0.0
2024-07-29 05:00,611.763,0,0.0
2024-07-29 06:00,730.897,0,0.0
2024-07-29 07:00,809.879,0,0.0
2024-07-29 08:00,906.471,0,0.0
2024-07-29 09:00,1004.781,1,24.79
2024-07-29 10:00,1058.447,1,25.52
2024-07-29 11:00,1081.363,1,25.71
2024-07-29 12:00,1139.705,1,42.55
2024-07-29 13:00,1121.247,1,38.58
2024-07-29 14:00,1138.446,1,43.8
2024-07-29 15:00,1153.859,1,47.77
2024-07-29 16:00,1123.115,1,38.35
2024-07-29 17:00,1072.559,1,25.53
2024-07-29 18:00,1024.537,1,24.27
2024-07-29 19:00,955.618,1,25.17
2024-07-29 20:00,852.02,0,0.0
2024-07-29 21:00,811.699,0,0.0
2024-07-29 22:00,715.036,0,0.0
2024-07-29 23:00,662.404,0,0.0
2024-07-30 00:00,642.91,0,0.0
2024-07-30 01:00,621.098,0,0.0
2024-07-30 02:00,560.111,0,0.0
2024-07-30 03:00,572.374,0,0.0
2024-07-30 04:00,580.105,0,0.0
2024-07-30 05:00,667.336,0,0.0
2024-07-30 06:00,745.722,0,0.0
2024-07-30 07:00,854.304,0,0.0
2024-07-30 08:00,1011.282,1,25.03
2024-07-30 09:00,1049.419,1,25.29
2024-07-30 10:00,1126.582,0,0.0
2024-07-30 11:00,1134.101,1,31.56
2024-07-30 12:00,1157.754,1,37.37
2024-07-30 13:00,1167.346,1,39.75
2024-07-30 14:00,1209.058,1,49.62
2024-07-30 15:00,1185.951,1,44.03
2024-07-30 16:00,1120.976,1,28.84
2024-07-30 17:00,1061.371,1,25.32
2024-07-30 18:00,1016.795,1,25.1
2024-07-30 19:00,941.115,0,0.0
2024-07-30 20:00,895.814,0,0.0
2024-07-30 21:00,859.067,0,0.0
2024-07-30 22:00,750.44,0,0.0
2024-07-30 23:00,676.851,0,0.0
2024-07-31 00:00,627.605,0,0.0
2024-07-31 01:00,646.438,0,0.0
2024-07-31 02:00,632.69,0,0.0
2024-07-31 03:00,621.513,0,0.0
2024-07-31 04:00,607.284,0,0.0
2024-07-31 05:00,662.863,0,0.0
2024-07-31 06:00,767.926,0,0.0
2024-07-31 07:00,868.888,0,0.0
2024-07-31 08:00,996.247,1,25.41
2024-07-31 09:00,1128.576,1,26.69
2024-07-31 10:00,1113.203,1,25.02
2024-07-31 11:00,1083.138,1,25.22
2024-07-31 12:00,1065.926,1,25.17
2024-07-31 13:00,1150.37,1,32.21
2024-07-31 14:00,1202.577,1,47.35
2024-07-31 15:00,1202.581,1,47.72
2024-07-31 16:00,1174.626,1,39.47
2024-07-31 17:00,1097.156,1,25.56
2024-07-31 18:00,1073.312,1,25.24
2024-07-31 19:00,978.846,1,24.59
2024-07-31 20:00,894.189,0,0.0
2024-07-31 21:00,837.933,0,0.0
2024-07-31 22:00,755.186,1,25.0
2024-07-31 23:00,692.514,0,0.0
2024-08-01 00:00,713.494,0,0.0
2024-08-01 01:00,693.291,0,0.0
2024-08-01 02:00,707.583,0,0.0
2024-08-01 03:00,690.352,0,0.0
2024-08-01 04:00,719.28,0,0.0
2024-08-01 05:00,764.916,0,0.0
2024-08-01 06:00,837.332,0,0.0
2024-08-01 07:00,971.929,0,0.0
2024-08-01 08:00,1069.517,1,24.86
2024-08-01 09:00,1066.829,1,25.19
2024-08-01 10:00,1093.951,1,25.2
2024-08-01 11:00,1113.388,1,24.65
2024-08-01 12:00,1115.476,1,24.64
2024-08-01 13:00,1201.848,1,26.01
2024-08-01 14:00,1236.244,1,33.86
2024-08-01 15:00,1306.296,1,46.7
2024-08-01 16:00,1279.704,1,42.19
2024-08-01 17:00,1226.426,1,31.87
2024-08-01 18:00,1116.715,1,24.54
2024-08-01 19:00,1035.281,0,0.0
2024-08-01 20:00,954.857,0,0.0
2024-08-01 21:00,833.395,0,0.0
2024-08-01 22:00,749.636,0,0.0
2024-08-01 23:00,692.958,0,0.0
2024-08-02 00:00,691.607,0,0.0
2024-08-02 01:00,668.447,0,0.0
2024-08-02 02:00,636.825,0,0.0
2024-08-02 03:00,631.448,0,0.0
2024-08-02 04:00,646.971,0,0.0
2024-08-02 05:00,633.922,0,0.0
2024-08-02 06:00,721.707,0,0.0
2024-08-02 07:00,877.298,0,0.0
2024-08-02 08:00,917.752,0,0.0
2024-08-02 09:00,993.191,1,24.7
2024-08-02 10:00,1106.083,1,29.87
2024-08-02 11:00,1096.602,1,27.63
2024-08-02 12:00,1122.174,1,33.32
2024-08-02 13:00,1093.088,1,27.09
2024-08-02 14:00,1193.467,1,45.57
2024-08-02 15:00,1208.909,1,47.26
2024-08-02 16:00,1192.07,1,44.66
2024-08-02 17:00,1208.275,1,47.62
2024-08-02 18:00,1163.869,1,41.86
2024-08-02 19:00,1039.58,1,24.99
2024-08-02 20:00,936.345,1,24.69
2024-08-02 21:00,875.836,0,0.0
2024-08-02 22:00,779.011,0,0.0
2024-08-02 23:00,669.412,0,0.0
2024-08-03 00:00,621.516,0,0.0
2024-08-03 01:00,563.178,0,0.0
2024-08-03 02:00,593.97,0,0.0
2024-08-03 03:00,583.766,0,0.0
2024-08-03 04:00,584.327,0,0.0
2024-08-03 05:00,625.434,0,0.0
2024-08-03 06:00,668.59,0,0.0
2024-08-03 07:00,749.325,0,0.0
2024-08-03 08:00,884.926,0,0.0
2024-08-03 09:00,1027.928,1,25.2
2024-08-03 10:00,1088.322,1,24.94
2024-08-03 11:00,1096.298,1,25.41
2024-08-03 12:00,1092.983,1,24.9
2024-08-03 13:00,1072.707,1,24.87
2024-08-03 14:00,1176.495,1,38.66
2024-08-03 15:00,1177.699,1,37.42
2024-08-03 16:00,1235.031,1,46.79
2024-08-03 17:00,1228.117,1,46.19
2024-08-03 18:00,1079.358,1,25.15
2024-08-03 19:00,973.043,1,25.49
2024-08-03 20:00,876.334,0,0.0
2024-08-03 21:00,804.042,0,0.0
2024-08-03 22:00,732.514,0,0.0
2024-08-03 23:00,752.337,0,0.0
2024-08-04 00:00,695.83,0,0.0
2024-08-04 01:00,658.659,0,0.0
2024-08-04 02:00,648.526,0,0.0
2024-08-04 03:00,623.464,0,0.0
2024-08-04 04:00,639.701,0,0.0
2024-08-04 05:00,666.746,0,0.0
2024-08-04 06:00,760.066,0,0.0
2024-08-04 07:00,883.956,0,0.0
2024-08-04 08:00,983.736,1,25.23
2024-08-04 09:00,1054.684,1,25.37
2024-08-04 10:00,1136.219,1,35.38
2024-08-04 11:00,1174.652,1,47.67
2024-08-04 12:00,1177.421,1,47.98
2024-08-04 13:00,1134.794,1,34.9
2024-08-04 14:00,1123.937,1,31.63
2024-08-04 15:00,1132.675,1,34.06
2024-08-04 16:00,1125.628,1,32.34
2024-08-04 17:00,1070.262,1,25.19
2024-08-04 18:00,985.414,1,25.31
2024-08-04 19:00,883.908,1,25.0
2024-08-04 20:00,778.32,0,0.0
2024-08-04 21:00,725.816,0,0.0
2024-08-04 22:00,637.522,0,0.0
2024-08-04 23:00,584.08,0,0.0
2024-08-05 00:00,614.342,0,0.0
2024-08-05 01:00,566.187,0,0.0
2024-08-05 02:00,577.355,0,0.0
2024-08-05 03:00,590.142,0,0.0
2024-08-05 04:00,603.669,0,0.0
2024-08-05 05:00,655.846,0,0.0
2024-08-05 06:00,771.0,0,0.0
2024-08-05 07:00,865.582,0,0.0
2024-08-05 08:00,939.207,0,0.0
2024-08-05 09:00,1052.62,1,24.52
2024-08-05 10:00,1129.195,1,24.46
2024-08-05 11:00,1169.958,0,0.0
2024-08-05 12:00,1220.63,1,34.77
2024-08-05 13:00,1147.533,1,24.75
2024-08-05 14:00,1227.437,1,36.29
2024-08-05 15:00,1257.367,1,44.62
2024-08-05 16:00,1271.398,1,47.93
2024-08-05 17:00,1232.18,1,37.82
2024-08-05 18:00,1158.996,1,24.94
2024-08-05 19:00,1057.274,1,25.19
2024-08-05 20:00,983.206,0,0.0
2024-08-05 21:00,886.699,0,0.0
2024-08-05 22:00,828.289,0,0.0
2024-08-05 23:00,720.435,0,0.0
2024-08-06 00:00,689.768,0,0.0
2024-08-06 01:00,704.313,0,0.0
2024-08-06 02:00,664.371,0,0.0
2024-08-06 03:00,637.659,0,0.0
2024-08-06 04:00,636.192,0,0.0
2024-08-06 05:00,704.11,0,0.0
2024-08-06 06:00,779.928,0,0.0
2024-08-06 07:00,891.016,0,0.0
2024-08-06 08:00,1020.423,0,0.0
2024-08-06 09:00,1051.57,0,0.0
2024-08-06 10:00,1124.573,0,0.0
2024-08-06 11:00,1174.864,1,25.06
2024-08-06 12:00,1229.942,1,24.15
2024-08-06 13:00,1242.224,1,24.88
2024-08-06 14:00,1385.098,1,41.47
2024-08-06 15:00,1416.817,1,47.48
2024-08-06 16:00,1371.457,1,37.43
2024-08-06 17:00,1260.587,1,24.97
2024-08-06 18:00,1175.526,1,24.69
2024-08-06 19:00,1130.563,0,0.0
2024-08-06 20:00,1083.027,0,0.0
2024-08-06 21:00,1016.074,1,25.0
2024-08-06 22:00,922.665,0,0.0
2024-08-06 23:00,800.619,0,0.0
2024-08-07 00:00,779.401,0,0.0
2024-08-07 01:00,696.445,0,0.0
2024-08-07 02:00,638.396,0,0.0
2024-08-07 03:00,627.597,0,0.0
2024-08-07 04:00,659.853,0,0.0
2024-08-07 05:00,739.353,0,0.0
2024-08-07 06:00,847.591,0,0.0
2024-08-07 07:00,977.589,1,25.24
2024-08-07 08:00,1033.419,1,24.81
2024-08-07 09:00,1085.205,1,24.85
2024-08-07 10:00,1063.543,1,24.82
2024-08-07 11:00,1011.779,1,24.81
2024-08-07 12:00,1081.256,1,25.07
2024-08-07 13:00,1081.588,1,24.86
2024-08-07 14:00,1152.395,1,33.52
2024-08-07 15:00,1225.205,1,49.97
2024-08-07 16:00,1177.438,1,37.69
2024-08-07 17:00,1165.82,1,35.74
2024-08-07 18:00,1080.067,1,25.39
2024-08-07 19:00,941.083,0,0.0
2024-08-07 20:00,887.08,0,0.0
2024-08-07 21:00,809.492,0,0.0
2024-08-07 22:00,734.522,0,0.0
2024-08-07 23:00,740.246,0,0.0
2024-08-08 00:00,681.08,0,0.0
2024-08-08 01:00,658.433,0,0.0
2024-08-08 02:00,619.389,0,0.0
2024-08-08 03:00,627.327,0,0.0
2024-08-08 04:00,654.482,0,0.0
2024-08-08 05:00,721.514,0,0.0
2024-08-08 06:00,790.232,0,0.0
2024-08-08 07:00,881.94,0,0.0
2024-08-08 08:00,1015.001,0,0.0
2024-08-08 09:00,1139.929,1,24.94
2024-08-08 10:00,1187.582,1,25.37
2024-08-08 11:00,1159.152,1,25.08
2024-08-08 12:00,1187.932,1,25.74
2024-08-08 13:00,1301.071,1,35.53
2024-08-08 14:00,1303.195,0,0.0
2024-08-08 15:00,1365.84,1,47.87
2024-08-08 16:00,1285.88,1,32.11
2024-08-08 17:00,1226.342,1,24.73
2024-08-08 18:00,1176.335,1,24.49
2024-08-08 19:00,1094.483,1,25.12
2024-08-08 20:00,974.04,0,0.0
2024-08-08 21:00,864.724,0,0.0
2024-08-08 22:00,815.193,0,0.0
2024-08-08 23:00,781.515,0,0.0
2024-08-09 00:00,789.666,0,0.0
2024-08-09 01:00,776.128,0,0.0
2024-08-09 02:00,738.98,0,0.0
2024-08-09 03:00,695.429,0,0.0
2024-08-09 04:00,736.099,0,0.0
2024-08-09 05:00,802.654,0,0.0
2024-08-09 06:00,864.696,0,0.0
2024-08-09 07:00,943.066,0,0.0
2024-08-09 08:00,1054.82,1,25.82
2024-08-09 09:00,1101.023,1,24.71
2024-08-09 10:00,1134.763,1,24.18
2024-08-09 11:00,1193.301,1,27.42
2024-08-09 12:00,1233.37,1,34.73
2024-08-09 13:00,1293.899,1,47.32
2024-08-09 14:00,1212.363,1,31.15
2024-08-09 15:00,1238.929,1,36.93
2024-08-09 16:00,1243.332,1,36.66
2024-08-09 17:00,1132.644,1,25.45
2024-08-09 18:00,1054.463,1,24.31
2024-08-09 19:00,957.417,0,0.0
2024-08-09 20:00,896.113,0,0.0
2024-08-09 21:00,879.843,0,0.0
2024-08-09 22:00,855.023,0,0.0
2024-08-09 23:00,760.497,0,0.0
2024-08-10 00:00,703.446,0,0.0
2024-08-10 01:00,671.869,0,0.0
2024-08-10 02:00,654.127,0,0.0
2024-08-10 03:00,636.282,0,0.0
2024-08-10 04:00,654.693,0,0.0
2024-08-10 05:00,744.069,0,0.0
2024-08-10 06:00,858.498,0,0.0
2024-08-10 07:00,928.488,1,24.99
2024-08-10 08:00,1039.749,1,25.15
2024-08-10 09:00,1114.626,1,34.55
2024-08-10 10:00,1146.86,1,38.33
2024-08-10 11:00,1190.784,1,44.99
2024-08-10 12:00,1195.305,1,45.62
2024-08-10 13:00,1202.649,1,47.33
2024-08-10 14:00,1208.774,1,46.5
2024-08-10 15:00,1131.692,1,36.07
2024-08-10 16:00,1111.786,1,33.52
2024-08-10 17:00,1052.07,1,24.8
2024-08-10 18:00,962.204,1,25.07
2024-08-10 19:00,954.115,1,25.8
2024-08-10 20:00,898.347,0,0.0
2024-08-10 21:00,822.043,0,0.0
2024-08-10 22:00,732.88,0,0.0
2024-08-10 23:00,687.718,0,0.0
2024-08-11 00:00,692.649,0,0.0
2024-08-11 01:00,632.816,0,0.0
2024-08-11 02:00,614.578,0,0.0
2024-08-11 03:00,614.597,0,0.0
2024-08-11 04:00,588.206,0,0.0
2024-08-11 05:00,643.898,0,0.0
2024-08-11 06:00,724.566,0,0.0
2024-08-11 07:00,831.098,0,0.0
2024-08-11 08:00,908.079,0,0.0
2024-08-11 09:00,973.811,0,0.0
2024-08-11 10:00,1086.283,1,25.03
2024-08-11 11:00,1085.944,1,24.94
2024-08-11 12:00,1111.812,1,25.33
2024-08-11 13:00,1202.272,1,34.45
2024-08-11 14:00,1182.137,1,29.51
2024-08-11 15:00,1262.232,1,48.23
2024-08-11 16:00,1220.491,1,39.09
2024-08-11 17:00,1231.318,1,41.53
2024-08-11 18:00,1171.66,1,27.08
2024-08-11 19:00,1076.039,1,25.82
2024-08-11 20:00,973.118,0,0.0
2024-08-11 21:00,861.437,0,0.0
2024-08-11 22:00,778.924,0,0.0
2024-08-11 23:00,737.162,0,0.0
2024-08-12 00:00,753.847,0,0.0
2024-08-12 01:00,698.404,0,0.0
2024-08-12 02:00,668.25,0,0.0
2024-08-12 03:00,668.084,0,0.0
2024-08-12 04:00,710.118,0,0.0
2024-08-12 05:00,745.106,0,0.0
2024-08-12 06:00,820.001,0,0.0
2024-08-12 07:00,946.817,0,0.0
2024-08-12 08:00,1095.15,1,24.76
2024-08-12 09:00,1185.828,1,33.75
2024-08-12 10:00,1158.962,1,25.44
2024-08-12 11:00,1160.423,1,26.07
2024-08-12 12:00,1137.736,1,25.65
2024-08-12 13:00,1148.606,1,24.62
2024-08-12 14:00,1238.785,0,0.0
2024-08-12 15:00,1189.896,1,33.8
2024-08-12 16:00,1107.244,1,24.69
2024-08-12 17:00,1052.834,1,25.05
2024-08-12 18:00,1028.428,1,25.27
2024-08-12 19:00,989.679,0,0.0
2024-08-12 20:00,934.279,0,0.0
2024-08-12 21:00,894.893,0,0.0
2024-08-12 22:00,761.827,0,0.0
2024-08-12 23:00,740.875,0,0.0
2024-08-13 00:00,711.8,0,0.0
2024-08-13 01:00,690.473,0,0.0
2024-08-13 02:00,637.392,0,0.0
2024-08-13 03:00,621.597,0,0.0
2024-08-13 04:00,648.22,0,0.0
2024-08-13 05:00,735.255,0,0.0
2024-08-13 06:00,784.926,0,0.0
2024-08-13 07:00,902.687,0,0.0
2024-08-13 08:00,962.015,0,0.0
2024-08-13 09:00,1046.343,1,24.83
2024-08-13 10:00,1119.688,1,25.24
2024-08-13 11:00,1189.248,1,24.47
2024-08-13 12:00,1177.744,0,0.0
2024-08-13 13:00,1230.998,1,33.27
2024-08-13 14:00,1297.296,1,49.28
2024-08-13 15:00,1229.295,0,0.0
2024-08-13 16:00,1232.122,1,32.97
2024-08-13 17:00,1224.079,1,31.74
2024-08-13 18:00,1140.886,1,25.39
2024-08-13 19:00,1010.105,0,0.0
2024-08-13 20:00,966.431,0,0.0
2024-08-13 21:00,847.186,0,0.0
2024-08-13 22:00,769.904,0,0.0
2024-08-13 23:00,715.602,0,0.0
2024-08-14 00:00,717.207,0,0.0
2024-08-14 01:00,662.681,0,0.0
2024-08-14 02:00,629.87,0,0.0
2024-08-14 03:00,617.697,0,0.0
2024-08-14 04:00,662.543,0,0.0
2024-08-14 05:00,776.213,0,0.0
2024-08-14 06:00,825.247,0,0.0
2024-08-14 07:00,949.666,0,0.0
2024-08-14 08:00,1004.504,0,0.0
2024-08-14 09:00,1102.498,1,25.26
2024-08-14 10:00,1100.419,1,24.62
2024-08-14 11:00,1095.29,1,24.94
2024-08-14 12:00,1097.203,1,25.43
2024-08-14 13:00,1122.667,1,25.03
2024-08-14 14:00,1163.716,1,25.42
2024-08-14 15:00,1208.158,1,48.94
2024-08-14 16:00,1189.278,1,36.96
2024-08-14 17:00,1097.691,1,24.2
2024-08-14 18:00,1080.266,1,25.44
2024-08-14 19:00,1005.176,0,0.0
2024-08-14 20:00,969.908,0,0.0
2024-08-14 21:00,864.695,0,0.0
2024-08-14 22:00,743.702,0,0.0
2024-08-14 23:00,695.844,0,0.0
2024-08-15 00:00,715.882,0,0.0
2024-08-15 01:00,680.202,0,0.0
2024-08-15 02:00,654.92,0,0.0
2024-08-15 03:00,616.111,0,0.0
2024-08-15 04:00,678.394,0,0.0
2024-08-15 05:00,707.773,0,0.0
2024-08-15 06:00,783.646,0,0.0
2024-08-15 07:00,918.905,0,0.0
2024-08-15 08:00,949.21,1,24.67
2024-08-15 09:00,1064.23,1,25.14
2024-08-15 10:00,1128.907,1,32.31
2024-08-15 11:00,1181.537,1,41.46
2024-08-15 12:00,1215.447,1,48.07
2024-08-15 13:00,1217.758,1,48.24
2024-08-15 14:00,1185.132,1,41.59
2024-08-15 15:00,1199.559,1,45.09
2024-08-15 16:00,1141.894,1,34.09
2024-08-15 17:00,1133.408,1,33.71
2024-08-15 18:00,1111.12,1,29.03
2024-08-15 19:00,1083.257,1,24.74
2024-08-15 20:00,1003.056,1,25.13
2024-08-15 21:00,939.083,0,0.0
2024-08-15 22:00,835.284,0,0.0
2024-08-15 23:00,754.088,0,0.0
2024-08-16 00:00,741.913,0,0.0
2024-08-16 01:00,687.501,0,0.0
2024-08-16 02:00,671.461,0,0.0
2024-08-16 03:00,625.038,0,0.0
2024-08-16 04:00,625.551,0,0.0
2024-08-16 05:00,702.072,0,0.0
2024-08-16 06:00,823.899,0,0.0
2024-08-16 07:00,906.382,0,0.0
2024-08-16 08:00,1027.978,0,0.0
2024-08-16 09:00,1064.373,1,24.99
2024-08-16 10:00,1105.312,1,24.99
2024-08-16 11:00,1182.408,1,24.84
2024-08-16 12:00,1226.242,1,25.91
2024-08-16 13:00,1266.038,1,33.09
2024-08-16 14:00,1349.357,1,47.66
2024-08-16 15:00,1312.495,1,41.11
2024-08-16 16:00,1232.587,1,27.49
2024-08-16 17:00,1156.596,1,25.85
2024-08-16 18:00,1088.479,1,25.5
2024-08-16 19:00,929.356,0,0.0
2024-08-16 20:00,867.285,0,0.0
2024-08-16 21:00,792.354,0,0.0
2024-08-16 22:00,755.482,0,0.0
2024-08-16 23:00,714.678,0,0.0
2024-08-17 00:00,642.677,0,0.0
2024-08-17 01:00,625.422,0,0.0
2024-08-17 02:00,624.346,0,0.0
2024-08-17 03:00,588.211,0,0.0
2024-08-17 04:00,596.945,0,0.0
2024-08-17 05:00,600.964,0,0.0
2024-08-17 06:00,667.032,0,0.0
2024-08-17 07:00,758.703,0,0.0
2024-08-17 08:00,861.833,0,0.0
2024-08-17 09:00,895.382,1,24.72
2024-08-17 10:00,930.268,1,25.1
2024-08-17 11:00,922.167,1,24.96
2024-08-17 12:00,970.662,1,24.92
2024-08-17 13:00,1024.062,1,27.58
2024-08-17 14:00,1070.957,1,41.23
2024-08-17 15:00,1097.775,1,48.25
2024-08-17 16:00,1027.134,1,28.8
2024-08-17 17:00,986.728,1,25.78
2024-08-17 18:00,939.393,1,25.18
2024-08-17 19:00,875.131,1,25.0
2024-08-17 20:00,825.165,0,0.0
2024-08-17 21:00,808.356,0,0.0
2024-08-17 22:00,758.362,0,0.0
2024-08-17 23:00,676.23,0,0.0
2024-08-18 00:00,676.151,0,0.0
2024-08-18 01:00,652.501,0,0.0
2024-08-18 02:00,613.028,0,0.0
2024-08-18 03:00,612.963,0,0.0
2024-08-18 04:00,625.011,0,0.0
2024-08-18 05:00,645.091,0,0.0
2024-08-18 06:00,749.173,0,0.0
2024-08-18 07:00,864.809,0,0.0
2024-08-18 08:00,947.785,1,24.64
2024-08-18 09:00,1002.012,1,25.21
2024-08-18 10:00,1013.283,1,25.04
2024-08-18 11:00,1059.909,1,27.26
2024-08-18 12:00,1077.383,1,31.98
2024-08-18 13:00,1103.028,1,39.23
2024-08-18 14:00,1134.997,1,48.98
2024-08-18 15:00,1104.634,1,39.96
2024-08-18 16:00,1058.033,1,26.88
2024-08-18 17:00,950.907,1,25.32
2024-08-18 18:00,946.533,1,25.01
2024-08-18 19:00,853.458,0,0.0
2024-08-18 20:00,810.519,0,0.0
2024-08-18 21:00,767.311,0,0.0
2024-08-18 22:00,722.257,1,25.0
2024-08-18 23:00,643.587,0,0.0
2024-08-19 00:00,673.071,0,0.0
2024-08-19 01:00,682.541,0,0.0
2024-08-19 02:00,700.571,0,0.0
2024-08-19 03:00,693.694,0,0.0
2024-08-19 04:00,711.446,0,0.0
2024-08-19 05:00,737.878,0,0.0
2024-08-19 06:00,852.477,0,0.0
2024-08-19 07:00,959.895,0,0.0
2024-08-19 08:00,1072.504,1,24.89
2024-08-19 09:00,1099.178,1,25.58
2024-08-19 10:00,1127.479,1,27.63
2024-08-19 11:00,1151.162,1,30.55
2024-08-19 12:00,1177.528,1,34.05
2024-08-19 13:00,1213.025,1,39.11
2024-08-19 14:00,1201.377,1,37.41
2024-08-19 15:00,1162.089,1,32.4
2024-08-19 16:00,1220.126,1,39.53
2024-08-19 17:00,1276.361,1,47.88
2024-08-19 18:00,1208.697,1,38.28
2024-08-19 19:00,1057.77,1,24.36
2024-08-19 20:00,945.983,0,0.0
2024-08-19 21:00,883.524,0,0.0
2024-08-19 22:00,838.972,0,0.0
2024-08-19 23:00,738.107,0,0.0
2024-08-20 00:00,714.265,0,0.0
2024-08-20 01:00,679.771,0,0.0
2024-08-20 02:00,678.925,0,0.0
2024-08-20 03:00,646.913,0,0.0
2024-08-20 04:00,628.425,0,0.0
2024-08-20 05:00,704.283,0,0.0
2024-08-20 06:00,832.685,0,0.0
2024-08-20 07:00,943.784,0,0.0
2024-08-20 08:00,1052.379,0,0.0
2024-08-20 09:00,1087.708,1,24.78
2024-08-20 10:00,1091.479,1,25.86
2024-08-20 11:00,1155.366,1,24.76
2024-08-20 12:00,1186.735,1,25.09
2024-08-20 13:00,1220.562,1,28.01
2024-08-20 14:00,1294.489,0,0.0
2024-08-20 15:00,1251.9,1,37.11
2024-08-20 16:00,1201.788,1,25.21
2024-08-20 17:00,1167.686,1,24.92
2024-08-20 18:00,1085.235,1,25.52
2024-08-20 19:00,1038.782,0,0.0
2024-08-20 20:00,950.902,0,0.0
2024-08-20 21:00,841.759,0,0.0
2024-08-20 22:00,772.584,0,0.0
2024-08-20 23:00,723.021,0,0.0
2024-08-21 00:00,728.586,0,0.0
2024-08-21 01:00,695.524,0,0.0
2024-08-21 02:00,682.244,0,0.0
2024-08-21 03:00,664.296,0,0.0
2024-08-21 04:00,674.582,0,0.0
2024-08-21 05:00,712.174,0,0.0
2024-08-21 06:00,816.405,0,0.0
2024-08-21 07:00,920.435,0,0.0
2024-08-21 08:00,1077.051,1,25.1
2024-08-21 09:00,1177.539,1,32.62
2024-08-21 10:00,1225.477,1,44.36
2024-08-21 11:00,1241.415,1,47.46
2024-08-21 12:00,1239.295,1,46.75
2024-08-21 13:00,1192.489,1,36.73
2024-08-21 14:00,1199.407,1,36.87
2024-08-21 15:00,1221.69,1,42.69
2024-08-21 16:00,1210.011,1,40.34
2024-08-21 17:00,1186.792,1,34.17
2024-08-21 18:00,1157.099,1,27.06
2024-08-21 19:00,1040.962,1,24.46
2024-08-21 20:00,936.212,0,0.0
2024-08-21 21:00,904.682,0,0.0
2024-08-21 22:00,839.05,0,0.0
2024-08-21 23:00,759.187,0,0.0
2024-08-22 00:00,731.522,0,0.0
2024-08-22 01:00,686.124,0,0.0
2024-08-22 02:00,664.928,0,0.0
2024-08-22 03:00,653.899,0,0.0
2024-08-22 04:00,728.1,0,0.0
2024-08-22 05:00,782.487,0,0.0
2024-08-22 06:00,892.416,0,0.0
2024-08-22 07:00,947.957,1,24.76
2024-08-22 08:00,1024.412,1,24.42
2024-08-22 09:00,1127.661,1,35.66
2024-08-22 10:00,1174.119,1,41.5
2024-08-22 11:00,1009.301,1,25.15
2024-08-22 12:00,1076.5,1,28.35
2024-08-22 13:00,1187.269,1,44.51
2024-08-22 14:00,1120.807,1,34.55
2024-08-22 15:00,1216.31,1,48.82
2024-08-22 16:00,1080.454,1,29.28
2024-08-22 17:00,1102.895,1,32.0
2024-08-22 18:00,1056.075,1,25.34
2024-08-22 19:00,904.813,0,0.0
2024-08-22 20:00,870.228,0,0.0
2024-08-22 21:00,845.907,0,0.0
2024-08-22 22:00,783.908,0,0.0
2024-08-22 23:00,742.225,0,0.0
2024-08-23 00:00,710.399,0,0.0
2024-08-23 01:00,628.321,0,0.0
2024-08-23 02:00,633.99,0,0.0
2024-08-23 03:00,657.633,0,0.0
2024-08-23 04:00,699.102,0,0.0
2024-08-23 05:00,702.394,0,0.0
2024-08-23 06:00,756.326,0,0.0
2024-08-23 07:00,847.569,0,0.0
2024-08-23 08:00,894.002,0,0.0
2024-08-23 09:00,970.033,1,25.36
2024-08-23 10:00,1039.901,1,24.73
2024-08-23 11:00,1014.812,1,24.6
2024-08-23 12:00,1085.258,1,28.85
2024-08-23 13:00,1140.51,1,42.83
2024-08-23 14:00,1142.235,0,0.0
2024-08-23 15:00,1162.441,1,49.11
2024-08-23 16:00,1071.282,1,25.51
2024-08-23 17:00,1044.333,1,24.51
2024-08-23 18:00,1011.07,1,24.96
2024-08-23 19:00,960.323,1,26.07
2024-08-23 20:00,910.093,0,0.0
2024-08-23 21:00,848.476,0,0.0
2024-08-23 22:00,768.496,0,0.0
2024-08-23 23:00,722.876,0,0.0
2024-08-24 00:00,686.338,0,0.0
2024-08-24 01:00,644.114,0,0.0
2024-08-24 02:00,630.512,0,0.0
2024-08-24 03:00,605.273,0,0.0
2024-08-24 04:00,608.055,0,0.0
2024-08-24 05:00,675.194,0,0.0
2024-08-24 06:00,750.351,0,0.0
2024-08-24 07:00,871.05,0,0.0
2024-08-24 08:00,962.015,1,24.9
2024-08-24 09:00,1004.902,1,24.99
2024-08-24 10:00,1030.08,1,26.31
2024-08-24 11:00,1032.189,1,26.12
2024-08-24 12:00,993.456,1,25.37
2024-08-24 13:00,1041.412,1,28.07
2024-08-24 14:00,1078.719,1,35.74
2024-08-24 15:00,1137.608,1,48.89
2024-08-24 16:00,1098.871,1,39.32
2024-08-24 17:00,1139.113,1,48.52
2024-08-24 18:00,1059.095,1,32.36
2024-08-24 19:00,950.582,1,25.12
2024-08-24 20:00,849.244,0,0.0
2024-08-24 21:00,736.561,0,0.0
2024-08-24 22:00,723.408,0,0.0
2024-08-24 23:00,706.355,0,0.0
2024-08-25 00:00,698.386,0,0.0
2024-08-25 01:00,635.736,0,0.0
2024-08-25 02:00,655.96,0,0.0
2024-08-25 03:00,622.072,0,0.0
2024-08-25 04:00,630.37,0,0.0
2024-08-25 05:00,716.507,0,0.0
2024-08-25 06:00,821.059,0,0.0
2024-08-25 07:00,992.416,1,25.28
2024-08-25 08:00,1079.293,1,28.02
2024-08-25 09:00,1103.216,1,33.63
2024-08-25 10:00,1103.17,1,32.68
2024-08-25 11:00,1043.192,1,24.8
2024-08-25 12:00,1054.518,1,24.87
2024-08-25 13:00,1121.706,0,0.0
2024-08-25 14:00,1160.043,1,46.13
2024-08-25 15:00,1172.32,1,46.84
2024-08-25 16:00,1108.708,1,34.91
2024-08-25 17:00,1083.598,1,29.13
2024-08-25 18:00,1066.054,1,25.1
2024-08-25 19:00,999.663,1,25.13
2024-08-25 20:00,922.419,0,0.0
2024-08-25 21:00,818.335,0,0.0
2024-08-25 22:00,767.245,0,0.0
2024-08-25 23:00,631.441,0,0.0
2024-08-26 00:00,673.908,0,0.0
2024-08-26 01:00,704.387,0,0.0
2024-08-26 02:00,644.244,0,0.0
2024-08-26 03:00,621.581,0,0.0
2024-08-26 04:00,642.62,0,0.0
2024-08-26 05:00,689.967,0,0.0
2024-08-26 06:00,816.861,0,0.0
2024-08-26 07:00,946.881,0,0.0
2024-08-26 08:00,1046.163,1,24.85
2024-08-26 09:00,1130.244,1,24.63
2024-08-26 10:00,1161.266,1,25.67
2024-08-26 11:00,1299.07,1,46.4
2024-08-26 12:00,1297.035,1,48.0
2024-08-26 13:00,1300.404,1,47.7
2024-08-26 14:00,1227.008,1,37.09
2024-08-26 15:00,1217.351,1,34.83
2024-08-26 16:00,1244.805,1,39.54
2024-08-26 17:00,1141.529,1,24.95
2024-08-26 18:00,1003.751,1,25.02
2024-08-26 19:00,949.878,0,0.0
2024-08-26 20:00,934.877,0,0.0
2024-08-26 21:00,861.028,0,0.0
2024-08-26 22:00,775.893,0,0.0
2024-08-26 23:00,673.659,0,0.0
2024-08-27 00:00,677.163,0,0.0
2024-08-27 01:00,661.952,0,0.0
2024-08-27 02:00,604.188,0,0.0
2024-08-27 03:00,620.253,0,0.0
2024-08-27 04:00,659.196,0,0.0
2024-08-27 05:00,744.467,0,0.0
2024-08-27 06:00,854.792,0,0.0
2024-08-27 07:00,988.282,0,0.0
2024-08-27 08:00,1096.786,1,25.02
2024-08-27 09:00,1176.788,1,32.91
2024-08-27 10:00,1129.16,1,24.96
2024-08-27 11:00,1086.456,1,24.65
2024-08-27 12:00,1083.912,1,25.29
2024-08-27 13:00,1109.386,1,25.4
2024-08-27 14:00,1155.356,1,29.39
2024-08-27 15:00,1194.451,1,39.25
2024-08-27 16:00,1225.062,1,46.9
2024-08-27 17:00,1226.147,1,47.42
2024-08-27 18:00,1118.96,1,25.11
2024-08-27 19:00,1045.075,1,24.39
2024-08-27 20:00,933.898,0,0.0
2024-08-27 21:00,853.307,0,0.0
2024-08-27 22:00,788.276,0,0.0
2024-08-27 23:00,643.431,0,0.0
2024-08-28 00:00,701.801,0,0.0
2024-08-28 01:00,678.829,0,0.0
2024-08-28 02:00,644.766,0,0.0
2024-08-28 03:00,670.154,0,0.0
2024-08-28 04:00,675.888,0,0.0
2024-08-28 05:00,734.471,0,0.0
2024-08-28 06:00,815.23,0,0.0
2024-08-28 07:00,983.45,0,0.0
2024-08-28 08:00,1070.097,0,0.0
2024-08-28 09:00,1126.572,0,0.0
2024-08-28 10:00,1204.474,1,25.15
2024-08-28 11:00,1232.1,1,25.16
2024-08-28 12:00,1232.885,1,26.08
2024-08-28 13:00,1284.486,1,25.64
2024-08-28 14:00,1391.002,1,46.74
2024-08-28 15:00,1390.489,1,47.66
2024-08-28 16:00,1341.528,1,25.1
2024-08-28 17:00,1279.089,1,25.48
2024-08-28 18:00,1243.922,1,24.88
2024-08-28 19:00,1110.476,0,0.0
2024-08-28 20:00,1002.257,0,0.0
2024-08-28 21:00,863.932,0,0.0
2024-08-28 22:00,754.675,0,0.0
2024-08-28 23:00,691.814,0,0.0
2024-08-29 00:00,679.007,0,0.0
2024-08-29 01:00,689.472,0,0.0
2024-08-29 02:00,679.135,0,0.0
2024-08-29 03:00,634.457,0,0.0
2024-08-29 04:00,637.024,0,0.0
2024-08-29 05:00,730.717,0,0.0
2024-08-29 06:00,857.342,0,0.0
2024-08-29 07:00,970.467,0,0.0
2024-08-29 08:00,1046.305,1,25.17
2024-08-29 09:00,1142.714,1,25.24
2024-08-29 10:00,1132.436,1,24.99
2024-08-29 11:00,1164.344,1,25.31
2024-08-29 12:00,1270.332,1,45.39
2024-08-29 13:00,1278.556,1,47.48
2024-08-29 14:00,1247.799,1,40.71
2024-08-29 15:00,1275.11,1,46.96
2024-08-29 16:00,1223.939,1,34.6
2024-08-29 17:00,1122.603,1,24.94
2024-08-29 18:00,1098.647,1,25.47
2024-08-29 19:00,1060.945,1,25.49
2024-08-29 20:00,963.632,0,0.0
2024-08-29 21:00,869.976,1,25.0
2024-08-29 22:00,765.323,0,0.0
2024-08-29 23:00,709.313,0,0.0
2024-08-30 00:00,680.37,0,0.0
2024-08-30 01:00,625.055,0,0.0
2024-08-30 02:00,658.848,0,0.0
2024-08-30 03:00,648.923,0,0.0
2024-08-30 04:00,678.995,0,0.0
2024-08-30 05:00,755.938,0,0.0
2024-08-30 06:00,870.768,0,0.0
2024-08-30 07:00,968.798,1,25.3
2024-08-30 08:00,1070.295,1,31.42
2024-08-30 09:00,1110.973,1,37.42
2024-08-30 10:00,1161.357,1,43.35
2024-08-30 11:00,1186.47,1,47.55
2024-08-30 12:00,1181.579,1,47.97
2024-08-30 13:00,1141.574,1,41.17
2024-08-30 14:00,1172.092,1,44.81
2024-08-30 15:00,1185.972,1,48.51
2024-08-30 16:00,1092.751,1,34.14
2024-08-30 17:00,1095.28,1,35.37
2024-08-30 18:00,1087.499,1,33.67
2024-08-30 19:00,1102.748,1,35.74
2024-08-30 20:00,992.677,1,25.52
2024-08-30 21:00,886.959,1,24.52
2024-08-30 22:00,773.932,0,0.0
2024-08-30 23:00,725.024,0,0.0
2024-08-31 00:00,669.235,0,0.0
2024-08-31 01:00,615.001,0,0.0
2024-08-31 02:00,596.729,0,0.0
2024-08-31 03:00,540.972,0,0.0
2024-08-31 04:00,587.561,0,0.0
2024-08-31 05:00,626.633,0,0.0
2024-08-31 06:00,718.979,0,0.0
2024-08-31 07:00,786.611,0,0.0
2024-08-31 08:00,865.093,0,0.0
2024-08-31 09:00,921.79,0,0.0
2024-08-31 10:00,971.118,0,0.0
2024-08-31 11:00,1019.871,1,24.95
2024-08-31 12:00,1100.258,1,25.07
2024-08-31 13:00,1143.946,0,0.0
2024-08-31 14:00,1192.827,1,32.06
2024-08-31 15:00,1256.452,1,46.89
2024-08-31 16:00,1237.959,1,42.19
2024-08-31 17:00,1176.163,1,28.46
2024-08-31 18:00,1138.029,1,24.03
2024-08-31 19:00,1076.072,1,25.07
2024-08-31 20:00,995.279,0,0.0
2024-08-31 21:00,854.484,0,0.0
2024-08-31 22:00,749.942,0,0.0
2024-08-31 23:00,686.961,0,0.0
2024-09-01 00:00,548.812,0,0.0
2024-09-01 01:00,515.442,0,0.0
2024-09-01 02:00,517.837,0,0.0
2024-09-01 03:00,535.288,0,0.0
2024-09-01 04:00,580.797,0,0.0
2024-09-01 05:00,659.244,0,0.0
2024-09-01 06:00,719.685,0,0.0
2024-09-01 07:00,801.766,0,0.0
2024-09-01 08:00,806.205,0,0.0
2024-09-01 09:00,726.37,0,0.0
2024-09-01 10:00,692.815,0,0.0
2024-09-01 11:00,714.113,0,0.0
2024-09-01 12:00,706.96,0,0.0
2024-09-01 13:00,767.065,0,0.0
2024-09-01 14:00,791.12,0,0.0
2024-09-01 15:00,910.573,1,24.43
2024-09-01 16:00,977.343,1,32.05
2024-09-01 17:00,1039.482,1,47.23
2024-09-01 18:00,1009.833,1,40.54
2024-09-01 19:00,991.165,1,34.98
2024-09-01 20:00,869.046,1,24.89
2024-09-01 21:00,737.929,0,0.0
2024-09-01 22:00,674.444,0,0.0
2024-09-01 23:00,613.067,0,0.0
2024-09-02 00:00,631.44,0,0.0
2024-09-02 01:00,578.804,0,0.0
2024-09-02 02:00,553.48,0,0.0
2024-09-02 03:00,546.512,0,0.0
2024-09-02 04:00,589.861,0,0.0
2024-09-02 05:00,683.228,0,0.0
2024-09-02 06:00,783.431,0,0.0
2024-09-02 07:00,910.384,0,0.0
2024-09-02 08:00,949.874,1,25.2
2024-09-02 09:00,884.499,0,0.0
2024-09-02 10:00,854.614,0,0.0
2024-09-02 11:00,863.997,0,0.0
2024-09-02 12:00,874.862,0,0.0
2024-09-02 13:00,897.319,0,0.0
2024-09-02 14:00,907.011,0,0.0
2024-09-02 15:00,948.687,1,24.97
2024-09-02 16:00,1034.541,1,24.96
2024-09-02 17:00,1158.688,1,44.16
2024-09-02 18:00,1180.52,1,48.38
2024-09-02 19:00,1115.051,1,36.39
2024-09-02 20:00,986.537,1,24.71
2024-09-02 21:00,838.17,0,0.0
2024-09-02 22:00,721.447,0,0.0
2024-09-02 23:00,633.595,0,0.0
2024-09-03 00:00,628.642,0,0.0
2024-09-03 01:00,578.937,0,0.0
2024-09-03 02:00,555.474,0,0.0
2024-09-03 03:00,533.463,0,0.0
2024-09-03 04:00,577.238,0,0.0
2024-09-03 05:00,667.669,0,0.0
2024-09-03 06:00,799.94,0,0.0
2024-09-03 07:00,876.496,0,0.0
2024-09-03 08:00,911.7,0,0.0
2024-09-03 09:00,856.645,0,0.0
2024-09-03 10:00,824.714,0,0.0
2024-09-03 11:00,803.85,0,0.0
2024-09-03 12:00,777.295,0,0.0
2024-09-03 13:00,788.336,0,0.0
2024-09-03 14:00,825.38,0,0.0
2024-09-03 15:00,874.017,0,0.0
2024-09-03 16:00,941.31,0,0.0
2024-09-03 17:00,1076.809,1,25.43
2024-09-03 18:00,1192.998,1,48.29
2024-09-03 19:00,1067.996,1,24.99
2024-09-03 20:00,911.135,0,0.0
2024-09-03 21:00,767.036,0,0.0
2024-09-03 22:00,671.658,0,0.0
2024-09-03 23:00,613.475,0,0.0
2024-09-04 00:00,590.604,0,0.0
2024-09-04 01:00,557.211,0,0.0
2024-09-04 02:00,546.866,0,0.0
2024-09-04 03:00,529.564,0,0.0
2024-09-04 04:00,555.272,0,0.0
2024-09-04 05:00,617.722,0,0.0
2024-09-04 06:00,672.92,0,0.0
2024-09-04 07:00,723.075,0,0.0
2024-09-04 08:00,732.148,0,0.0
2024-09-04 09:00,740.42,0,0.0
2024-09-04 10:00,725.728,0,0.0
2024-09-04 11:00,732.086,0,0.0
2024-09-04 12:00,671.473,0,0.0
2024-09-04 13:00,657.583,0,0.0
2024-09-04 14:00,719.319,0,0.0
2024-09-04 15:00,707.208,0,0.0
2024-09-04 16:00,838.627,1,25.15
2024-09-04 17:00,862.48,1,24.85
2024-09-04 18:00,944.625,1,47.96
2024-09-04 19:00,884.545,1,25.07
2024-09-04 20:00,846.671,1,25.29
2024-09-04 21:00,833.527,1,24.47
2024-09-04 22:00,667.963,0,0.0
2024-09-04 23:00,606.591,0,0.0
2024-09-05 00:00,537.54,0,0.0
2024-09-05 01:00,520.901,0,0.0
2024-09-05 02:00,504.556,0,0.0
2024-09-05 03:00,509.852,0,0.0
2024-09-05 04:00,525.221,0,0.0
2024-09-05 05:00,607.513,0,0.0
2024-09-05 06:00,666.638,0,0.0
2024-09-05 07:00,783.72,0,0.0
2024-09-05 08:00,804.328,0,0.0
2024-09-05 09:00,737.484,0,0.0
2024-09-05 10:00,759.201,0,0.0
2024-09-05 11:00,741.349,0,0.0
2024-09-05 12:00,774.127,0,0.0
2024-09-05 13:00,813.815,0,0.0
2024-09-05 14:00,813.326,0,0.0
2024-09-05 15:00,869.45,0,0.0
2024-09-05 16:00,948.858,1,24.3
2024-09-05 17:00,1077.232,1,40.17
2024-09-05 18:00,1111.74,1,48.19
2024-09-05 19:00,1051.725,1,35.36
2024-09-05 20:00,931.862,1,24.98
2024-09-05 21:00,806.447,0,0.0
2024-09-05 22:00,733.459,0,0.0
2024-09-05 23:00,639.534,0,0.0
2024-09-06 00:00,591.234,0,0.0
2024-09-06 01:00,543.866,0,0.0
2024-09-06 02:00,516.509,0,0.0
2024-09-06 03:00,491.728,0,0.0
2024-09-06 04:00,512.578,0,0.0
2024-09-06 05:00,611.426,0,0.0
2024-09-06 06:00,701.208,0,0.0
2024-09-06 07:00,800.379,1,25.5
2024-09-06 08:00,759.089,1,25.16
2024-09-06 09:00,756.254,1,24.79
2024-09-06 10:00,727.408,1,24.66
2024-09-06 11:00,705.071,0,0.0
2024-09-06 12:00,701.136,0,0.0
2024-09-06 13:00,708.08,0,0.0
2024-09-06 14:00,687.049,0,0.0
2024-09-06 15:00,786.939,1,25.34
2024-09-06 16:00,878.724,1,33.05
2024-09-06 17:00,950.722,1,47.39
2024-09-06 18:00,954.308,1,48.74
2024-09-06 19:00,872.21,1,32.06
2024-09-06 20:00,812.015,1,24.48
2024-09-06 21:00,765.496,1,24.6
2024-09-06 22:00,677.829,0,0.0
2024-09-06 23:00,570.118,0,0.0
2024-09-07 00:00,516.663,0,0.0
2024-09-07 01:00,489.98,0,0.0
2024-09-07 02:00,492.897,0,0.0
2024-09-07 03:00,502.697,0,0.0
2024-09-07 04:00,476.395,0,0.0
2024-09-07 05:00,550.478,0,0.0
2024-09-07 06:00,617.559,0,0.0
2024-09-07 07:00,659.276,0,0.0
2024-09-07 08:00,696.004,0,0.0
2024-09-07 09:00,692.965,0,0.0
2024-09-07 10:00,632.789,0,0.0
2024-09-07 11:00,650.783,0,0.0
2024-09-07 12:00,663.361,0,0.0
2024-09-07 13:00,682.439,0,0.0
2024-09-07 14:00,692.189,0,0.0
2024-09-07 15:00,728.51,1,25.44
2024-09-07 16:00,839.518,1,29.75
2024-09-07 17:00,866.552,1,33.96
2024-09-07 18:00,942.637,1,47.97
2024-09-07 19:00,897.536,1,40.09
2024-09-07 20:00,811.514,1,25.45
2024-09-07 21:00,669.654,1,25.0
2024-09-07 22:00,593.43,0,0.0
2024-09-07 23:00,543.614,0,0.0
2024-09-08 00:00,493.457,0,0.0
2024-09-08 01:00,481.753,0,0.0
2024-09-08 02:00,473.069,0,0.0
2024-09-08 03:00,465.01,0,0.0
2024-09-08 04:00,513.416,0,0.0
2024-09-08 05:00,528.665,0,0.0
2024-09-08 06:00,628.47,0,0.0
2024-09-08 07:00,748.173,0,0.0
2024-09-08 08:00,815.785,1,25.04
2024-09-08 09:00,786.858,1,25.59
2024-09-08 10:00,740.077,0,0.0
2024-09-08 11:00,704.214,0,0.0
2024-09-08 12:00,680.774,0,0.0
2024-09-08 13:00,709.153,0,0.0
2024-09-08 14:00,716.563,0,0.0
2024-09-08 15:00,797.926,1,24.9
2024-09-08 16:00,935.155,1,32.35
2024-09-08 17:00,999.147,1,48.05
2024-09-08 18:00,973.513,1,41.72
2024-09-08 19:00,883.712,1,24.81
2024-09-08 20:00,826.643,1,25.18
2024-09-08 21:00,722.448,0,0.0
2024-09-08 22:00,654.275,0,0.0
2024-09-08 23:00,565.068,0,0.0
2024-09-09 00:00,585.779,0,0.0
2024-09-09 01:00,547.27,0,0.0
2024-09-09 02:00,515.96,0,0.0
2024-09-09 03:00,509.527,0,0.0
2024-09-09 04:00,519.422,0,0.0
2024-09-09 05:00,628.256,0,0.0
2024-09-09 06:00,719.871,0,0.0
2024-09-09 07:00,815.729,0,0.0
2024-09-09 08:00,827.959,0,0.0
2024-09-09 09:00,765.805,0,0.0
2024-09-09 10:00,733.003,0,0.0
2024-09-09 11:00,750.653,0,0.0
2024-09-09 12:00,719.888,0,0.0
2024-09-09 13:00,714.062,0,0.0
2024-09-09 14:00,753.859,0,0.0
2024-09-09 15:00,833.804,0,0.0
2024-09-09 16:00,965.629,1,25.04
2024-09-09 17:00,1051.363,1,36.42
2024-09-09 18:00,1097.268,1,48.37
2024-09-09 19:00,1059.002,1,39.04
2024-09-09 20:00,907.768,1,25.32
2024-09-09 21:00,764.452,0,0.0
2024-09-09 22:00,646.507,0,0.0
2024-09-09 23:00,548.483,0,0.0
2024-09-10 00:00,544.176,0,0.0
2024-09-10 01:00,523.472,0,0.0
2024-09-10 02:00,511.821,0,0.0
2024-09-10 03:00,466.18,0,0.0
2024-09-10 04:00,544.607,0,0.0
2024-09-10 05:00,589.145,0,0.0
2024-09-10 06:00,736.266,0,0.0
2024-09-10 07:00,772.837,0,0.0
2024-09-10 08:00,783.466,0,0.0
2024-09-10 09:00,698.935,0,0.0
2024-09-10 10:00,696.167,0,0.0
2024-09-10 11:00,663.895,0,0.0
2024-09-10 12:00,636.227,0,0.0
2024-09-10 13:00,630.936,0,0.0
2024-09-10 14:00,699.628,0,0.0
2024-09-10 15:00,791.924,0,0.0
2024-09-10 16:00,933.468,1,25.25
2024-09-10 17:00,986.544,1,38.44
2024-09-10 18:00,1027.163,1,48.78
2024-09-10 19:00,935.377,1,26.18
2024-09-10 20:00,841.509,1,25.25
2024-09-10 21:00,728.943,0,0.0
2024-09-10 22:00,657.732,0,0.0
2024-09-10 23:00,605.929,0,0.0
2024-09-11 00:00,592.692,0,0.0
2024-09-11 01:00,539.768,0,0.0
2024-09-11 02:00,541.543,0,0.0
2024-09-11 03:00,537.011,0,0.0
2024-09-11 04:00,560.193,0,0.0
2024-09-11 05:00,607.387,0,0.0
2024-09-11 06:00,688.604,0,0.0
2024-09-11 07:00,817.562,0,0.0
2024-09-11 08:00,853.774,1,25.31
2024-09-11 09:00,820.035,1,24.46
2024-09-11 10:00,774.942,0,0.0
2024-09-11 11:00,819.24,0,0.0
2024-09-11 12:00,821.326,1,24.62
2024-09-11 13:00,802.93,0,0.0
2024-09-11 14:00,818.217,0,0.0
2024-09-11 15:00,870.004,1,25.11
2024-09-11 16:00,950.151,1,25.64
2024-09-11 17:00,1000.863,1,37.6
2024-09-11 18:00,1047.176,1,48.29
2024-09-11 19:00,1044.921,1,46.59
2024-09-11 20:00,892.37,1,25.08
2024-09-11 21:00,748.943,0,0.0
2024-09-11 22:00,649.616,0,0.0
2024-09-11 23:00,569.53,0,0.0
2024-09-12 00:00,584.449,0,0.0
2024-09-12 01:00,568.028,0,0.0
2024-09-12 02:00,563.047,0,0.0
2024-09-12 03:00,550.629,0,0.0
2024-09-12 04:00,572.776,0,0.0
2024-09-12 05:00,602.874,0,0.0
2024-09-12 06:00,717.685,0,0.0
2024-09-12 07:00,809.498,1,24.38
2024-09-12 08:00,875.007,1,24.7
2024-09-12 09:00,826.131,1,24.92
2024-09-12 10:00,782.934,0,0.0
2024-09-12 11:00,766.568,0,0.0
2024-09-12 12:00,768.556,0,0.0
2024-09-12 13:00,739.268,0,0.0
2024-09-12 14:00,791.123,1,24.96
2024-09-12 15:00,851.645,1,25.0
2024-09-12 16:00,895.085,1,24.75
2024-09-12 17:00,903.674,1,25.64
2024-09-12 18:00,944.295,1,40.67
2024-09-12 19:00,964.302,1,48.02
2024-09-12 20:00,925.101,1,33.75
2024-09-12 21:00,812.583,1,25.63
2024-09-12 22:00,753.49,0,0.0
2024-09-12 23:00,653.07,0,0.0
2024-09-13 00:00,628.563,0,0.0
2024-09-13 01:00,574.903,0,0.0
2024-09-13 02:00,541.924,0,0.0
2024-09-13 03:00,525.777,0,0.0
2024-09-13 04:00,516.86,0,0.0
2024-09-13 05:00,610.786,0,0.0
2024-09-13 06:00,689.788,0,0.0
2024-09-13 07:00,748.383,0,0.0
2024-09-13 08:00,752.054,0,0.0
2024-09-13 09:00,729.366,0,0.0
2024-09-13 10:00,757.279,0,0.0
2024-09-13 11:00,795.914,0,0.0
2024-09-13 12:00,727.242,0,0.0
2024-09-13 13:00,733.622,0,0.0
2024-09-13 14:00,738.375,0,0.0
2024-09-13 15:00,834.397,1,25.2
2024-09-13 16:00,922.708,1,24.99
2024-09-13 17:00,978.669,1,35.63
2024-09-13 18:00,1015.25,1,47.35
2024-09-13 19:00,953.866,1,27.26
2024-09-13 20:00,915.502,1,24.95
2024-09-13 21:00,810.882,0,0.0
2024-09-13 22:00,721.573,0,0.0
2024-09-13 23:00,574.861,0,0.0
2024-09-14 00:00,514.669,0,0.0
2024-09-14 01:00,526.156,0,0.0
2024-09-14 02:00,529.607,0,0.0
2024-09-14 03:00,490.752,0,0.0
2024-09-14 04:00,514.575,0,0.0
2024-09-14 05:00,549.99,0,0.0
2024-09-14 06:00,680.527,0,0.0
2024-09-14 07:00,759.9,1,24.74
2024-09-14 08:00,766.175,1,25.28
2024-09-14 09:00,738.508,1,25.11
2024-09-14 10:00,644.549,0,0.0
2024-09-14 11:00,616.552,0,0.0
2024-09-14 12:00,618.526,0,0.0
2024-09-14 13:00,664.367,0,0.0
2024-09-14 14:00,649.421,0,0.0
2024-09-14 15:00,707.041,0,0.0
2024-09-14 16:00,819.763,1,25.08
2024-09-14 17:00,850.912,1,31.18
2024-09-14 18:00,901.212,1,48.43
2024-09-14 19:00,872.578,1,38.54
2024-09-14 20:00,845.667,1,29.53
2024-09-14 21:00,731.762,1,25.33
2024-09-14 22:00,637.568,0,0.0
2024-09-14 23:00,580.361,0,0.0
2024-09-15 00:00,522.191,0,0.0
2024-09-15 01:00,491.304,0,0.0
2024-09-15 02:00,471.336,0,0.0
2024-09-15 03:00,472.24,0,0.0
2024-09-15 04:00,519.59,0,0.0
2024-09-15 05:00,590.126,0,0.0
2024-09-15 06:00,661.026,0,0.0
2024-09-15 07:00,739.34,0,0.0
2024-09-15 08:00,809.616,1,25.45
2024-09-15 09:00,750.289,0,0.0
2024-09-15 10:00,722.427,0,0.0
2024-09-15 11:00,700.845,0,0.0
2024-09-15 12:00,683.801,0,0.0
2024-09-15 13:00,658.621,0,0.0
2024-09-15 14:00,729.798,0,0.0
2024-09-15 15:00,767.509,0,0.0
2024-09-15 16:00,874.518,1,25.03
2024-09-15 17:00,926.835,1,43.79
2024-09-15 18:00,936.599,1,46.79
2024-09-15 19:00,937.187,1,48.32
2024-09-15 20:00,872.569,1,25.4
2024-09-15 21:00,762.229,0,0.0
2024-09-15 22:00,680.318,0,0.0
2024-09-15 23:00,588.776,0,0.0
2024-09-16 00:00,588.687,0,0.0
2024-09-16 01:00,540.07,0,0.0
2024-09-16 02:00,540.062,0,0.0
2024-09-16 03:00,523.96,0,0.0
2024-09-16 04:00,583.832,0,0.0
2024-09-16 05:00,637.446,0,0.0
2024-09-16 06:00,731.473,0,0.0
2024-09-16 07:00,829.454,0,0.0
2024-09-16 08:00,855.77,1,24.68
2024-09-16 09:00,808.559,0,0.0
2024-09-16 10:00,772.065,0,0.0
2024-09-16 11:00,776.632,0,0.0
2024-09-16 12:00,737.126,0,0.0
2024-09-16 13:00,747.828,0,0.0
2024-09-16 14:00,778.796,0,0.0
2024-09-16 15:00,866.625,1,24.52
2024-09-16 16:00,939.246,1,24.08
2024-09-16 17:00,1078.484,1,45.99
2024-09-16 18:00,1091.47,1,47.93
2024-09-16 19:00,1021.693,1,33.23
2024-09-16 20:00,910.511,1,24.96
2024-09-16 21:00,756.858,0,0.0
2024-09-16 22:00,642.162,0,0.0
2024-09-16 23:00,562.158,0,0.0
2024-09-17 00:00,561.568,0,0.0
2024-09-17 01:00,530.872,0,0.0
2024-09-17 02:00,507.426,0,0.0
2024-09-17 03:00,532.198,0,0.0
2024-09-17 04:00,592.273,0,0.0
2024-09-17 05:00,679.008,0,0.0
2024-09-17 06:00,749.081,0,0.0
2024-09-17 07:00,810.862,1,24.85
2024-09-17 08:00,891.329,1,24.8
2024-09-17 09:00,851.484,1,25.58
2024-09-17 10:00,799.555,1,24.97
2024-09-17 11:00,794.149,1,25.93
2024-09-17 12:00,793.624,1,25.2
2024-09-17 13:00,783.604,1,24.89
2024-09-17 14:00,815.042,1,25.21
2024-09-17 15:00,900.587,1,25.04
2024-09-17 16:00,935.747,1,32.33
2024-09-17 17:00,1012.867,1,47.17
2024-09-17 18:00,1001.563,1,44.39
2024-09-17 19:00,925.826,1,29.75
2024-09-17 20:00,827.379,1,25.32
2024-09-17 21:00,745.763,0,0.0
2024-09-17 22:00,651.155,0,0.0
2024-09-17 23:00,566.203,0,0.0
2024-09-18 00:00,543.148,0,0.0
2024-09-18 01:00,495.687,0,0.0
2024-09-18 02:00,496.075,0,0.0
2024-09-18 03:00,521.155,0,0.0
2024-09-18 04:00,551.147,0,0.0
2024-09-18 05:00,610.02,0,0.0
2024-09-18 06:00,714.297,0,0.0
2024-09-18 07:00,736.822,0,0.0
2024-09-18 08:00,791.509,0,0.0
2024-09-18 09:00,851.793,0,0.0
2024-09-18 10:00,803.642,0,0.0
2024-09-18 11:00,775.687,0,0.0
2024-09-18 12:00,772.107,0,0.0
2024-09-18 13:00,823.13,0,0.0
2024-09-18 14:00,869.283,0,0.0
2024-09-18 15:00,858.459,0,0.0
2024-09-18 16:00,953.168,1,24.94
2024-09-18 17:00,1117.459,1,39.7
2024-09-18 18:00,1152.414,1,49.04
2024-09-18 19:00,1037.957,1,25.31
2024-09-18 20:00,936.566,1,25.21
2024-09-18 21:00,776.525,0,0.0
2024-09-18 22:00,710.223,0,0.0
2024-09-18 23:00,602.553,0,0.0
2024-09-19 00:00,571.837,0,0.0
2024-09-19 01:00,523.336,0,0.0
2024-09-19 02:00,500.303,0,0.0
2024-09-19 03:00,531.089,0,0.0
2024-09-19 04:00,563.318,0,0.0
2024-09-19 05:00,613.46,0,0.0
2024-09-19 06:00,679.8,0,0.0
2024-09-19 07:00,709.722,0,0.0
2024-09-19 08:00,717.035,0,0.0
2024-09-19 09:00,710.492,0,0.0
2024-09-19 10:00,721.653,0,0.0
2024-09-19 11:00,698.402,0,0.0
2024-09-19 12:00,731.094,0,0.0
2024-09-19 13:00,727.423,0,0.0
2024-09-19 14:00,754.631,0,0.0
2024-09-19 15:00,788.273,0,0.0
2024-09-19 16:00,903.878,1,24.39
2024-09-19 17:00,1057.047,1,48.47
2024-09-19 18:00,1015.694,1,38.33
2024-09-19 19:00,958.709,1,25.51
2024-09-19 20:00,908.279,1,24.31
2024-09-19 21:00,751.729,1,25.0
2024-09-19 22:00,676.557,0,0.0
2024-09-19 23:00,623.862,0,0.0
2024-09-20 00:00,588.47,0,0.0
2024-09-20 01:00,562.663,0,0.0
2024-09-20 02:00,573.663,0,0.0
2024-09-20 03:00,599.671,0,0.0
2024-09-20 04:00,619.766,0,0.0
2024-09-20 05:00,665.615,0,0.0
2024-09-20 06:00,734.746,0,0.0
2024-09-20 07:00,838.463,0,0.0
2024-09-20 08:00,823.365,0,0.0
2024-09-20 09:00,784.26,0,0.0
2024-09-20 10:00,756.456,0,0.0
2024-09-20 11:00,727.834,0,0.0
2024-09-20 12:00,721.917,0,0.0
2024-09-20 13:00,804.945,0,0.0
2024-09-20 14:00,824.055,0,0.0
2024-09-20 15:00,868.706,1,25.55
2024-09-20 16:00,976.843,1,24.74
2024-09-20 17:00,1057.379,1,36.87
2024-09-20 18:00,1130.915,1,49.15
2024-09-20 19:00,1066.326,1,38.13
2024-09-20 20:00,941.174,1,25.3
2024-09-20 21:00,766.216,0,0.0
2024-09-20 22:00,635.048,0,0.0
2024-09-20 23:00,529.609,0,0.0
2024-09-21 00:00,489.964,0,0.0
2024-09-21 01:00,446.195,0,0.0
2024-09-21 02:00,464.758,0,0.0
2024-09-21 03:00,469.745,0,0.0
2024-09-21 04:00,497.563,0,0.0
2024-09-21 05:00,541.689,0,0.0
2024-09-21 06:00,647.231,0,0.0
2024-09-21 07:00,702.335,0,0.0
2024-09-21 08:00,711.208,0,0.0
2024-09-21 09:00,725.135,0,0.0
2024-09-21 10:00,707.846,0,0.0
2024-09-21 11:00,688.119,0,0.0
2024-09-21 12:00,690.414,0,0.0
2024-09-21 13:00,704.176,0,0.0
2024-09-21 14:00,742.592,0,0.0
2024-09-21 15:00,777.687,0,0.0
2024-09-21 16:00,915.104,1,25.19
2024-09-21 17:00,964.35,1,28.9
2024-09-21 18:00,1041.968,1,48.17
2024-09-21 19:00,974.466,1,32.89
2024-09-21 20:00,894.748,1,25.08
2024-09-21 21:00,791.514,0,0.0
2024-09-21 22:00,710.003,0,0.0
2024-09-21 23:00,599.395,0,0.0
2024-09-22 00:00,581.878,0,0.0
2024-09-22 01:00,574.026,0,0.0
2024-09-22 02:00,540.549,0,0.0
2024-09-22 03:00,531.969,0,0.0
2024-09-22 04:00,546.605,0,0.0
2024-09-22 05:00,596.572,0,0.0
2024-09-22 06:00,724.609,0,0.0
2024-09-22 07:00,767.649,0,0.0
2024-09-22 08:00,768.076,0,0.0
2024-09-22 09:00,780.944,0,0.0
2024-09-22 10:00,758.507,0,0.0
2024-09-22 11:00,786.276,0,0.0
2024-09-22 12:00,743.11,0,0.0
2024-09-22 13:00,751.19,0,0.0
2024-09-22 14:00,756.229,0,0.0
2024-09-22 15:00,816.206,1,26.03
2024-09-22 16:00,833.885,1,25.43
2024-09-22 17:00,933.378,1,30.32
2024-09-22 18:00,974.164,1,49.29
2024-09-22 19:00,925.661,1,27.02
2024-09-22 20:00,823.78,1,24.89
2024-09-22 21:00,699.148,0,0.0
2024-09-22 22:00,634.179,0,0.0
2024-09-22 23:00,537.928,0,0.0
2024-09-23 00:00,557.011,0,0.0
2024-09-23 01:00,566.926,0,0.0
2024-09-23 02:00,572.036,0,0.0
2024-09-23 03:00,535.382,0,0.0
2024-09-23 04:00,554.674,0,0.0
2024-09-23 05:00,626.688,0,0.0
2024-09-23 06:00,719.037,0,0.0
2024-09-23 07:00,758.516,0,0.0
2024-09-23 08:00,805.657,0,0.0
2024-09-23 09:00,776.998,0,0.0
2024-09-23 10:00,798.774,0,0.0
2024-09-23 11:00,768.297,0,0.0
2024-09-23 12:00,776.96,0,0.0
2024-09-23 13:00,751.583,0,0.0
2024-09-23 14:00,753.902,0,0.0
2024-09-23 15:00,840.36,0,0.0
2024-09-23 16:00,953.598,1,25.2
2024-09-23 17:00,995.019,1,35.26
2024-09-23 18:00,1027.34,1,48.27
2024-09-23 19:00,932.357,1,25.03
2024-09-23 20:00,844.03,1,24.5
2024-09-23 21:00,767.449,1,25.0
2024-09-23 22:00,664.077,1,25.0
2024-09-23 23:00,583.951,0,0.0
2024-09-24 00:00,533.443,0,0.0
2024-09-24 01:00,497.535,0,0.0
2024-09-24 02:00,521.778,0,0.0
2024-09-24 03:00,522.937,0,0.0
2024-09-24 04:00,534.85,0,0.0
2024-09-24 05:00,592.713,0,0.0
2024-09-24 06:00,648.93,0,0.0
2024-09-24 07:00,705.281,0,0.0
2024-09-24 08:00,788.266,0,0.0
2024-09-24 09:00,759.627,0,0.0
2024-09-24 10:00,784.474,0,0.0
2024-09-24 11:00,760.914,0,0.0
2024-09-24 12:00,740.441,0,0.0
2024-09-24 13:00,770.523,0,0.0
2024-09-24 14:00,725.579,0,0.0
2024-09-24 15:00,800.112,0,0.0
2024-09-24 16:00,881.19,1,25.14
2024-09-24 17:00,1015.559,1,28.01
2024-09-24 18:00,1078.491,1,49.72
2024-09-24 19:00,980.854,1,24.69
2024-09-24 20:00,923.98,1,24.64
2024-09-24 21:00,795.059,0,0.0
2024-09-24 22:00,672.793,0,0.0
2024-09-24 23:00,599.632,0,0.0
2024-09-25 00:00,564.059,0,0.0
2024-09-25 01:00,562.318,0,0.0
2024-09-25 02:00,547.498,0,0.0
2024-09-25 03:00,546.447,0,0.0
2024-09-25 04:00,592.088,0,0.0
2024-09-25 05:00,675.338,0,0.0
2024-09-25 06:00,786.293,0,0.0
2024-09-25 07:00,897.651,0,0.0
2024-09-25 08:00,930.727,0,0.0
2024-09-25 09:00,880.518,0,0.0
2024-09-25 10:00,862.364,0,0.0
2024-09-25 11:00,823.569,0,0.0
2024-09-25 12:00,792.484,0,0.0
2024-09-25 13:00,842.183,0,0.0
2024-09-25 14:00,903.082,0,0.0
2024-09-25 15:00,951.307,1,25.25
2024-09-25 16:00,1003.904,1,25.26
2024-09-25 17:00,1124.063,1,38.42
2024-09-25 18:00,1164.391,1,48.97
2024-09-25 19:00,1097.677,1,30.79
2024-09-25 20:00,962.123,1,24.65
2024-09-25 21:00,838.505,0,0.0
2024-09-25 22:00,725.025,0,0.0
2024-09-25 23:00,619.399,0,0.0
2024-09-26 00:00,586.014,0,0.0
2024-09-26 01:00,555.411,0,0.0
2024-09-26 02:00,528.948,0,0.0
2024-09-26 03:00,543.963,0,0.0
2024-09-26 04:00,597.433,0,0.0
2024-09-26 05:00,677.573,0,0.0
2024-09-26 06:00,762.062,0,0.0
2024-09-26 07:00,857.243,0,0.0
2024-09-26 08:00,881.023,1,24.89
2024-09-26 09:00,802.567,0,0.0
2024-09-26 10:00,785.981,0,0.0
2024-09-26 11:00,768.394,0,0.0
2024-09-26 12:00,813.261,0,0.0
2024-09-26 13:00,852.728,0,0.0
2024-09-26 14:00,887.445,1,24.58
2024-09-26 15:00,944.972,1,24.83
2024-09-26 16:00,1017.996,1,31.78
2024-09-26 17:00,1050.766,1,48.93
2024-09-26 18:00,1011.2,1,28.76
2024-09-26 19:00,937.166,1,25.8
2024-09-26 20:00,851.722,0,0.0
2024-09-26 21:00,693.323,0,0.0
2024-09-26 22:00,608.139,0,0.0
2024-09-26 23:00,543.445,0,0.0
2024-09-27 00:00,520.159,0,0.0
2024-09-27 01:00,486.997,0,0.0
2024-09-27 02:00,475.116,0,0.0
2024-09-27 03:00,514.77,0,0.0
2024-09-27 04:00,559.927,0,0.0
2024-09-27 05:00,610.338,0,0.0
2024-09-27 06:00,703.615,0,0.0
2024-09-27 07:00,782.334,0,0.0
2024-09-27 08:00,792.842,0,0.0
2024-09-27 09:00,745.927,0,0.0
2024-09-27 10:00,750.351,0,0.0
2024-09-27 11:00,725.093,0,0.0
2024-09-27 12:00,684.791,0,0.0
2024-09-27 13:00,706.138,0,0.0
2024-09-27 14:00,746.071,0,0.0
2024-09-27 15:00,754.532,0,0.0
2024-09-27 16:00,840.552,1,25.23
2024-09-27 17:00,957.854,1,30.08
2024-09-27 18:00,1011.235,1,41.7
2024-09-27 19:00,1043.445,1,47.17
2024-09-27 20:00,970.615,1,33.35
2024-09-27 21:00,874.839,1,24.37
2024-09-27 22:00,818.196,1,25.5
2024-09-27 23:00,716.776,0,0.0
2024-09-28 00:00,622.597,0,0.0
2024-09-28 01:00,590.153,0,0.0
2024-09-28 02:00,548.234,0,0.0
2024-09-28 03:00,539.522,0,0.0
2024-09-28 04:00,550.914,0,0.0
2024-09-28 05:00,615.585,0,0.0
2024-09-28 06:00,687.376,0,0.0
2024-09-28 07:00,741.963,0,0.0
2024-09-28 08:00,782.774,1,25.44
2024-09-28 09:00,747.134,0,0.0
2024-09-28 10:00,668.283,0,0.0
2024-09-28 11:00,626.564,0,0.0
2024-09-28 12:00,598.288,0,0.0
2024-09-28 13:00,605.224,0,0.0
2024-09-28 14:00,658.798,0,0.0
2024-09-28 15:00,731.872,0,0.0
2024-09-28 16:00,843.72,1,25.54
2024-09-28 17:00,944.357,1,33.65
2024-09-28 18:00,1008.714,1,47.6
2024-09-28 19:00,974.123,1,40.0
2024-09-28 20:00,877.122,1,25.72
2024-09-28 21:00,788.158,1,24.76
2024-09-28 22:00,702.51,0,0.0
2024-09-28 23:00,617.972,0,0.0
2024-09-29 00:00,599.963,0,0.0
2024-09-29 01:00,514.019,0,0.0
2024-09-29 02:00,492.246,0,0.0
2024-09-29 03:00,486.527,0,0.0
2024-09-29 04:00,537.545,0,0.0
2024-09-29 05:00,627.132,0,0.0
2024-09-29 06:00,679.648,0,0.0
2024-09-29 07:00,789.395,0,0.0
2024-09-29 08:00,780.429,0,0.0
2024-09-29 09:00,719.231,0,0.0
2024-09-29 10:00,688.521,0,0.0
2024-09-29 11:00,670.57,0,0.0
2024-09-29 12:00,623.785,0,0.0
2024-09-29 13:00,663.994,0,0.0
2024-09-29 14:00,715.783,0,0.0
2024-09-29 15:00,805.397,0,0.0
2024-09-29 16:00,864.561,1,25.59
2024-09-29 17:00,936.999,1,30.4
2024-09-29 18:00,965.283,1,44.01
2024-09-29 19:00,974.91,1,47.82
2024-09-29 20:00,789.193,0,0.0
2024-09-29 21:00,672.75,0,0.0
2024-09-29 22:00,599.058,0,0.0
2024-09-29 23:00,514.165,0,0.0
2024-09-30 00:00,522.055,0,0.0
2024-09-30 01:00,498.526,0,0.0
2024-09-30 02:00,478.528,0,0.0
2024-09-30 03:00,487.318,0,0.0
2024-09-30 04:00,535.395,0,0.0
2024-09-30 05:00,594.903,0,0.0
2024-09-30 06:00,679.445,0,0.0
2024-09-30 07:00,756.516,0,0.0
2024-09-30 08:00,792.67,1,24.55
2024-09-30 09:00,718.968,0,0.0
2024-09-30 10:00,714.573,0,0.0
2024-09-30 11:00,695.555,0,0.0
2024-09-30 12:00,720.957,0,0.0
2024-09-30 13:00,752.905,0,0.0
2024-09-30 14:00,814.528,0,0.0
2024-09-30 15:00,843.405,1,24.95
2024-09-30 16:00,909.71,1,30.31
2024-09-30 17:00,946.007,1,41.28
2024-09-30 18:00,959.69,1,44.78
2024-09-30 19:00,969.644,1,48.54
2024-09-30 20:00,923.267,1,34.86
2024-09-30 21:00,770.571,0,0.0
2024-09-30 22:00,665.77,0,0.0
2024-09-30 23:00,588.805,0,0.0
2024-10-01 00:00,707.799,0,0.0
2024-10-01 01:00,626.867,0,0.0
2024-10-01 02:00,578.854,0,0.0
2024-10-01 03:00,601.862,0,0.0
2024-10-01 04:00,599.936,0,0.0
2024-10-01 05:00,673.506,0,0.0
2024-10-01 06:00,800.609,0,0.0
2024-10-01 07:00,919.642,0,0.0
2024-10-01 08:00,962.241,0,0.0
2024-10-01 09:00,922.15,0,0.0
2024-10-01 10:00,922.596,0,0.0
2024-10-01 11:00,915.357,0,0.0
2024-10-01 12:00,876.152,0,0.0
2024-10-01 13:00,900.693,0,0.0
2024-10-01 14:00,955.301,0,0.0
2024-10-01 15:00,1096.148,1,24.91
2024-10-01 16:00,1218.979,1,25.31
2024-10-01 17:00,1359.825,1,47.16
2024-10-01 18:00,1352.061,1,44.67
2024-10-01 19:00,1253.488,1,29.56
2024-10-01 20:00,1116.461,1,24.98
2024-10-01 21:00,968.702,0,0.0
2024-10-01 22:00,818.745,0,0.0
2024-10-01 23:00,759.967,0,0.0
2024-10-02 00:00,738.839,0,0.0
2024-10-02 01:00,684.74,0,0.0
2024-10-02 02:00,675.608,0,0.0
2024-10-02 03:00,675.176,0,0.0
2024-10-02 04:00,727.622,0,0.0
2024-10-02 05:00,766.221,0,0.0
2024-10-02 06:00,878.854,0,0.0
2024-10-02 07:00,974.723,0,0.0
2024-10-02 08:00,1036.451,0,0.0
2024-10-02 09:00,971.673,0,0.0
2024-10-02 10:00,851.718,0,0.0
2024-10-02 11:00,814.483,0,0.0
2024-10-02 12:00,813.641,0,0.0
2024-10-02 13:00,849.161,0,0.0
2024-10-02 14:00,954.859,0,0.0
2024-10-02 15:00,1054.571,0,0.0
2024-10-02 16:00,1153.695,1,25.12
2024-10-02 17:00,1247.917,1,25.28
2024-10-02 18:00,1333.661,1,48.57
2024-10-02 19:00,1236.299,1,25.32
2024-10-02 20:00,1107.375,1,24.87
2024-10-02 21:00,930.471,0,0.0
2024-10-02 22:00,862.652,0,0.0
2024-10-02 23:00,769.07,0,0.0
2024-10-03 00:00,706.717,0,0.0
2024-10-03 01:00,664.313,0,0.0
2024-10-03 02:00,656.368,0,0.0
2024-10-03 03:00,648.703,0,0.0
2024-10-03 04:00,674.556,0,0.0
2024-10-03 05:00,736.15,0,0.0
2024-10-03 06:00,865.327,0,0.0
2024-10-03 07:00,952.132,0,0.0
2024-10-03 08:00,978.845,0,0.0
2024-10-03 09:00,902.04,0,0.0
2024-10-03 10:00,881.572,0,0.0
2024-10-03 11:00,867.417,0,0.0
2024-10-03 12:00,847.919,0,0.0
2024-10-03 13:00,882.219,0,0.0
2024-10-03 14:00,951.742,0,0.0
2024-10-03 15:00,1056.116,1,24.72
2024-10-03 16:00,1173.785,1,29.9
2024-10-03 17:00,1256.83,1,44.52
2024-10-03 18:00,1266.864,1,48.21
2024-10-03 19:00,1164.799,1,28.52
2024-10-03 20:00,1037.063,1,24.93
2024-10-03 21:00,917.207,0,0.0
2024-10-03 22:00,788.215,0,0.0
2024-10-03 23:00,707.42,0,0.0
2024-10-04 00:00,652.47,0,0.0
2024-10-04 01:00,586.317,0,0.0
2024-10-04 02:00,601.288,0,0.0
2024-10-04 03:00,598.486,0,0.0
2024-10-04 04:00,623.635,0,0.0
2024-10-04 05:00,677.89,0,0.0
2024-10-04 06:00,812.794,0,0.0
2024-10-04 07:00,963.566,1,24.8
2024-10-04 08:00,990.399,1,25.54
2024-10-04 09:00,949.491,1,25.09
2024-10-04 10:00,951.577,1,24.88
2024-10-04 11:00,871.222,0,0.0
2024-10-04 12:00,923.016,0,0.0
2024-10-04 13:00,1017.356,1,25.92
2024-10-04 14:00,951.435,1,24.51
2024-10-04 15:00,1026.861,1,25.41
2024-10-04 16:00,1097.057,1,26.14
2024-10-04 17:00,1187.451,1,43.88
2024-10-04 18:00,1214.778,1,48.46
2024-10-04 19:00,1202.795,1,45.75
2024-10-04 20:00,1083.622,1,25.39
2024-10-04 21:00,919.409,0,0.0
2024-10-04 22:00,807.871,0,0.0
2024-10-04 23:00,732.552,0,0.0
2024-10-05 00:00,626.62,0,0.0
2024-10-05 01:00,561.759,0,0.0
2024-10-05 02:00,598.572,0,0.0
2024-10-05 03:00,586.366,0,0.0
2024-10-05 04:00,622.66,0,0.0
2024-10-05 05:00,687.978,0,0.0
2024-10-05 06:00,815.674,0,0.0
2024-10-05 07:00,965.607,1,25.19
2024-10-05 08:00,1014.902,1,24.72
2024-10-05 09:00,916.79,0,0.0
2024-10-05 10:00,837.759,0,0.0
2024-10-05 11:00,816.079,0,0.0
2024-10-05 12:00,799.193,0,0.0
2024-10-05 13:00,773.014,0,0.0
2024-10-05 14:00,848.779,0,0.0
2024-10-05 15:00,891.12,0,0.0
2024-10-05 16:00,1047.253,1,25.17
2024-10-05 17:00,1214.987,1,45.27
2024-10-05 18:00,1232.578,1,46.65
2024-10-05 19:00,1186.69,1,38.91
2024-10-05 20:00,1019.803,1,25.21
2024-10-05 21:00,913.476,0,0.0
2024-10-05 22:00,785.807,0,0.0
2024-10-05 23:00,668.575,0,0.0
2024-10-06 00:00,631.777,0,0.0
2024-10-06 01:00,591.573,0,0.0
2024-10-06 02:00,573.094,0,0.0
2024-10-06 03:00,599.273,0,0.0
2024-10-06 04:00,619.296,0,0.0
2024-10-06 05:00,738.413,0,0.0
2024-10-06 06:00,809.169,0,0.0
2024-10-06 07:00,954.619,1,25.64
2024-10-06 08:00,952.129,1,24.58
2024-10-06 09:00,916.101,0,0.0
2024-10-06 10:00,864.818,0,0.0
2024-10-06 11:00,839.476,0,0.0
2024-10-06 12:00,849.62,0,0.0
2024-10-06 13:00,912.672,0,0.0
2024-10-06 14:00,979.872,1,24.41
2024-10-06 15:00,1030.625,1,24.99
2024-10-06 16:00,1123.598,1,32.64
2024-10-06 17:00,1177.506,1,48.37
2024-10-06 18:00,1169.789,1,45.14
2024-10-06 19:00,1074.353,1,25.06
2024-10-06 20:00,965.217,1,25.12
2024-10-06 21:00,862.519,0,0.0
2024-10-06 22:00,710.037,0,0.0
2024-10-06 23:00,639.112,0,0.0
2024-10-07 00:00,692.232,0,0.0
2024-10-07 01:00,681.862,0,0.0
2024-10-07 02:00,645.61,0,0.0
2024-10-07 03:00,613.998,0,0.0
2024-10-07 04:00,668.188,0,0.0
2024-10-07 05:00,685.943,0,0.0
2024-10-07 06:00,841.573,0,0.0
2024-10-07 07:00,935.433,0,0.0
2024-10-07 08:00,1045.92,0,0.0
2024-10-07 09:00,941.55,0,0.0
2024-10-07 10:00,940.284,0,0.0
2024-10-07 11:00,917.154,0,0.0
2024-10-07 12:00,887.54,0,0.0
2024-10-07 13:00,864.961,0,0.0
2024-10-07 14:00,931.882,0,0.0
2024-10-07 15:00,1037.58,0,0.0
2024-10-07 16:00,1206.067,1,24.9
2024-10-07 17:00,1339.421,1,47.98
2024-10-07 18:00,1335.542,1,47.1
2024-10-07 19:00,1220.215,1,25.14
2024-10-07 20:00,1048.393,0,0.0
2024-10-07 21:00,974.079,0,0.0
2024-10-07 22:00,829.379,0,0.0
2024-10-07 23:00,773.245,0,0.0
2024-10-08 00:00,740.327,0,0.0
2024-10-08 01:00,700.681,0,0.0
2024-10-08 02:00,666.873,0,0.0
2024-10-08 03:00,677.9,0,0.0
2024-10-08 04:00,712.379,0,0.0
2024-10-08 05:00,778.318,0,0.0
2024-10-08 06:00,916.219,0,0.0
2024-10-08 07:00,1005.826,0,0.0
2024-10-08 08:00,1012.373,0,0.0
2024-10-08 09:00,994.717,0,0.0
2024-10-08 10:00,949.875,0,0.0
2024-10-08 11:00,943.813,0,0.0
2024-10-08 12:00,905.069,0,0.0
2024-10-08 13:00,884.817,0,0.0
2024-10-08 14:00,987.062,0,0.0
2024-10-08 15:00,1118.093,1,24.19
2024-10-08 16:00,1242.541,1,25.12
2024-10-08 17:00,1311.726,1,42.66
2024-10-08 18:00,1325.171,1,47.41
2024-10-08 19:00,1313.348,1,42.84
2024-10-08 20:00,1156.257,1,25.46
2024-10-08 21:00,980.858,0,0.0
2024-10-08 22:00,912.25,0,0.0
2024-10-08 23:00,793.564,0,0.0
2024-10-09 00:00,786.744,0,0.0
2024-10-09 01:00,696.415,0,0.0
2024-10-09 02:00,682.11,0,0.0
2024-10-09 03:00,722.246,0,0.0
2024-10-09 04:00,752.03,0,0.0
2024-10-09 05:00,817.355,0,0.0
2024-10-09 06:00,895.76,0,0.0
2024-10-09 07:00,1029.146,1,25.13
2024-10-09 08:00,1033.264,1,25.09
2024-10-09 09:00,987.42,1,24.71
2024-10-09 10:00,905.681,0,0.0
2024-10-09 11:00,942.679,0,0.0
2024-10-09 12:00,954.803,0,0.0
2024-10-09 13:00,964.36,1,24.53
2024-10-09 14:00,958.178,0,0.0
2024-10-09 15:00,1092.087,1,24.7
2024-10-09 16:00,1169.6,1,38.37
2024-10-09 17:00,1215.829,1,47.98
2024-10-09 18:00,1179.014,1,39.88
2024-10-09 19:00,1112.971,1,26.39
2024-10-09 20:00,965.662,1,25.14
2024-10-09 21:00,844.433,0,0.0
2024-10-09 22:00,780.891,1,25.0
2024-10-09 23:00,689.852,0,0.0
2024-10-10 00:00,671.371,0,0.0
2024-10-10 01:00,622.772,0,0.0
2024-10-10 02:00,613.269,0,0.0
2024-10-10 03:00,662.404,0,0.0
2024-10-10 04:00,690.927,0,0.0
2024-10-10 05:00,778.83,0,0.0
2024-10-10 06:00,847.059,0,0.0
2024-10-10 07:00,999.754,0,0.0
2024-10-10 08:00,1018.622,0,0.0
2024-10-10 09:00,1015.066,0,0.0
2024-10-10 10:00,963.95,0,0.0
2024-10-10 11:00,959.059,0,0.0
2024-10-10 12:00,952.716,0,0.0
2024-10-10 13:00,949.074,0,0.0
2024-10-10 14:00,1020.428,0,0.0
2024-10-10 15:00,1064.062,1,24.55
2024-10-10 16:00,1189.854,1,24.94
2024-10-10 17:00,1264.696,1,38.08
2024-10-10 18:00,1314.29,1,48.2
2024-10-10 19:00,1226.583,1,30.64
2024-10-10 20:00,1107.47,1,24.73
2024-10-10 21:00,931.028,0,0.0
2024-10-10 22:00,828.583,0,0.0
2024-10-10 23:00,735.324,0,0.0
2024-10-11 00:00,684.625,0,0.0
2024-10-11 01:00,648.587,0,0.0
2024-10-11 02:00,635.368,0,0.0
2024-10-11 03:00,623.226,0,0.0
2024-10-11 04:00,662.116,0,0.0
2024-10-11 05:00,715.408,0,0.0
2024-10-11 06:00,907.502,0,0.0
2024-10-11 07:00,1039.05,1,25.3
2024-10-11 08:00,1078.834,1,25.03
2024-10-11 09:00,1066.701,0,0.0
2024-10-11 10:00,943.627,0,0.0
2024-10-11 11:00,840.804,0,0.0
2024-10-11 12:00,824.118,0,0.0
2024-10-11 13:00,811.543,0,0.0
2024-10-11 14:00,858.304,0,0.0
2024-10-11 15:00,955.256,0,0.0
2024-10-11 16:00,1097.871,1,24.46
2024-10-11 17:00,1150.516,1,24.79
2024-10-11 18:00,1219.917,1,49.12
2024-10-11 19:00,1172.983,1,27.82
2024-10-11 20:00,1079.174,1,25.34
2024-10-11 21:00,929.333,0,0.0
2024-10-11 22:00,860.78,0,0.0
2024-10-11 23:00,754.815,0,0.0
2024-10-12 00:00,711.376,0,0.0
2024-10-12 01:00,646.118,0,0.0
2024-10-12 02:00,639.178,0,0.0
2024-10-12 03:00,632.034,0,0.0
2024-10-12 04:00,658.09,0,0.0
2024-10-12 05:00,746.195,0,0.0
2024-10-12 06:00,846.23,0,0.0
2024-10-12 07:00,850.805,0,0.0
2024-10-12 08:00,795.144,0,0.0
2024-10-12 09:00,833.284,0,0.0
2024-10-12 10:00,852.748,0,0.0
2024-10-12 11:00,897.24,0,0.0
2024-10-12 12:00,871.747,0,0.0
2024-10-12 13:00,846.782,0,0.0
2024-10-12 14:00,872.791,0,0.0
2024-10-12 15:00,949.843,0,0.0
2024-10-12 16:00,1006.66,0,0.0
2024-10-12 17:00,1171.858,1,25.25
2024-10-12 18:00,1300.112,1,48.74
2024-10-12 19:00,1241.08,1,28.3
2024-10-12 20:00,1104.075,1,24.85
2024-10-12 21:00,913.463,0,0.0
2024-10-12 22:00,842.355,0,0.0
2024-10-12 23:00,737.996,0,0.0
2024-10-13 00:00,685.709,0,0.0
2024-10-13 01:00,654.051,0,0.0
2024-10-13 02:00,617.289,0,0.0
2024-10-13 03:00,618.47,0,0.0
2024-10-13 04:00,621.196,0,0.0
2024-10-13 05:00,723.893,0,0.0
2024-10-13 06:00,830.767,0,0.0
2024-10-13 07:00,959.609,1,24.85
2024-10-13 08:00,983.66,1,24.85
2024-10-13 09:00,936.614,1,25.41
2024-10-13 10:00,858.668,0,0.0
2024-10-13 11:00,867.901,0,0.0
2024-10-13 12:00,822.803,0,0.0
2024-10-13 13:00,830.151,0,0.0
2024-10-13 14:00,871.832,0,0.0
2024-10-13 15:00,952.736,1,24.9
2024-10-13 16:00,983.173,1,25.74
2024-10-13 17:00,1074.773,1,26.99
2024-10-13 18:00,1157.585,1,48.86
2024-10-13 19:00,1095.436,1,31.59
2024-10-13 20:00,988.5,1,24.78
2024-10-13 21:00,876.476,0,0.0
2024-10-13 22:00,769.479,0,0.0
2024-10-13 23:00,658.13,0,0.0
2024-10-14 00:00,669.703,0,0.0
2024-10-14 01:00,661.441,0,0.0
2024-10-14 02:00,618.833,0,0.0
2024-10-14 03:00,615.13,0,0.0
2024-10-14 04:00,625.066,0,0.0
2024-10-14 05:00,733.517,0,0.0
2024-10-14 06:00,849.553,0,0.0
2024-10-14 07:00,920.921,1,24.98
2024-10-14 08:00,971.659,1,24.84
2024-10-14 09:00,900.906,0,0.0
2024-10-14 10:00,844.181,0,0.0
2024-10-14 11:00,796.259,0,0.0
2024-10-14 12:00,767.355,0,0.0
2024-10-14 13:00,851.984,0,0.0
2024-10-14 14:00,876.228,0,0.0
2024-10-14 15:00,980.604,1,25.43
2024-10-14 16:00,1050.89,1,25.57
2024-10-14 17:00,1190.492,1,48.35
2024-10-14 18:00,1190.318,1,48.1
2024-10-14 19:00,1150.885,1,41.14
2024-10-14 20:00,1051.515,1,25.35
2024-10-14 21:00,1004.976,1,24.97
2024-10-14 22:00,893.062,0,0.0
2024-10-14 23:00,765.481,0,0.0
2024-10-15 00:00,738.237,0,0.0
2024-10-15 01:00,741.137,0,0.0
2024-10-15 02:00,669.199,0,0.0
2024-10-15 03:00,645.86,0,0.0
2024-10-15 04:00,679.211,0,0.0
2024-10-15 05:00,746.733,0,0.0
2024-10-15 06:00,854.655,0,0.0
2024-10-15 07:00,910.033,1,24.45
2024-10-15 08:00,1009.051,1,24.69
2024-10-15 09:00,922.895,1,25.19
2024-10-15 10:00,888.862,0,0.0
2024-10-15 11:00,912.737,1,25.06
2024-10-15 12:00,893.467,0,0.0
2024-10-15 13:00,882.485,0,0.0
2024-10-15 14:00,881.661,0,0.0
2024-10-15 15:00,960.171,1,24.95
2024-10-15 16:00,1035.7,1,25.2
2024-10-15 17:00,1153.064,1,48.46
2024-10-15 18:00,1141.956,1,45.81
2024-10-15 19:00,1145.891,1,46.83
2024-10-15 20:00,1050.219,1,27.7
2024-10-15 21:00,932.353,1,24.97
2024-10-15 22:00,864.659,0,0.0
2024-10-15 23:00,748.932,0,0.0
2024-10-16 00:00,690.622,0,0.0
2024-10-16 01:00,641.766,0,0.0
2024-10-16 02:00,622.566,0,0.0
2024-10-16 03:00,624.593,0,0.0
2024-10-16 04:00,646.492,0,0.0
2024-10-16 05:00,673.975,0,0.0
2024-10-16 06:00,778.787,0,0.0
2024-10-16 07:00,897.849,0,0.0
2024-10-16 08:00,953.548,0,0.0
2024-10-16 09:00,968.857,0,0.0
2024-10-16 10:00,995.855,0,0.0
2024-10-16 11:00,989.429,0,0.0
2024-10-16 12:00,999.488,0,0.0
2024-10-16 13:00,1027.476,0,0.0
2024-10-16 14:00,1108.176,0,0.0
2024-10-16 15:00,1236.549,1,25.21
2024-10-16 16:00,1351.513,1,32.71
2024-10-16 17:00,1455.962,1,48.14
2024-10-16 18:00,1451.428,1,46.91
2024-10-16 19:00,1351.695,1,33.92
2024-10-16 20:00,1185.271,1,25.14
2024-10-16 21:00,1043.72,0,0.0
2024-10-16 22:00,881.193,0,0.0
2024-10-16 23:00,767.329,0,0.0
2024-10-17 00:00,664.772,0,0.0
2024-10-17 01:00,674.585,0,0.0
2024-10-17 02:00,648.054,0,0.0
2024-10-17 03:00,657.837,0,0.0
2024-10-17 04:00,730.218,0,0.0
2024-10-17 05:00,812.486,0,0.0
2024-10-17 06:00,971.594,0,0.0
2024-10-17 07:00,1018.716,0,0.0
2024-10-17 08:00,1137.088,1,25.05
2024-10-17 09:00,1109.723,0,0.0
2024-10-17 10:00,1049.382,0,0.0
2024-10-17 11:00,1053.82,0,0.0
2024-10-17 12:00,970.855,0,0.0
2024-10-17 13:00,969.541,0,0.0
2024-10-17 14:00,1049.74,0,0.0
2024-10-17 15:00,1049.869,0,0.0
2024-10-17 16:00,1168.486,1,25.03
2024-10-17 17:00,1285.431,1,24.84
2024-10-17 18:00,1403.879,1,47.55
2024-10-17 19:00,1249.094,1,25.07
2024-10-17 20:00,1183.914,1,24.75
2024-10-17 21:00,1003.153,0,0.0
2024-10-17 22:00,860.045,0,0.0
2024-10-17 23:00,725.195,0,0.0
2024-10-18 00:00,663.263,0,0.0
2024-10-18 01:00,642.713,0,0.0
2024-10-18 02:00,602.547,0,0.0
2024-10-18 03:00,626.95,0,0.0
2024-10-18 04:00,652.56,0,0.0
2024-10-18 05:00,701.138,0,0.0
2024-10-18 06:00,805.508,0,0.0
2024-10-18 07:00,921.403,1,25.62
2024-10-18 08:00,958.917,1,25.19
2024-10-18 09:00,933.215,1,25.63
2024-10-18 10:00,926.432,1,24.78
2024-10-18 11:00,944.08,1,24.95
2024-10-18 12:00,909.809,0,0.0
2024-10-18 13:00,894.092,0,0.0
2024-10-18 14:00,939.36,1,25.1
2024-10-18 15:00,1036.759,1,25.01
2024-10-18 16:00,1076.496,1,29.32
2024-10-18 17:00,1142.155,1,43.22
2024-10-18 18:00,1163.076,1,48.25
2024-10-18 19:00,1119.095,1,38.53
2024-10-18 20:00,996.779,1,24.57
2024-10-18 21:00,911.354,0,0.0
2024-10-18 22:00,759.907,0,0.0
2024-10-18 23:00,643.328,0,0.0
2024-10-19 00:00,581.146,0,0.0
2024-10-19 01:00,558.706,0,0.0
2024-10-19 02:00,522.96,0,0.0
2024-10-19 03:00,525.121,0,0.0
2024-10-19 04:00,563.459,0,0.0
2024-10-19 05:00,633.998,0,0.0
2024-10-19 06:00,753.131,0,0.0
2024-10-19 07:00,830.323,0,0.0
2024-10-19 08:00,929.568,0,0.0
2024-10-19 09:00,914.048,0,0.0
2024-10-19 10:00,853.416,0,0.0
2024-10-19 11:00,843.571,0,0.0
2024-10-19 12:00,832.864,0,0.0
2024-10-19 13:00,890.013,0,0.0
2024-10-19 14:00,904.05,0,0.0
2024-10-19 15:00,1003.34,0,0.0
2024-10-19 16:00,1093.8,0,0.0
2024-10-19 17:00,1243.11,1,24.85
2024-10-19 18:00,1320.729,1,49.95
2024-10-19 19:00,1245.986,1,25.29
2024-10-19 20:00,1098.651,0,0.0
2024-10-19 21:00,966.359,0,0.0
2024-10-19 22:00,832.651,0,0.0
2024-10-19 23:00,770.173,0,0.0
2024-10-20 00:00,719.22,0,0.0
2024-10-20 01:00,660.607,0,0.0
2024-10-20 02:00,625.183,0,0.0
2024-10-20 03:00,596.074,0,0.0
2024-10-20 04:00,646.727,0,0.0
2024-10-20 05:00,699.376,0,0.0
2024-10-20 06:00,842.381,0,0.0
2024-10-20 07:00,891.333,0,0.0
2024-10-20 08:00,936.418,0,0.0
2024-10-20 09:00,940.742,0,0.0
2024-10-20 10:00,832.896,0,0.0
2024-10-20 11:00,885.258,0,0.0
2024-10-20 12:00,850.065,0,0.0
2024-10-20 13:00,871.964,0,0.0
2024-10-20 14:00,925.558,0,0.0
2024-10-20 15:00,1021.011,1,24.45
2024-10-20 16:00,1118.315,1,25.11
2024-10-20 17:00,1244.917,1,41.22
2024-10-20 18:00,1289.985,1,49.08
2024-10-20 19:00,1284.314,1,46.88
2024-10-20 20:00,1155.304,1,27.71
2024-10-20 21:00,1052.966,1,25.13
2024-10-20 22:00,924.889,0,0.0
2024-10-20 23:00,751.797,0,0.0
2024-10-21 00:00,812.336,0,0.0
2024-10-21 01:00,735.409,0,0.0
2024-10-21 02:00,735.217,0,0.0
2024-10-21 03:00,719.626,0,0.0
2024-10-21 04:00,774.455,0,0.0
2024-10-21 05:00,826.516,0,0.0
2024-10-21 06:00,959.659,0,0.0
2024-10-21 07:00,1041.667,0,0.0
2024-10-21 08:00,1127.538,1,25.92
2024-10-21 09:00,1080.006,1,24.73
2024-10-21 10:00,1049.861,1,24.74
2024-10-21 11:00,938.761,0,0.0
2024-10-21 12:00,912.609,0,0.0
2024-10-21 13:00,943.229,0,0.0
2024-10-21 14:00,986.315,0,0.0
2024-10-21 15:00,1096.196,1,25.09
2024-10-21 16:00,1173.288,1,25.79
2024-10-21 17:00,1268.867,1,34.59
2024-10-21 18:00,1354.813,1,47.39
2024-10-21 19:00,1181.198,1,24.79
2024-10-21 20:00,1094.526,1,25.18
2024-10-21 21:00,946.582,1,25.0
2024-10-21 22:00,805.644,0,0.0
2024-10-21 23:00,726.304,0,0.0
2024-10-22 00:00,721.166,0,0.0
2024-10-22 01:00,702.344,0,0.0
2024-10-22 02:00,672.076,0,0.0
2024-10-22 03:00,687.023,0,0.0
2024-10-22 04:00,741.476,0,0.0
2024-10-22 05:00,812.426,0,0.0
2024-10-22 06:00,905.714,0,0.0
2024-10-22 07:00,979.445,0,0.0
2024-10-22 08:00,1048.1,1,25.32
2024-10-22 09:00,1000.92,1,24.84
2024-10-22 10:00,922.494,0,0.0
2024-10-22 11:00,851.91,0,0.0
2024-10-22 12:00,871.786,0,0.0
2024-10-22 13:00,878.235,0,0.0
2024-10-22 14:00,934.332,0,0.0
2024-10-22 15:00,1060.193,1,25.29
2024-10-22 16:00,1103.55,1,25.27
2024-10-22 17:00,1202.703,1,39.39
2024-10-22 18:00,1238.7,1,48.25
2024-10-22 19:00,1203.175,1,38.59
2024-10-22 20:00,1135.707,1,24.75
2024-10-22 21:00,942.744,0,0.0
2024-10-22 22:00,846.497,0,0.0
2024-10-22 23:00,773.981,0,0.0
2024-10-23 00:00,723.371,0,0.0
2024-10-23 01:00,676.676,0,0.0
2024-10-23 02:00,664.148,0,0.0
2024-10-23 03:00,668.532,0,0.0
2024-10-23 04:00,718.551,0,0.0
2024-10-23 05:00,808.791,0,0.0
2024-10-23 06:00,893.378,0,0.0
2024-10-23 07:00,1023.826,1,25.73
2024-10-23 08:00,1097.654,1,24.94
2024-10-23 09:00,1047.8,1,25.01
2024-10-23 10:00,944.683,0,0.0
2024-10-23 11:00,920.228,0,0.0
2024-10-23 12:00,906.549,0,0.0
2024-10-23 13:00,888.131,0,0.0
2024-10-23 14:00,919.637,0,0.0
2024-10-23 15:00,951.077,0,0.0
2024-10-23 16:00,1081.692,1,24.73
2024-10-23 17:00,1192.336,1,47.64
2024-10-23 18:00,1164.313,1,40.17
2024-10-23 19:00,1143.793,1,33.24
2024-10-23 20:00,1042.071,1,25.03
2024-10-23 21:00,937.458,0,0.0
2024-10-23 22:00,814.404,0,0.0
2024-10-23 23:00,703.057,0,0.0
2024-10-24 00:00,653.876,0,0.0
2024-10-24 01:00,613.531,0,0.0
2024-10-24 02:00,604.867,0,0.0
2024-10-24 03:00,615.476,0,0.0
2024-10-24 04:00,653.892,0,0.0
2024-10-24 05:00,723.433,0,0.0
2024-10-24 06:00,832.035,0,0.0
2024-10-24 07:00,1019.859,1,25.02
2024-10-24 08:00,1025.322,1,25.08
2024-10-24 09:00,965.31,0,0.0
2024-10-24 10:00,1037.027,1,24.84
2024-10-24 11:00,1011.604,1,25.38
2024-10-24 12:00,930.321,0,0.0
2024-10-24 13:00,971.968,0,0.0
2024-10-24 14:00,972.869,0,0.0
2024-10-24 15:00,1082.38,1,24.3
2024-10-24 16:00,1167.041,1,25.94
2024-10-24 17:00,1242.238,1,35.15
2024-10-24 18:00,1351.32,1,48.07
2024-10-24 19:00,1299.181,1,42.33
2024-10-24 20:00,1196.613,1,30.16
2024-10-24 21:00,1045.609,1,24.43
2024-10-24 22:00,890.672,0,0.0
2024-10-24 23:00,795.066,0,0.0
2024-10-25 00:00,774.133,0,0.0
2024-10-25 01:00,722.321,0,0.0
2024-10-25 02:00,731.714,0,0.0
2024-10-25 03:00,735.356,0,0.0
2024-10-25 04:00,767.796,0,0.0
2024-10-25 05:00,845.519,0,0.0
2024-10-25 06:00,962.595,0,0.0
2024-10-25 07:00,1010.192,1,24.53
2024-10-25 08:00,1041.3,1,25.59
2024-10-25 09:00,1004.569,1,24.77
2024-10-25 10:00,946.065,0,0.0
2024-10-25 11:00,935.889,0,0.0
2024-10-25 12:00,913.668,0,0.0
2024-10-25 13:00,955.797,0,0.0
2024-10-25 14:00,1011.796,1,24.77
2024-10-25 15:00,1089.997,1,25.3
2024-10-25 16:00,1127.982,1,24.9
2024-10-25 17:00,1303.615,1,45.06
2024-10-25 18:00,1325.356,1,46.13
2024-10-25 19:00,1251.409,1,37.41
2024-10-25 20:00,1110.815,1,25.48
2024-10-25 21:00,953.088,0,0.0
2024-10-25 22:00,882.609,0,0.0
2024-10-25 23:00,809.369,0,0.0
2024-10-26 00:00,720.418,0,0.0
2024-10-26 01:00,668.056,0,0.0
2024-10-26 02:00,654.012,0,0.0
2024-10-26 03:00,647.031,0,0.0
2024-10-26 04:00,674.23,0,0.0
2024-10-26 05:00,753.561,0,0.0
2024-10-26 06:00,849.088,0,0.0
2024-10-26 07:00,947.144,1,25.11
2024-10-26 08:00,986.589,1,25.53
2024-10-26 09:00,962.697,1,25.18
2024-10-26 10:00,897.517,1,24.45
2024-10-26 11:00,897.594,1,24.77
2024-10-26 12:00,845.731,0,0.0
2024-10-26 13:00,846.756,0,0.0
2024-10-26 14:00,869.322,0,0.0
2024-10-26 15:00,909.826,1,25.72
2024-10-26 16:00,1046.218,1,28.13
2024-10-26 17:00,1101.008,1,40.9
2024-10-26 18:00,1117.305,1,43.93
2024-10-26 19:00,1129.091,1,48.63
2024-10-26 20:00,1000.968,1,24.97
2024-10-26 21:00,874.372,0,0.0
2024-10-26 22:00,743.455,0,0.0
2024-10-26 23:00,684.823,0,0.0
2024-10-27 00:00,670.709,0,0.0
2024-10-27 01:00,648.072,0,0.0
2024-10-27 02:00,636.375,0,0.0
2024-10-27 03:00,632.564,0,0.0
2024-10-27 04:00,654.124,0,0.0
2024-10-27 05:00,706.262,0,0.0
2024-10-27 06:00,854.447,0,0.0
2024-10-27 07:00,968.512,1,24.39
2024-10-27 08:00,974.789,1,25.23
2024-10-27 09:00,935.281,1,24.77
2024-10-27 10:00,885.786,0,0.0
2024-10-27 11:00,832.593,0,0.0
2024-10-27 12:00,825.64,0,0.0
2024-10-27 13:00,834.672,0,0.0
2024-10-27 14:00,845.639,0,0.0
2024-10-27 15:00,874.942,0,0.0
2024-10-27 16:00,918.673,1,24.78
2024-10-27 17:00,1011.625,1,24.7
2024-10-27 18:00,1067.35,1,48.45
2024-10-27 19:00,1005.038,1,25.59
2024-10-27 20:00,953.085,1,24.87
2024-10-27 21:00,843.881,0,0.0
2024-10-27 22:00,765.465,0,0.0
2024-10-27 23:00,675.941,0,0.0
2024-10-28 00:00,665.926,0,0.0
2024-10-28 01:00,638.041,0,0.0
2024-10-28 02:00,595.434,0,0.0
2024-10-28 03:00,616.581,0,0.0
2024-10-28 04:00,636.975,0,0.0
2024-10-28 05:00,743.781,0,0.0
2024-10-28 06:00,851.685,0,0.0
2024-10-28 07:00,988.312,0,0.0
2024-10-28 08:00,985.897,0,0.0
2024-10-28 09:00,930.125,0,0.0
2024-10-28 10:00,913.644,0,0.0
2024-10-28 11:00,936.645,0,0.0
2024-10-28 12:00,966.069,0,0.0
2024-10-28 13:00,976.145,0,0.0
2024-10-28 14:00,1068.58,0,0.0
2024-10-28 15:00,1123.793,0,0.0
2024-10-28 16:00,1256.188,1,25.53
2024-10-28 17:00,1299.981,1,24.65
2024-10-28 18:00,1347.285,1,47.89
2024-10-28 19:00,1172.636,1,25.92
2024-10-28 20:00,1022.616,0,0.0
2024-10-28 21:00,921.831,0,0.0
2024-10-28 22:00,776.06,0,0.0
2024-10-28 23:00,707.217,0,0.0
2024-10-29 00:00,698.43,0,0.0
2024-10-29 01:00,648.893,0,0.0
2024-10-29 02:00,610.704,0,0.0
2024-10-29 03:00,606.212,0,0.0
2024-10-29 04:00,627.27,0,0.0
2024-10-29 05:00,707.705,0,0.0
2024-10-29 06:00,831.119,0,0.0
2024-10-29 07:00,922.746,0,0.0
2024-10-29 08:00,1029.515,0,0.0
2024-10-29 09:00,963.092,0,0.0
2024-10-29 10:00,972.789,0,0.0
2024-10-29 11:00,912.994,0,0.0
2024-10-29 12:00,896.914,0,0.0
2024-10-29 13:00,954.928,0,0.0
2024-10-29 14:00,1026.756,0,0.0
2024-10-29 15:00,1081.96,1,24.52
2024-10-29 16:00,1197.069,1,26.37
2024-10-29 17:00,1306.104,1,47.79
2024-10-29 18:00,1309.755,1,47.67
2024-10-29 19:00,1268.773,1,40.31
2024-10-29 20:00,1208.18,1,28.54
2024-10-29 21:00,1055.142,1,25.05
2024-10-29 22:00,927.276,0,0.0
2024-10-29 23:00,823.172,0,0.0
2024-10-30 00:00,730.184,0,0.0
2024-10-30 01:00,695.858,0,0.0
2024-10-30 02:00,647.003,0,0.0
2024-10-30 03:00,633.364,0,0.0
2024-10-30 04:00,725.8,0,0.0
2024-10-30 05:00,793.675,0,0.0
2024-10-30 06:00,886.522,0,0.0
2024-10-30 07:00,1023.134,0,0.0
2024-10-30 08:00,1021.818,0,0.0
2024-10-30 09:00,966.33,0,0.0
2024-10-30 10:00,970.661,0,0.0
2024-10-30 11:00,946.152,0,0.0
2024-10-30 12:00,872.075,0,0.0
2024-10-30 13:00,913.561,0,0.0
2024-10-30 14:00,940.158,0,0.0
2024-10-30 15:00,1076.247,0,0.0
2024-10-30 16:00,1145.85,1,25.59
2024-10-30 17:00,1287.647,1,26.26
2024-10-30 18:00,1397.146,1,49.07
2024-10-30 19:00,1274.887,1,24.58
2024-10-30 20:00,1133.926,1,24.84
2024-10-30 21:00,999.079,0,0.0
2024-10-30 22:00,845.039,0,0.0
2024-10-30 23:00,753.128,0,0.0
2024-10-31 00:00,706.222,0,0.0
2024-10-31 01:00,660.891,0,0.0
2024-10-31 02:00,643.24,0,0.0
2024-10-31 03:00,645.21,0,0.0
2024-10-31 04:00,688.245,0,0.0
2024-10-31 05:00,750.137,0,0.0
2024-10-31 06:00,851.026,0,0.0
2024-10-31 07:00,947.296,0,0.0
2024-10-31 08:00,989.275,1,24.73
2024-10-31 09:00,940.964,0,0.0
2024-10-31 10:00,920.304,0,0.0
2024-10-31 11:00,845.973,0,0.0
2024-10-31 12:00,817.841,0,0.0
2024-10-31 13:00,841.621,0,0.0
2024-10-31 14:00,863.244,0,0.0
2024-10-31 15:00,1011.27,1,25.18
2024-10-31 16:00,1112.351,1,25.36
2024-10-31 17:00,1220.109,1,44.29
2024-10-31 18:00,1239.523,1,48.67
2024-10-31 19:00,1187.037,1,39.31
2024-10-31 20:00,1029.693,1,24.49
2024-10-31 21:00,905.566,0,0.0
2024-10-31 22:00,775.403,0,0.0
2024-10-31 23:00,688.424,0,0.0
2024-11-01 00:00,708.038,0,0.0
2024-11-01 01:00,658.863,0,0.0
2024-11-01 02:00,700.909,0,0.0
2024-11-01 03:00,734.35,0,0.0
2024-11-01 04:00,821.786,0,0.0
2024-11-01 05:00,957.1,0,0.0
2024-11-01 06:00,1117.47,0,0.0
2024-11-01 07:00,1208.011,0,0.0
2024-11-01 08:00,1203.054,0,0.0
2024-11-01 09:00,1203.193,0,0.0
2024-11-01 10:00,1149.541,0,0.0
2024-11-01 11:00,1213.611,0,0.0
2024-11-01 12:00,1151.938,0,0.0
2024-11-01 13:00,1235.917,0,0.0
2024-11-01 14:00,1254.399,0,0.0
2024-11-01 15:00,1390.608,1,25.12
2024-11-01 16:00,1569.073,1,38.73
2024-11-01 17:00,1607.716,1,47.89
2024-11-01 18:00,1605.321,1,48.24
2024-11-01 19:00,1461.927,1,24.67
2024-11-01 20:00,1260.191,0,0.0
2024-11-01 21:00,1134.695,0,0.0
2024-11-01 22:00,988.728,0,0.0
2024-11-01 23:00,876.331,0,0.0
2024-11-02 00:00,796.079,0,0.0
2024-11-02 01:00,701.54,0,0.0
2024-11-02 02:00,719.833,0,0.0
2024-11-02 03:00,710.666,0,0.0
2024-11-02 04:00,769.246,0,0.0
2024-11-02 05:00,873.953,0,0.0
2024-11-02 06:00,1049.986,0,0.0
2024-11-02 07:00,1148.377,1,24.97
2024-11-02 08:00,1098.83,0,0.0
2024-11-02 09:00,1064.273,0,0.0
2024-11-02 10:00,1033.013,0,0.0
2024-11-02 11:00,976.397,0,0.0
2024-11-02 12:00,968.831,0,0.0
2024-11-02 13:00,982.768,0,0.0
2024-11-02 14:00,981.884,0,0.0
2024-11-02 15:00,1105.415,0,0.0
2024-11-02 16:00,1194.096,1,24.72
2024-11-02 17:00,1290.682,1,28.97
2024-11-02 18:00,1323.501,1,43.36
2024-11-02 19:00,1336.167,1,47.41
2024-11-02 20:00,1207.081,1,25.33
2024-11-02 21:00,1060.83,0,0.0
2024-11-02 22:00,917.258,0,0.0
2024-11-02 23:00,826.821,0,0.0
2024-11-03 00:00,820.195,0,0.0
2024-11-03 01:00,785.046,0,0.0
2024-11-03 02:00,771.227,0,0.0
2024-11-03 03:00,776.803,0,0.0
2024-11-03 04:00,775.815,0,0.0
2024-11-03 05:00,835.524,0,0.0
2024-11-03 06:00,959.656,0,0.0
2024-11-03 07:00,1042.444,0,0.0
2024-11-03 08:00,1050.406,0,0.0
2024-11-03 09:00,952.672,0,0.0
2024-11-03 10:00,888.636,0,0.0
2024-11-03 11:00,888.295,0,0.0
2024-11-03 12:00,890.53,0,0.0
2024-11-03 13:00,901.711,0,0.0
2024-11-03 14:00,965.61,0,0.0
2024-11-03 15:00,1046.393,0,0.0
2024-11-03 16:00,1214.16,1,24.31
2024-11-03 17:00,1320.289,1,25.11
2024-11-03 18:00,1405.883,1,47.55
2024-11-03 19:00,1351.891,1,29.82
2024-11-03 20:00,1160.712,0,0.0
2024-11-03 21:00,1021.229,0,0.0
2024-11-03 22:00,862.743,1,25.0
2024-11-03 23:00,770.803,0,0.0
2024-11-04 00:00,765.202,0,0.0
2024-11-04 01:00,744.702,0,0.0
2024-11-04 02:00,694.243,0,0.0
2024-11-04 03:00,707.088,0,0.0
2024-11-04 04:00,776.919,0,0.0
2024-11-04 05:00,900.942,0,0.0
2024-11-04 06:00,1011.972,0,0.0
2024-11-04 07:00,1130.944,0,0.0
2024-11-04 08:00,1188.757,1,24.89
2024-11-04 09:00,1208.13,1,25.09
2024-11-04 10:00,1093.345,0,0.0
2024-11-04 11:00,1038.906,0,0.0
2024-11-04 12:00,1129.782,0,0.0
2024-11-04 13:00,1131.881,0,0.0
2024-11-04 14:00,1096.655,0,0.0
2024-11-04 15:00,1168.365,1,25.02
2024-11-04 16:00,1159.93,1,24.87
2024-11-04 17:00,1307.766,1,25.72
2024-11-04 18:00,1419.699,1,47.83
2024-11-04 19:00,1322.832,1,27.82
2024-11-04 20:00,1191.596,1,25.31
2024-11-04 21:00,1095.658,0,0.0
2024-11-04 22:00,906.547,0,0.0
2024-11-04 23:00,774.505,0,0.0
2024-11-05 00:00,744.927,0,0.0
2024-11-05 01:00,697.773,0,0.0
2024-11-05 02:00,684.909,0,0.0
2024-11-05 03:00,665.275,0,0.0
2024-11-05 04:00,730.405,0,0.0
2024-11-05 05:00,825.07,0,0.0
2024-11-05 06:00,988.039,0,0.0
2024-11-05 07:00,1116.532,0,0.0
2024-11-05 08:00,1177.415,0,0.0
2024-11-05 09:00,1078.0,0,0.0
2024-11-05 10:00,1067.624,0,0.0
2024-11-05 11:00,1040.335,0,0.0
2024-11-05 12:00,1020.269,0,0.0
2024-11-05 13:00,1090.414,0,0.0
2024-11-05 14:00,1107.686,0,0.0
2024-11-05 15:00,1261.133,1,25.1
2024-11-05 16:00,1441.043,1,27.39
2024-11-05 17:00,1584.261,1,48.05
2024-11-05 18:00,1559.393,1,45.29
2024-11-05 19:00,1368.107,1,25.39
2024-11-05 20:00,1295.39,1,25.34
2024-11-05 21:00,1137.903,0,0.0
2024-11-05 22:00,971.938,0,0.0
2024-11-05 23:00,898.661,0,0.0
2024-11-06 00:00,822.913,0,0.0
2024-11-06 01:00,767.203,0,0.0
2024-11-06 02:00,762.045,0,0.0
2024-11-06 03:00,732.537,0,0.0
2024-11-06 04:00,779.727,0,0.0
2024-11-06 05:00,909.241,0,0.0
2024-11-06 06:00,1055.36,0,0.0
2024-11-06 07:00,1220.257,1,25.41
2024-11-06 08:00,1304.899,1,25.03
2024-11-06 09:00,1237.382,1,24.9
2024-11-06 10:00,1083.127,0,0.0
2024-11-06 11:00,1023.294,0,0.0
2024-11-06 12:00,1041.228,0,0.0
2024-11-06 13:00,1009.086,0,0.0
2024-11-06 14:00,1053.742,0,0.0
2024-11-06 15:00,1169.828,1,25.75
2024-11-06 16:00,1360.289,1,28.9
2024-11-06 17:00,1444.603,1,43.93
2024-11-06 18:00,1458.981,1,48.97
2024-11-06 19:00,1396.69,1,35.36
2024-11-06 20:00,1283.554,1,25.5
2024-11-06 21:00,1118.872,0,0.0
2024-11-06 22:00,1020.721,0,0.0
2024-11-06 23:00,873.315,0,0.0
2024-11-07 00:00,831.839,0,0.0
2024-11-07 01:00,798.049,0,0.0
2024-11-07 02:00,761.875,0,0.0
2024-11-07 03:00,784.591,0,0.0
2024-11-07 04:00,832.322,0,0.0
2024-11-07 05:00,947.815,0,0.0
2024-11-07 06:00,1091.237,0,0.0
2024-11-07 07:00,1217.682,0,0.0
2024-11-07 08:00,1228.348,0,0.0
2024-11-07 09:00,1151.175,0,0.0
2024-11-07 10:00,1153.669,0,0.0
2024-11-07 11:00,1146.198,0,0.0
2024-11-07 12:00,1073.333,0,0.0
2024-11-07 13:00,1101.863,0,0.0
2024-11-07 14:00,1051.839,0,0.0
2024-11-07 15:00,1128.985,0,0.0
2024-11-07 16:00,1299.755,1,25.31
2024-11-07 17:00,1413.634,1,27.5
2024-11-07 18:00,1472.853,1,47.47
2024-11-07 19:00,1258.749,1,25.06
2024-11-07 20:00,1147.691,0,0.0
2024-11-07 21:00,1040.931,0,0.0
2024-11-07 22:00,944.303,0,0.0
2024-11-07 23:00,872.137,0,0.0
2024-11-08 00:00,821.292,0,0.0
2024-11-08 01:00,773.065,0,0.0
2024-11-08 02:00,717.091,0,0.0
2024-11-08 03:00,719.966,0,0.0
2024-11-08 04:00,736.144,0,0.0
2024-11-08 05:00,776.674,0,0.0
2024-11-08 06:00,882.699,0,0.0
2024-11-08 07:00,1073.521,1,24.45
2024-11-08 08:00,1120.642,1,25.04
2024-11-08 09:00,1100.691,0,0.0
2024-11-08 10:00,1046.384,0,0.0
2024-11-08 11:00,967.733,0,0.0
2024-11-08 12:00,1003.073,0,0.0
2024-11-08 13:00,953.45,0,0.0
2024-11-08 14:00,997.129,0,0.0
2024-11-08 15:00,1102.747,1,25.3
2024-11-08 16:00,1241.903,1,31.48
2024-11-08 17:00,1331.432,1,47.26
2024-11-08 18:00,1300.37,1,42.86
2024-11-08 19:00,1235.05,1,28.67
2024-11-08 20:00,1113.974,1,25.15
2024-11-08 21:00,972.646,0,0.0
2024-11-08 22:00,912.739,0,0.0
2024-11-08 23:00,782.314,0,0.0
2024-11-09 00:00,720.431,0,0.0
2024-11-09 01:00,695.115,0,0.0
2024-11-09 02:00,706.524,0,0.0
2024-11-09 03:00,705.177,0,0.0
2024-11-09 04:00,771.365,0,0.0
2024-11-09 05:00,852.352,0,0.0
2024-11-09 06:00,997.476,0,0.0
2024-11-09 07:00,1047.33,0,0.0
2024-11-09 08:00,992.289,0,0.0
2024-11-09 09:00,992.463,0,0.0
2024-11-09 10:00,984.904,0,0.0
2024-11-09 11:00,991.777,0,0.0
2024-11-09 12:00,957.632,0,0.0
2024-11-09 13:00,1039.59,0,0.0
2024-11-09 14:00,1063.388,0,0.0
2024-11-09 15:00,1167.594,1,25.01
2024-11-09 16:00,1301.028,1,24.59
2024-11-09 17:00,1487.825,1,46.73
2024-11-09 18:00,1497.491,1,49.12
2024-11-09 19:00,1383.13,1,34.55
2024-11-09 20:00,1179.754,1,25.05
2024-11-09 21:00,1096.167,0,0.0
2024-11-09 22:00,970.899,0,0.0
2024-11-09 23:00,865.409,0,0.0
2024-11-10 00:00,898.597,0,0.0
2024-11-10 01:00,837.41,0,0.0
2024-11-10 02:00,762.941,0,0.0
2024-11-10 03:00,749.862,0,0.0
2024-11-10 04:00,763.186,0,0.0
2024-11-10 05:00,838.24,0,0.0
2024-11-10 06:00,955.457,0,0.0
2024-11-10 07:00,1043.902,0,0.0
2024-11-10 08:00,1038.639,0,0.0
2024-11-10 09:00,1075.244,0,0.0
2024-11-10 10:00,1045.235,0,0.0
2024-11-10 11:00,1015.142,0,0.0
2024-11-10 12:00,1021.288,0,0.0
2024-11-10 13:00,1056.483,0,0.0
2024-11-10 14:00,1105.262,0,0.0
2024-11-10 15:00,1215.388,1,24.98
2024-11-10 16:00,1323.579,1,25.38
2024-11-10 17:00,1457.635,1,36.48
2024-11-10 18:00,1524.891,1,47.53
2024-11-10 19:00,1443.063,1,34.26
2024-11-10 20:00,1278.603,1,24.86
2024-11-10 21:00,1166.272,0,0.0
2024-11-10 22:00,991.913,0,0.0
2024-11-10 23:00,878.851,0,0.0
2024-11-11 00:00,888.28,0,0.0
2024-11-11 01:00,812.723,0,0.0
2024-11-11 02:00,762.663,0,0.0
2024-11-11 03:00,753.345,0,0.0
2024-11-11 04:00,786.977,0,0.0
2024-11-11 05:00,835.428,0,0.0
2024-11-11 06:00,954.091,0,0.0
2024-11-11 07:00,1088.267,0,0.0
2024-11-11 08:00,1197.91,0,0.0
2024-11-11 09:00,1175.156,0,0.0
2024-11-11 10:00,1023.929,0,0.0
2024-11-11 11:00,1042.249,0,0.0
2024-11-11 12:00,1007.221,0,0.0
2024-11-11 13:00,1056.832,0,0.0
2024-11-11 14:00,1106.96,0,0.0
2024-11-11 15:00,1194.235,0,0.0
2024-11-11 16:00,1308.375,1,25.36
2024-11-11 17:00,1426.552,1,27.74
2024-11-11 18:00,1548.332,1,47.79
2024-11-11 19:00,1468.222,1,34.74
2024-11-11 20:00,1369.844,1,24.52
2024-11-11 21:00,1224.195,0,0.0
2024-11-11 22:00,1083.202,0,0.0
2024-11-11 23:00,888.209,0,0.0
2024-11-12 00:00,872.455,0,0.0
2024-11-12 01:00,804.643,0,0.0
2024-11-12 02:00,796.941,0,0.0
2024-11-12 03:00,764.922,0,0.0
2024-11-12 04:00,777.41,0,0.0
2024-11-12 05:00,935.142,0,0.0
2024-11-12 06:00,1037.305,0,0.0
2024-11-12 07:00,1199.706,1,24.72
2024-11-12 08:00,1244.629,1,25.44
2024-11-12 09:00,1172.54,1,25.33
2024-11-12 10:00,1121.159,1,24.82
2024-11-12 11:00,1046.397,0,0.0
2024-11-12 12:00,1030.827,0,0.0
2024-11-12 13:00,1018.163,0,0.0
2024-11-12 14:00,1058.774,0,0.0
2024-11-12 15:00,1199.474,1,25.24
2024-11-12 16:00,1329.814,1,29.51
2024-11-12 17:00,1371.185,1,35.31
2024-11-12 18:00,1475.548,1,49.83
2024-11-12 19:00,1411.925,1,40.21
2024-11-12 20:00,1254.342,1,25.01
2024-11-12 21:00,1133.656,1,24.97
2024-11-12 22:00,989.006,0,0.0
2024-11-12 23:00,839.055,0,0.0
2024-11-13 00:00,855.583,0,0.0
2024-11-13 01:00,803.706,0,0.0
2024-11-13 02:00,774.897,0,0.0
2024-11-13 03:00,762.007,0,0.0
2024-11-13 04:00,841.899,0,0.0
2024-11-13 05:00,915.081,0,0.0
2024-11-13 06:00,996.9,0,0.0
2024-11-13 07:00,1089.017,0,0.0
2024-11-13 08:00,1201.11,0,0.0
2024-11-13 09:00,1188.924,0,0.0
2024-11-13 10:00,1125.887,0,0.0
2024-11-13 11:00,1151.967,0,0.0
2024-11-13 12:00,1143.922,0,0.0
2024-11-13 13:00,1143.976,0,0.0
2024-11-13 14:00,1175.438,0,0.0
2024-11-13 15:00,1277.372,1,25.32
2024-11-13 16:00,1348.712,1,24.78
2024-11-13 17:00,1463.854,1,35.47
2024-11-13 18:00,1525.372,1,48.49
2024-11-13 19:00,1366.564,1,24.35
2024-11-13 20:00,1236.745,1,24.68
2024-11-13 21:00,1079.383,0,0.0
2024-11-13 22:00,991.566,0,0.0
2024-11-13 23:00,820.024,0,0.0
2024-11-14 00:00,775.817,0,0.0
2024-11-14 01:00,729.145,0,0.0
2024-11-14 02:00,743.383,0,0.0
2024-11-14 03:00,745.826,0,0.0
2024-11-14 04:00,845.287,0,0.0
2024-11-14 05:00,955.663,0,0.0
2024-11-14 06:00,1076.642,0,0.0
2024-11-14 07:00,1198.849,1,25.07
2024-11-14 08:00,1224.005,1,24.9
2024-11-14 09:00,1208.08,1,24.92
2024-11-14 10:00,1099.102,0,0.0
2024-11-14 11:00,1046.855,0,0.0
2024-11-14 12:00,1048.679,0,0.0
2024-11-14 13:00,1120.971,1,24.55
2024-11-14 14:00,1074.99,0,0.0
2024-11-14 15:00,1233.132,1,24.17
2024-11-14 16:00,1341.5,1,41.8
2024-11-14 17:00,1361.102,1,47.76
2024-11-14 18:00,1264.223,1,24.95
2024-11-14 19:00,1170.216,1,24.88
2024-11-14 20:00,1099.012,0,0.0
2024-11-14 21:00,989.969,0,0.0
2024-11-14 22:00,913.477,0,0.0
2024-11-14 23:00,803.282,0,0.0
2024-11-15 00:00,741.633,0,0.0
2024-11-15 01:00,704.562,0,0.0
2024-11-15 02:00,699.062,0,0.0
2024-11-15 03:00,716.813,0,0.0
2024-11-15 04:00,746.79,0,0.0
2024-11-15 05:00,873.22,0,0.0
2024-11-15 06:00,990.944,0,0.0
2024-11-15 07:00,1075.856,0,0.0
2024-11-15 08:00,1111.188,0,0.0
2024-11-15 09:00,1127.849,0,0.0
2024-11-15 10:00,1082.56,0,0.0
2024-11-15 11:00,1038.489,0,0.0
2024-11-15 12:00,1059.486,0,0.0
2024-11-15 13:00,1164.922,0,0.0
2024-11-15 14:00,1208.245,0,0.0
2024-11-15 15:00,1345.287,0,0.0
2024-11-15 16:00,1497.38,1,24.9
2024-11-15 17:00,1565.146,1,34.33
2024-11-15 18:00,1596.233,1,47.08
2024-11-15 19:00,1442.291,1,25.45
2024-11-15 20:00,1292.124,0,0.0
2024-11-15 21:00,1106.297,0,0.0
2024-11-15 22:00,961.112,1,25.0
2024-11-15 23:00,831.635,0,0.0
2024-11-16 00:00,740.333,0,0.0
2024-11-16 01:00,720.205,0,0.0
2024-11-16 02:00,699.369,0,0.0
2024-11-16 03:00,655.827,0,0.0
2024-11-16 04:00,687.494,0,0.0
2024-11-16 05:00,735.729,0,0.0
2024-11-16 06:00,880.614,0,0.0
2024-11-16 07:00,1017.205,0,0.0
2024-11-16 08:00,1081.168,0,0.0
2024-11-16 09:00,1018.208,0,0.0
2024-11-16 10:00,998.437,0,0.0
2024-11-16 11:00,968.816,0,0.0
2024-11-16 12:00,917.732,0,0.0
2024-11-16 13:00,979.411,0,0.0
2024-11-16 14:00,1059.6,0,0.0
2024-11-16 15:00,1185.534,1,24.25
2024-11-16 16:00,1264.022,1,25.41
2024-11-16 17:00,1429.001,1,46.41
2024-11-16 18:00,1438.989,1,46.72
2024-11-16 19:00,1399.034,1,42.66
2024-11-16 20:00,1233.611,1,25.34
2024-11-16 21:00,1068.562,0,0.0
2024-11-16 22:00,858.003,0,0.0
2024-11-16 23:00,761.763,0,0.0
2024-11-17 00:00,735.179,0,0.0
2024-11-17 01:00,691.83,0,0.0
2024-11-17 02:00,723.896,0,0.0
2024-11-17 03:00,693.568,0,0.0
2024-11-17 04:00,725.181,0,0.0
2024-11-17 05:00,788.405,0,0.0
2024-11-17 06:00,902.785,0,0.0
2024-11-17 07:00,1057.502,0,0.0
2024-11-17 08:00,1163.877,1,25.2
2024-11-17 09:00,1086.717,0,0.0
2024-11-17 10:00,1016.935,0,0.0
2024-11-17 11:00,959.092,0,0.0
2024-11-17 12:00,995.513,0,0.0
2024-11-17 13:00,1058.139,0,0.0
2024-11-17 14:00,1092.443,0,0.0
2024-11-17 15:00,1120.07,0,0.0
2024-11-17 16:00,1174.45,1,25.11
2024-11-17 17:00,1300.852,1,26.45
2024-11-17 18:00,1382.166,1,48.55
2024-11-17 19:00,1226.253,1,24.94
2024-11-17 20:00,1113.723,0,0.0
2024-11-17 21:00,1051.249,0,0.0
2024-11-17 22:00,917.665,0,0.0
2024-11-17 23:00,856.813,0,0.0
2024-11-18 00:00,876.921,0,0.0
2024-11-18 01:00,790.857,0,0.0
2024-11-18 02:00,759.025,0,0.0
2024-11-18 03:00,756.378,0,0.0
2024-11-18 04:00,776.571,0,0.0
2024-11-18 05:00,841.338,0,0.0
2024-11-18 06:00,1038.321,0,0.0
2024-11-18 07:00,1114.664,0,0.0
2024-11-18 08:00,1212.526,1,24.77
2024-11-18 09:00,1146.566,0,0.0
2024-11-18 10:00,1101.458,0,0.0
2024-11-18 11:00,1101.474,0,0.0
2024-11-18 12:00,1053.247,0,0.0
2024-11-18 13:00,1099.763,0,0.0
2024-11-18 14:00,1063.031,0,0.0
2024-11-18 15:00,1182.411,1,25.28
2024-11-18 16:00,1186.639,1,24.45
2024-11-18 17:00,1307.695,1,25.1
2024-11-18 18:00,1421.978,1,48.16
2024-11-18 19:00,1401.621,1,41.82
2024-11-18 20:00,1212.421,1,24.78
2024-11-18 21:00,1027.548,0,0.0
2024-11-18 22:00,894.495,0,0.0
2024-11-18 23:00,812.163,0,0.0
2024-11-19 00:00,721.602,0,0.0
2024-11-19 01:00,700.057,0,0.0
2024-11-19 02:00,702.9,0,0.0
2024-11-19 03:00,706.232,0,0.0
2024-11-19 04:00,774.839,0,0.0
2024-11-19 05:00,877.447,0,0.0
2024-11-19 06:00,997.849,0,0.0
2024-11-19 07:00,1038.972,0,0.0
2024-11-19 08:00,1108.187,0,0.0
2024-11-19 09:00,1043.384,0,0.0
2024-11-19 10:00,998.752,0,0.0
2024-11-19 11:00,1015.862,0,0.0
2024-11-19 12:00,1059.622,0,0.0
2024-11-19 13:00,1082.045,0,0.0
2024-11-19 14:00,1151.057,0,0.0
2024-11-19 15:00,1179.628,0,0.0
2024-11-19 16:00,1311.599,1,25.52
2024-11-19 17:00,1427.511,1,25.08
2024-11-19 18:00,1543.082,1,47.54
2024-11-19 19:00,1437.971,1,24.54
2024-11-19 20:00,1287.261,1,25.15
2024-11-19 21:00,1169.66,0,0.0
2024-11-19 22:00,1017.531,0,0.0
2024-11-19 23:00,861.474,0,0.0
2024-11-20 00:00,893.515,0,0.0
2024-11-20 01:00,803.865,0,0.0
2024-11-20 02:00,775.469,0,0.0
2024-11-20 03:00,782.564,0,0.0
2024-11-20 04:00,833.922,0,0.0
2024-11-20 05:00,918.375,0,0.0
2024-11-20 06:00,1049.578,0,0.0
2024-11-20 07:00,1154.977,1,25.09
2024-11-20 08:00,1154.514,0,0.0
2024-11-20 09:00,1205.546,1,25.4
2024-11-20 10:00,1140.334,0,0.0
2024-11-20 11:00,1134.023,0,0.0
2024-11-20 12:00,1089.199,0,0.0
2024-11-20 13:00,1094.772,0,0.0
2024-11-20 14:00,1121.886,0,0.0
2024-11-20 15:00,1149.233,0,0.0
2024-11-20 16:00,1265.25,1,24.75
2024-11-20 17:00,1368.523,1,30.57
2024-11-20 18:00,1490.139,1,48.33
2024-11-20 19:00,1363.618,1,29.35
2024-11-20 20:00,1216.979,1,25.14
2024-11-20 21:00,1041.579,0,0.0
2024-11-20 22:00,978.793,0,0.0
2024-11-20 23:00,840.77,0,0.0
2024-11-21 00:00,819.444,0,0.0
2024-11-21 01:00,802.902,0,0.0
2024-11-21 02:00,772.527,0,0.0
2024-11-21 03:00,734.1,0,0.0
2024-11-21 04:00,745.53,0,0.0
2024-11-21 05:00,870.752,0,0.0
2024-11-21 06:00,965.32,0,0.0
2024-11-21 07:00,1103.59,1,25.28
2024-11-21 08:00,1162.491,1,24.76
2024-11-21 09:00,1140.053,1,24.54
2024-11-21 10:00,1115.656,1,24.98
2024-11-21 11:00,1055.961,0,0.0
2024-11-21 12:00,1002.68,0,0.0
2024-11-21 13:00,1062.992,0,0.0
2024-11-21 14:00,1087.818,0,0.0
2024-11-21 15:00,1067.508,0,0.0
2024-11-21 16:00,1229.923,1,25.07
2024-11-21 17:00,1304.959,1,29.87
2024-11-21 18:00,1399.29,1,45.22
2024-11-21 19:00,1422.556,1,48.41
2024-11-21 20:00,1287.56,1,27.66
2024-11-21 21:00,1167.373,1,24.57
2024-11-21 22:00,1024.444,0,0.0
2024-11-21 23:00,949.444,0,0.0
2024-11-22 00:00,856.517,0,0.0
2024-11-22 01:00,804.679,0,0.0
2024-11-22 02:00,795.832,0,0.0
2024-11-22 03:00,784.911,0,0.0
2024-11-22 04:00,861.032,0,0.0
2024-11-22 05:00,935.495,0,0.0
2024-11-22 06:00,1147.907,1,24.56
2024-11-22 07:00,1339.993,1,30.03
2024-11-22 08:00,1371.157,1,36.39
2024-11-22 09:00,1311.682,1,25.48
2024-11-22 10:00,1278.749,1,24.5
2024-11-22 11:00,1177.263,1,24.79
2024-11-22 12:00,1087.499,0,0.0
2024-11-22 13:00,1154.663,1,25.48
2024-11-22 14:00,1202.026,1,25.27
2024-11-22 15:00,1277.102,1,25.61
2024-11-22 16:00,1388.06,1,40.4
2024-11-22 17:00,1376.957,1,37.77
2024-11-22 18:00,1425.588,1,48.62
2024-11-22 19:00,1335.401,1,28.65
2024-11-22 20:00,1263.877,1,24.37
2024-11-22 21:00,1150.351,1,25.37
2024-11-22 22:00,1026.919,0,0.0
2024-11-22 23:00,914.562,0,0.0
2024-11-23 00:00,767.729,0,0.0
2024-11-23 01:00,742.933,0,0.0
2024-11-23 02:00,736.267,0,0.0
2024-11-23 03:00,764.185,0,0.0
2024-11-23 04:00,858.035,0,0.0
2024-11-23 05:00,886.415,0,0.0
2024-11-23 06:00,1001.522,0,0.0
2024-11-23 07:00,1079.964,1,24.86
2024-11-23 08:00,1131.363,1,25.12
2024-11-23 09:00,1088.26,1,24.84
2024-11-23 10:00,1036.012,0,0.0
2024-11-23 11:00,1052.562,1,25.11
2024-11-23 12:00,986.232,0,0.0
2024-11-23 13:00,973.018,0,0.0
2024-11-23 14:00,985.429,0,0.0
2024-11-23 15:00,1066.936,1,25.31
2024-11-23 16:00,1130.217,1,25.37
2024-11-23 17:00,1250.943,1,35.88
2024-11-23 18:00,1304.578,1,46.5
2024-11-23 19:00,1225.951,1,30.7
2024-11-23 20:00,1164.436,1,24.67
2024-11-23 21:00,1025.063,0,0.0
2024-11-23 22:00,940.719,0,0.0
2024-11-23 23:00,824.794,0,0.0
2024-11-24 00:00,780.986,0,0.0
2024-11-24 01:00,723.352,0,0.0
2024-11-24 02:00,704.697,0,0.0
2024-11-24 03:00,724.911,0,0.0
2024-11-24 04:00,756.495,0,0.0
2024-11-24 05:00,859.266,0,0.0
2024-11-24 06:00,961.303,0,0.0
2024-11-24 07:00,1100.454,1,25.12
2024-11-24 08:00,1119.058,1,24.77
2024-11-24 09:00,1110.459,1,25.4
2024-11-24 10:00,1064.266,1,25.02
2024-11-24 11:00,1092.896,1,24.72
2024-11-24 12:00,1016.758,0,0.0
2024-11-24 13:00,983.032,0,0.0
2024-11-24 14:00,1009.205,0,0.0
2024-11-24 15:00,1046.706,1,25.28
2024-11-24 16:00,1105.259,1,25.24
2024-11-24 17:00,1260.845,1,37.54
2024-11-24 18:00,1320.936,1,48.51
2024-11-24 19:00,1253.225,1,35.34
2024-11-24 20:00,1130.901,1,24.37
2024-11-24 21:00,980.947,0,0.0
2024-11-24 22:00,928.208,0,0.0
2024-11-24 23:00,800.097,0,0.0
2024-11-25 00:00,772.592,0,0.0
2024-11-25 01:00,761.825,0,0.0
2024-11-25 02:00,737.974,0,0.0
2024-11-25 03:00,797.03,0,0.0
2024-11-25 04:00,824.007,0,0.0
2024-11-25 05:00,942.022,0,0.0
2024-11-25 06:00,1118.114,1,25.16
2024-11-25 07:00,1205.826,1,25.01
2024-11-25 08:00,1213.583,1,25.2
2024-11-25 09:00,1195.083,1,25.04
2024-11-25 10:00,1162.991,1,24.81
2024-11-25 11:00,1075.817,0,0.0
2024-11-25 12:00,1012.921,0,0.0
2024-11-25 13:00,947.84,0,0.0
2024-11-25 14:00,1037.966,0,0.0
2024-11-25 15:00,1130.075,1,25.15
2024-11-25 16:00,1247.986,1,28.32
2024-11-25 17:00,1287.627,1,42.02
2024-11-25 18:00,1302.248,1,48.06
2024-11-25 19:00,1252.74,1,29.9
2024-11-25 20:00,1130.542,1,25.49
2024-11-25 21:00,1019.881,0,0.0
2024-11-25 22:00,933.269,1,25.0
2024-11-25 23:00,904.363,0,0.0
2024-11-26 00:00,851.872,0,0.0
2024-11-26 01:00,832.014,0,0.0
2024-11-26 02:00,777.425,0,0.0
2024-11-26 03:00,730.15,0,0.0
2024-11-26 04:00,770.77,0,0.0
2024-11-26 05:00,816.211,0,0.0
2024-11-26 06:00,960.182,0,0.0
2024-11-26 07:00,1051.442,0,0.0
2024-11-26 08:00,1030.922,0,0.0
2024-11-26 09:00,1091.33,0,0.0
2024-11-26 10:00,1038.081,0,0.0
2024-11-26 11:00,966.886,0,0.0
2024-11-26 12:00,1000.98,0,0.0
2024-11-26 13:00,1006.633,0,0.0
2024-11-26 14:00,1107.858,0,0.0
2024-11-26 15:00,1171.828,0,0.0
2024-11-26 16:00,1267.667,1,25.07
2024-11-26 17:00,1409.028,1,33.82
2024-11-26 18:00,1493.971,1,48.11
2024-11-26 19:00,1465.269,1,43.51
2024-11-26 20:00,1314.366,1,24.69
2024-11-26 21:00,1168.073,1,25.0
2024-11-26 22:00,1045.553,0,0.0
2024-11-26 23:00,922.069,0,0.0
2024-11-27 00:00,862.052,0,0.0
2024-11-27 01:00,769.403,0,0.0
2024-11-27 02:00,765.78,0,0.0
2024-11-27 03:00,766.483,0,0.0
2024-11-27 04:00,800.63,0,0.0
2024-11-27 05:00,934.297,0,0.0
2024-11-27 06:00,1019.35,0,0.0
2024-11-27 07:00,1203.505,1,24.66
2024-11-27 08:00,1241.946,1,26.24
2024-11-27 09:00,1200.287,1,24.53
2024-11-27 10:00,1129.39,1,25.15
2024-11-27 11:00,1039.079,0,0.0
2024-11-27 12:00,1020.266,0,0.0
2024-11-27 13:00,1063.258,0,0.0
2024-11-27 14:00,1139.843,1,25.01
2024-11-27 15:00,1223.171,1,25.37
2024-11-27 16:00,1236.176,1,24.84
2024-11-27 17:00,1284.748,1,24.93
2024-11-27 18:00,1465.603,1,48.45
2024-11-27 19:00,1349.656,1,33.73
2024-11-27 20:00,1297.513,1,27.09
2024-11-27 21:00,1097.948,0,0.0
2024-11-27 22:00,962.779,0,0.0
2024-11-27 23:00,875.152,0,0.0
2024-11-28 00:00,805.856,0,0.0
2024-11-28 01:00,809.503,0,0.0
2024-11-28 02:00,783.709,0,0.0
2024-11-28 03:00,792.371,0,0.0
2024-11-28 04:00,827.283,0,0.0
2024-11-28 05:00,939.102,0,0.0
2024-11-28 06:00,1133.446,0,0.0
2024-11-28 07:00,1235.586,1,24.83
2024-11-28 08:00,1343.07,1,25.33
2024-11-28 09:00,1242.405,1,24.88
2024-11-28 10:00,1207.595,1,25.14
2024-11-28 11:00,1183.926,0,0.0
2024-11-28 12:00,1101.913,0,0.0
2024-11-28 13:00,1127.062,0,0.0
2024-11-28 14:00,1167.852,0,0.0
2024-11-28 15:00,1219.898,1,24.74
2024-11-28 16:00,1353.017,1,24.72
2024-11-28 17:00,1474.921,1,41.77
2024-11-28 18:00,1514.677,1,47.55
2024-11-28 19:00,1439.444,1,33.85
2024-11-28 20:00,1295.226,1,24.61
2024-11-28 21:00,1118.778,0,0.0
2024-11-28 22:00,988.99,1,25.0
2024-11-28 23:00,855.097,0,0.0
2024-11-29 00:00,891.627,0,0.0
2024-11-29 01:00,793.297,0,0.0
2024-11-29 02:00,753.163,0,0.0
2024-11-29 03:00,741.497,0,0.0
2024-11-29 04:00,848.447,0,0.0
2024-11-29 05:00,895.952,0,0.0
2024-11-29 06:00,1050.613,0,0.0
2024-11-29 07:00,1175.487,1,24.57
2024-11-29 08:00,1233.036,1,24.75
2024-11-29 09:00,1230.46,1,24.81
2024-11-29 10:00,1215.749,1,25.31
2024-11-29 11:00,1154.698,1,24.91
2024-11-29 12:00,1125.482,0,0.0
2024-11-29 13:00,1067.733,0,0.0
2024-11-29 14:00,1120.771,0,0.0
2024-11-29 15:00,1180.681,1,25.04
2024-11-29 16:00,1292.26,1,25.39
2024-11-29 17:00,1327.371,1,26.67
2024-11-29 18:00,1414.974,1,47.89
2024-11-29 19:00,1279.734,1,24.55
2024-11-29 20:00,1187.743,1,25.09
2024-11-29 21:00,1007.586,0,0.0
2024-11-29 22:00,874.526,0,0.0
2024-11-29 23:00,827.492,0,0.0
2024-11-30 00:00,761.284,0,0.0
2024-11-30 01:00,752.396,0,0.0
2024-11-30 02:00,767.165,0,0.0
2024-11-30 03:00,738.835,0,0.0
2024-11-30 04:00,819.493,0,0.0
2024-11-30 05:00,857.938,0,0.0
2024-11-30 06:00,1013.438,0,0.0
2024-11-30 07:00,1100.294,0,0.0
2024-11-30 08:00,1105.054,0,0.0
2024-11-30 09:00,1090.39,0,0.0
2024-11-30 10:00,1080.762,0,0.0
2024-11-30 11:00,1084.474,0,0.0
2024-11-30 12:00,1057.927,0,0.0
2024-11-30 13:00,1075.05,0,0.0
2024-11-30 14:00,1130.502,0,0.0
2024-11-30 15:00,1222.396,0,0.0
2024-11-30 16:00,1347.853,1,25.18
2024-11-30 17:00,1456.9,1,33.47
2024-11-30 18:00,1528.706,1,49.72
2024-11-30 19:00,1361.582,1,24.84
2024-11-30 20:00,1222.053,0,0.0
2024-11-30 21:00,1017.013,0,0.0
2024-11-30 22:00,909.204,0,0.0
2024-11-30 23:00,855.086,0,0.0
2024-12-01 00:00,847.136,0,0.0
2024-12-01 01:00,801.897,0,0.0
2024-12-01 02:00,796.664,0,0.0
2024-12-01 03:00,735.859,0,0.0
2024-12-01 04:00,771.603,0,0.0
2024-12-01 05:00,879.839,0,0.0
2024-12-01 06:00,935.046,0,0.0
2024-12-01 07:00,1083.184,0,0.0
2024-12-01 08:00,1205.685,0,0.0
2024-12-01 09:00,1155.496,0,0.0
2024-12-01 10:00,1107.311,0,0.0
2024-12-01 11:00,1119.556,0,0.0
2024-12-01 12:00,1111.048,0,0.0
2024-12-01 13:00,1138.832,0,0.0
2024-12-01 14:00,1166.094,0,0.0
2024-12-01 15:00,1284.89,0,0.0
2024-12-01 16:00,1414.124,1,25.0
2024-12-01 17:00,1622.984,1,25.12
2024-12-01 18:00,1770.128,1,45.98
2024-12-01 19:00,1771.037,1,48.81
2024-12-01 20:00,1563.034,1,25.39
2024-12-01 21:00,1300.421,0,0.0
2024-12-01 22:00,1148.722,0,0.0
2024-12-01 23:00,1004.227,0,0.0
2024-12-02 00:00,958.973,0,0.0
2024-12-02 01:00,875.418,0,0.0
2024-12-02 02:00,855.839,0,0.0
2024-12-02 03:00,817.725,0,0.0
2024-12-02 04:00,886.241,0,0.0
2024-12-02 05:00,1029.998,0,0.0
2024-12-02 06:00,1265.991,0,0.0
2024-12-02 07:00,1492.241,0,0.0
2024-12-02 08:00,1451.311,0,0.0
2024-12-02 09:00,1319.632,0,0.0
2024-12-02 10:00,1321.113,0,0.0
2024-12-02 11:00,1234.684,0,0.0
2024-12-02 12:00,1206.349,0,0.0
2024-12-02 13:00,1266.654,0,0.0
2024-12-02 14:00,1327.231,0,0.0
2024-12-02 15:00,1555.804,0,0.0
2024-12-02 16:00,1674.057,1,25.07
2024-12-02 17:00,1748.678,1,24.95
2024-12-02 18:00,1884.021,1,48.47
2024-12-02 19:00,1733.146,1,25.1
2024-12-02 20:00,1561.301,0,0.0
2024-12-02 21:00,1352.46,0,0.0
2024-12-02 22:00,1190.816,0,0.0
2024-12-02 23:00,1048.496,0,0.0
2024-12-03 00:00,948.343,0,0.0
2024-12-03 01:00,873.992,0,0.0
2024-12-03 02:00,877.258,0,0.0
2024-12-03 03:00,981.328,0,0.0
2024-12-03 04:00,1030.26,0,0.0
2024-12-03 05:00,1118.394,0,0.0
2024-12-03 06:00,1234.83,0,0.0
2024-12-03 07:00,1399.311,1,25.15
2024-12-03 08:00,1428.935,1,25.26
2024-12-03 09:00,1270.601,0,0.0
2024-12-03 10:00,1193.678,0,0.0
2024-12-03 11:00,1240.068,0,0.0
2024-12-03 12:00,1263.313,0,0.0
2024-12-03 13:00,1249.88,0,0.0
2024-12-03 14:00,1235.445,0,0.0
2024-12-03 15:00,1419.428,1,24.1
2024-12-03 16:00,1583.849,1,27.59
2024-12-03 17:00,1624.692,1,32.77
2024-12-03 18:00,1746.786,1,47.1
2024-12-03 19:00,1754.63,1,49.34
2024-12-03 20:00,1457.697,1,25.51
2024-12-03 21:00,1242.984,0,0.0
2024-12-03 22:00,1068.683,0,0.0
2024-12-03 23:00,965.574,0,0.0
2024-12-04 00:00,856.823,0,0.0
2024-12-04 01:00,790.465,0,0.0
2024-12-04 02:00,796.841,0,0.0
2024-12-04 03:00,786.975,0,0.0
2024-12-04 04:00,856.71,0,0.0
2024-12-04 05:00,918.919,0,0.0
2024-12-04 06:00,1039.732,0,0.0
2024-12-04 07:00,1276.627,0,0.0
2024-12-04 08:00,1347.215,0,0.0
2024-12-04 09:00,1273.915,0,0.0
2024-12-04 10:00,1174.768,0,0.0
2024-12-04 11:00,1120.173,0,0.0
2024-12-04 12:00,1170.617,0,0.0
2024-12-04 13:00,1117.539,0,0.0
2024-12-04 14:00,1226.666,0,0.0
2024-12-04 15:00,1410.705,1,25.21
2024-12-04 16:00,1623.788,1,31.25
2024-12-04 17:00,1720.92,1,45.93
2024-12-04 18:00,1736.557,1,48.72
2024-12-04 19:00,1673.724,1,38.95
2024-12-04 20:00,1457.916,1,25.12
2024-12-04 21:00,1236.728,0,0.0
2024-12-04 22:00,1094.392,0,0.0
2024-12-04 23:00,980.956,0,0.0
2024-12-05 00:00,851.535,0,0.0
2024-12-05 01:00,830.771,0,0.0
2024-12-05 02:00,821.124,0,0.0
2024-12-05 03:00,863.41,0,0.0
2024-12-05 04:00,924.006,0,0.0
2024-12-05 05:00,1053.688,0,0.0
2024-12-05 06:00,1242.942,0,0.0
2024-12-05 07:00,1482.743,0,0.0
2024-12-05 08:00,1447.836,0,0.0
2024-12-05 09:00,1302.947,0,0.0
2024-12-05 10:00,1217.69,0,0.0
2024-12-05 11:00,1177.072,0,0.0
2024-12-05 12:00,1179.864,0,0.0
2024-12-05 13:00,1212.996,0,0.0
2024-12-05 14:00,1271.819,0,0.0
2024-12-05 15:00,1381.494,0,0.0
2024-12-05 16:00,1512.443,0,0.0
2024-12-05 17:00,1724.188,1,25.13
2024-12-05 18:00,1810.043,1,47.7
2024-12-05 19:00,1684.654,1,25.65
2024-12-05 20:00,1525.211,1,25.43
2024-12-05 21:00,1248.245,0,0.0
2024-12-05 22:00,1078.166,0,0.0
2024-12-05 23:00,940.026,0,0.0
2024-12-06 00:00,836.139,0,0.0
2024-12-06 01:00,845.592,0,0.0
2024-12-06 02:00,786.904,0,0.0
2024-12-06 03:00,812.392,0,0.0
2024-12-06 04:00,928.655,0,0.0
2024-12-06 05:00,1058.567,0,0.0
2024-12-06 06:00,1227.404,0,0.0
2024-12-06 07:00,1368.944,1,24.69
2024-12-06 08:00,1347.431,1,24.54
2024-12-06 09:00,1215.168,0,0.0
2024-12-06 10:00,1123.013,0,0.0
2024-12-06 11:00,1081.692,0,0.0
2024-12-06 12:00,1071.475,0,0.0
2024-12-06 13:00,1093.184,0,0.0
2024-12-06 14:00,1173.336,0,0.0
2024-12-06 15:00,1242.897,0,0.0
2024-12-06 16:00,1386.886,1,25.29
2024-12-06 17:00,1538.191,1,30.81
2024-12-06 18:00,1617.651,1,39.84
2024-12-06 19:00,1699.499,1,49.22
2024-12-06 20:00,1559.175,1,32.58
2024-12-06 21:00,1278.567,1,24.87
2024-12-06 22:00,1114.593,0,0.0
2024-12-06 23:00,991.77,0,0.0
2024-12-07 00:00,835.032,0,0.0
2024-12-07 01:00,755.424,0,0.0
2024-12-07 02:00,786.578,0,0.0
2024-12-07 03:00,754.388,0,0.0
2024-12-07 04:00,821.414,0,0.0
2024-12-07 05:00,920.132,0,0.0
2024-12-07 06:00,1104.972,0,0.0
2024-12-07 07:00,1364.704,1,24.78
2024-12-07 08:00,1420.505,1,24.55
2024-12-07 09:00,1251.097,1,24.89
2024-12-07 10:00,1209.677,0,0.0
2024-12-07 11:00,1143.859,0,0.0
2024-12-07 12:00,1128.814,0,0.0
2024-12-07 13:00,1082.847,0,0.0
2024-12-07 14:00,1089.613,0,0.0
2024-12-07 15:00,1212.944,0,0.0
2024-12-07 16:00,1397.152,1,24.71
2024-12-07 17:00,1445.965,1,27.23
2024-12-07 18:00,1560.118,1,50.04
2024-12-07 19:00,1482.025,1,34.28
2024-12-07 20:00,1432.124,1,25.19
2024-12-07 21:00,1233.376,0,0.0
2024-12-07 22:00,1012.014,0,0.0
2024-12-07 23:00,891.508,0,0.0
2024-12-08 00:00,781.774,0,0.0
2024-12-08 01:00,782.872,0,0.0
2024-12-08 02:00,761.218,0,0.0
2024-12-08 03:00,758.255,0,0.0
2024-12-08 04:00,822.812,0,0.0
2024-12-08 05:00,883.161,0,0.0
2024-12-08 06:00,998.455,0,0.0
2024-12-08 07:00,1205.1,0,0.0
2024-12-08 08:00,1209.063,0,0.0
2024-12-08 09:00,1070.725,0,0.0
2024-12-08 10:00,1059.954,0,0.0
2024-12-08 11:00,1067.871,0,0.0
2024-12-08 12:00,1013.524,0,0.0
2024-12-08 13:00,1013.073,0,0.0
2024-12-08 14:00,1035.13,0,0.0
2024-12-08 15:00,1239.521,0,0.0
2024-12-08 16:00,1448.476,1,24.77
2024-12-08 17:00,1562.076,1,25.03
2024-12-08 18:00,1664.087,1,48.56
2024-12-08 19:00,1535.137,1,24.22
2024-12-08 20:00,1373.315,0,0.0
2024-12-08 21:00,1211.453,0,0.0
2024-12-08 22:00,1055.699,0,0.0
2024-12-08 23:00,917.017,0,0.0
2024-12-09 00:00,887.992,0,0.0
2024-12-09 01:00,841.407,0,0.0
2024-12-09 02:00,811.934,0,0.0
2024-12-09 03:00,804.271,0,0.0
2024-12-09 04:00,842.407,0,0.0
2024-12-09 05:00,951.216,0,0.0
2024-12-09 06:00,1141.194,0,0.0
2024-12-09 07:00,1348.257,0,0.0
2024-12-09 08:00,1338.735,0,0.0
2024-12-09 09:00,1182.737,0,0.0
2024-12-09 10:00,1143.113,0,0.0
2024-12-09 11:00,1187.003,0,0.0
2024-12-09 12:00,1176.186,0,0.0
2024-12-09 13:00,1167.378,0,0.0
2024-12-09 14:00,1225.696,0,0.0
2024-12-09 15:00,1294.935,0,0.0
2024-12-09 16:00,1540.257,1,25.04
2024-12-09 17:00,1696.413,1,39.84
2024-12-09 18:00,1724.475,1,49.73
2024-12-09 19:00,1666.647,1,33.37
2024-12-09 20:00,1493.853,1,25.59
2024-12-09 21:00,1368.687,0,0.0
2024-12-09 22:00,1152.833,0,0.0
2024-12-09 23:00,1005.519,0,0.0
2024-12-10 00:00,920.262,0,0.0
2024-12-10 01:00,842.284,0,0.0
2024-12-10 02:00,822.841,0,0.0
2024-12-10 03:00,829.518,0,0.0
2024-12-10 04:00,830.186,0,0.0
2024-12-10 05:00,940.751,0,0.0
2024-12-10 06:00,1112.887,0,0.0
2024-12-10 07:00,1317.81,0,0.0
2024-12-10 08:00,1371.719,0,0.0
2024-12-10 09:00,1262.925,0,0.0
2024-12-10 10:00,1244.003,0,0.0
2024-12-10 11:00,1160.119,0,0.0
2024-12-10 12:00,1134.463,0,0.0
2024-12-10 13:00,1176.679,0,0.0
2024-12-10 14:00,1244.533,0,0.0
2024-12-10 15:00,1386.59,0,0.0
2024-12-10 16:00,1701.458,1,24.98
2024-12-10 17:00,1866.402,1,26.68
2024-12-10 18:00,1979.228,1,47.49
2024-12-10 19:00,1861.317,1,26.18
2024-12-10 20:00,1614.388,0,0.0
2024-12-10 21:00,1378.748,0,0.0
2024-12-10 22:00,1196.273,0,0.0
2024-12-10 23:00,1045.202,0,0.0
2024-12-11 00:00,944.235,0,0.0
2024-12-11 01:00,876.347,0,0.0
2024-12-11 02:00,833.735,0,0.0
2024-12-11 03:00,825.471,0,0.0
2024-12-11 04:00,895.717,0,0.0
2024-12-11 05:00,1020.484,0,0.0
2024-12-11 06:00,1151.749,0,0.0
2024-12-11 07:00,1384.786,0,0.0
2024-12-11 08:00,1395.394,1,25.42
2024-12-11 09:00,1289.867,0,0.0
2024-12-11 10:00,1201.236,0,0.0
2024-12-11 11:00,1237.501,0,0.0
2024-12-11 12:00,1194.184,0,0.0
2024-12-11 13:00,1206.317,0,0.0
2024-12-11 14:00,1275.203,0,0.0
2024-12-11 15:00,1351.963,0,0.0
2024-12-11 16:00,1520.099,1,25.97
2024-12-11 17:00,1651.968,1,38.96
2024-12-11 18:00,1695.832,1,47.85
2024-12-11 19:00,1627.761,1,33.62
2024-12-11 20:00,1552.769,1,25.08
2024-12-11 21:00,1321.45,0,0.0
2024-12-11 22:00,1150.452,0,0.0
2024-12-11 23:00,1009.336,0,0.0
2024-12-12 00:00,861.651,0,0.0
2024-12-12 01:00,833.984,0,0.0
2024-12-12 02:00,770.312,0,0.0
2024-12-12 03:00,796.549,0,0.0
2024-12-12 04:00,833.239,0,0.0
2024-12-12 05:00,935.29,0,0.0
2024-12-12 06:00,1057.878,0,0.0
2024-12-12 07:00,1264.503,0,0.0
2024-12-12 08:00,1369.606,1,24.61
2024-12-12 09:00,1214.268,0,0.0
2024-12-12 10:00,1125.636,0,0.0
2024-12-12 11:00,1131.581,0,0.0
2024-12-12 12:00,1144.397,0,0.0
2024-12-12 13:00,1058.725,0,0.0
2024-12-12 14:00,1208.798,0,0.0
2024-12-12 15:00,1357.531,1,24.75
2024-12-12 16:00,1565.914,1,30.33
2024-12-12 17:00,1700.369,1,48.02
2024-12-12 18:00,1655.988,1,42.13
2024-12-12 19:00,1661.639,1,42.09
2024-12-12 20:00,1488.061,1,24.49
2024-12-12 21:00,1328.654,1,25.13
2024-12-12 22:00,1124.21,0,0.0
2024-12-12 23:00,987.972,0,0.0
2024-12-13 00:00,865.272,0,0.0
2024-12-13 01:00,846.952,0,0.0
2024-12-13 02:00,787.065,0,0.0
2024-12-13 03:00,856.503,0,0.0
2024-12-13 04:00,968.572,0,0.0
2024-12-13 05:00,1113.796,0,0.0
2024-12-13 06:00,1332.876,0,0.0
2024-12-13 07:00,1519.544,1,24.38
2024-12-13 08:00,1598.103,1,36.88
2024-12-13 09:00,1416.293,1,24.37
2024-12-13 10:00,1242.221,0,0.0
2024-12-13 11:00,1267.861,0,0.0
2024-12-13 12:00,1281.096,0,0.0
2024-12-13 13:00,1269.807,0,0.0
2024-12-13 14:00,1251.764,0,0.0
2024-12-13 15:00,1344.236,0,0.0
2024-12-13 16:00,1420.603,1,24.55
2024-12-13 17:00,1632.647,1,48.22
2024-12-13 18:00,1613.245,1,42.57
2024-12-13 19:00,1604.753,1,39.15
2024-12-13 20:00,1430.579,1,25.46
2024-12-13 21:00,1195.463,0,0.0
2024-12-13 22:00,1049.381,0,0.0
2024-12-13 23:00,914.811,0,0.0
2024-12-14 00:00,809.87,0,0.0
2024-12-14 01:00,734.437,0,0.0
2024-12-14 02:00,702.315,0,0.0
2024-12-14 03:00,649.9,0,0.0
2024-12-14 04:00,649.493,0,0.0
2024-12-14 05:00,813.774,0,0.0
2024-12-14 06:00,1057.619,0,0.0
2024-12-14 07:00,1248.18,1,25.33
2024-12-14 08:00,1258.269,1,25.75
2024-12-14 09:00,1140.743,0,0.0
2024-12-14 10:00,1115.43,0,0.0
2024-12-14 11:00,1072.651,0,0.0
2024-12-14 12:00,1073.848,0,0.0
2024-12-14 13:00,1086.267,0,0.0
2024-12-14 14:00,1111.06,0,0.0
2024-12-14 15:00,1206.94,0,0.0
2024-12-14 16:00,1387.878,1,25.5
2024-12-14 17:00,1477.176,1,33.33
2024-12-14 18:00,1584.261,1,48.29
2024-12-14 19:00,1520.509,1,39.06
2024-12-14 20:00,1402.748,1,25.09
2024-12-14 21:00,1288.691,1,25.56
2024-12-14 22:00,1086.423,0,0.0
2024-12-14 23:00,972.042,0,0.0
2024-12-15 00:00,815.547,0,0.0
2024-12-15 01:00,760.896,0,0.0
2024-12-15 02:00,744.457,0,0.0
2024-12-15 03:00,800.243,0,0.0
2024-12-15 04:00,786.639,0,0.0
2024-12-15 05:00,878.954,0,0.0
2024-12-15 06:00,1097.189,0,0.0
2024-12-15 07:00,1247.693,0,0.0
2024-12-15 08:00,1285.703,1,26.08
2024-12-15 09:00,1187.388,0,0.0
2024-12-15 10:00,1124.509,0,0.0
2024-12-15 11:00,1159.514,0,0.0
2024-12-15 12:00,1152.297,0,0.0
2024-12-15 13:00,1202.566,0,0.0
2024-12-15 14:00,1218.811,0,0.0
2024-12-15 15:00,1294.892,1,24.92
2024-12-15 16:00,1443.578,1,24.36
2024-12-15 17:00,1517.406,1,34.75
2024-12-15 18:00,1620.537,1,46.83
2024-12-15 19:00,1554.149,1,40.04
2024-12-15 20:00,1387.572,1,24.73
2024-12-15 21:00,1238.943,0,0.0
2024-12-15 22:00,1015.15,1,25.0
2024-12-15 23:00,916.361,0,0.0
2024-12-16 00:00,864.836,0,0.0
2024-12-16 01:00,855.29,0,0.0
2024-12-16 02:00,816.436,0,0.0
2024-12-16 03:00,834.48,0,0.0
2024-12-16 04:00,887.039,0,0.0
2024-12-16 05:00,1009.285,0,0.0
2024-12-16 06:00,1185.374,0,0.0
2024-12-16 07:00,1303.736,0,0.0
2024-12-16 08:00,1406.937,0,0.0
2024-12-16 09:00,1273.909,0,0.0
2024-12-16 10:00,1229.712,0,0.0
2024-12-16 11:00,1224.734,0,0.0
2024-12-16 12:00,1169.525,0,0.0
2024-12-16 13:00,1141.383,0,0.0
2024-12-16 14:00,1221.759,0,0.0
2024-12-16 15:00,1330.352,0,0.0
2024-12-16 16:00,1553.388,1,25.16
2024-12-16 17:00,1687.077,1,24.82
2024-12-16 18:00,1819.081,1,49.06
2024-12-16 19:00,1776.751,1,40.43
2024-12-16 20:00,1619.924,1,24.49
2024-12-16 21:00,1379.911,0,0.0
2024-12-16 22:00,1177.986,0,0.0
2024-12-16 23:00,1059.386,0,0.0
2024-12-17 00:00,940.443,0,0.0
2024-12-17 01:00,895.358,0,0.0
2024-12-17 02:00,860.871,0,0.0
2024-12-17 03:00,856.421,0,0.0
2024-12-17 04:00,952.907,0,0.0
2024-12-17 05:00,1084.93,0,0.0
2024-12-17 06:00,1257.32,0,0.0
2024-12-17 07:00,1460.793,0,0.0
2024-12-17 08:00,1457.547,0,0.0
2024-12-17 09:00,1307.937,0,0.0
2024-12-17 10:00,1236.02,0,0.0
2024-12-17 11:00,1236.325,0,0.0
2024-12-17 12:00,1240.228,0,0.0
2024-12-17 13:00,1192.069,0,0.0
2024-12-17 14:00,1278.736,0,0.0
2024-12-17 15:00,1391.868,0,0.0
2024-12-17 16:00,1508.782,1,25.52
2024-12-17 17:00,1734.766,1,27.18
2024-12-17 18:00,1886.597,1,49.1
2024-12-17 19:00,1821.138,1,38.89
2024-12-17 20:00,1675.7,1,25.73
2024-12-17 21:00,1473.116,1,25.0
2024-12-17 22:00,1289.426,0,0.0
2024-12-17 23:00,1122.75,0,0.0
2024-12-18 00:00,947.511,0,0.0
2024-12-18 01:00,944.361,0,0.0
2024-12-18 02:00,928.996,0,0.0
2024-12-18 03:00,894.165,0,0.0
2024-12-18 04:00,902.303,0,0.0
2024-12-18 05:00,1015.158,0,0.0
2024-12-18 06:00,1175.593,0,0.0
2024-12-18 07:00,1387.524,1,24.92
2024-12-18 08:00,1465.32,1,25.17
2024-12-18 09:00,1296.366,0,0.0
2024-12-18 10:00,1167.845,0,0.0
2024-12-18 11:00,1162.671,0,0.0
2024-12-18 12:00,1128.834,0,0.0
2024-12-18 13:00,1150.831,0,0.0
2024-12-18 14:00,1145.039,0,0.0
2024-12-18 15:00,1263.409,0,0.0
2024-12-18 16:00,1479.682,1,25.48
2024-12-18 17:00,1666.182,1,44.47
2024-12-18 18:00,1691.369,1,48.34
2024-12-18 19:00,1581.311,1,27.71
2024-12-18 20:00,1459.191,1,24.71
2024-12-18 21:00,1308.835,0,0.0
2024-12-18 22:00,1135.219,0,0.0
2024-12-18 23:00,969.84,0,0.0
2024-12-19 00:00,885.331,0,0.0
2024-12-19 01:00,881.267,0,0.0
2024-12-19 02:00,854.193,0,0.0
2024-12-19 03:00,800.722,0,0.0
2024-12-19 04:00,858.396,0,0.0
2024-12-19 05:00,1027.014,0,0.0
2024-12-19 06:00,1146.866,0,0.0
2024-12-19 07:00,1345.832,0,0.0
2024-12-19 08:00,1382.846,0,0.0
2024-12-19 09:00,1264.023,0,0.0
2024-12-19 10:00,1197.343,0,0.0
2024-12-19 11:00,1217.046,0,0.0
2024-12-19 12:00,1197.836,0,0.0
2024-12-19 13:00,1254.053,0,0.0
2024-12-19 14:00,1285.284,0,0.0
2024-12-19 15:00,1385.565,0,0.0
2024-12-19 16:00,1519.729,1,24.62
2024-12-19 17:00,1561.687,1,25.11
2024-12-19 18:00,1666.343,1,32.5
2024-12-19 19:00,1751.096,1,48.99
2024-12-19 20:00,1609.883,1,24.85
2024-12-19 21:00,1422.336,1,24.19
2024-12-19 22:00,1181.913,0,0.0
2024-12-19 23:00,1012.411,0,0.0
2024-12-20 00:00,938.157,0,0.0
2024-12-20 01:00,937.084,0,0.0
2024-12-20 02:00,935.271,0,0.0
2024-12-20 03:00,936.877,0,0.0
2024-12-20 04:00,971.717,0,0.0
2024-12-20 05:00,1068.618,0,0.0
2024-12-20 06:00,1208.369,0,0.0
2024-12-20 07:00,1335.935,0,0.0
2024-12-20 08:00,1330.769,0,0.0
2024-12-20 09:00,1223.098,0,0.0
2024-12-20 10:00,1145.549,0,0.0
2024-12-20 11:00,1069.27,0,0.0
2024-12-20 12:00,1073.033,0,0.0
2024-12-20 13:00,1085.678,0,0.0
2024-12-20 14:00,1096.573,0,0.0
2024-12-20 15:00,1214.094,0,0.0
2024-12-20 16:00,1379.289,0,0.0
2024-12-20 17:00,1504.839,1,24.72
2024-12-20 18:00,1657.091,1,47.77
2024-12-20 19:00,1510.752,1,24.73
2024-12-20 20:00,1298.989,0,0.0
2024-12-20 21:00,1168.342,0,0.0
2024-12-20 22:00,1024.772,0,0.0
2024-12-20 23:00,922.824,0,0.0
2024-12-21 00:00,775.077,0,0.0
2024-12-21 01:00,717.169,0,0.0
2024-12-21 02:00,708.716,0,0.0
2024-12-21 03:00,707.417,0,0.0
2024-12-21 04:00,805.924,0,0.0
2024-12-21 05:00,889.338,0,0.0
2024-12-21 06:00,1050.703,0,0.0
2024-12-21 07:00,1346.243,0,0.0
2024-12-21 08:00,1370.331,0,0.0
2024-12-21 09:00,1259.903,0,0.0
2024-12-21 10:00,1198.515,0,0.0
2024-12-21 11:00,1187.017,0,0.0
2024-12-21 12:00,1168.593,0,0.0
2024-12-21 13:00,1172.696,0,0.0
2024-12-21 14:00,1211.634,0,0.0
2024-12-21 15:00,1295.637,0,0.0
2024-12-21 16:00,1471.637,0,0.0
2024-12-21 17:00,1716.509,1,26.82
2024-12-21 18:00,1832.54,1,47.44
2024-12-21 19:00,1761.202,1,34.15
2024-12-21 20:00,1619.461,1,24.53
2024-12-21 21:00,1344.439,0,0.0
2024-12-21 22:00,1121.907,1,25.0
2024-12-21 23:00,998.257,0,0.0
2024-12-22 00:00,930.976,0,0.0
2024-12-22 01:00,841.973,0,0.0
2024-12-22 02:00,795.253,0,0.0
2024-12-22 03:00,848.827,0,0.0
2024-12-22 04:00,887.466,0,0.0
2024-12-22 05:00,1032.012,0,0.0
2024-12-22 06:00,1198.431,0,0.0
2024-12-22 07:00,1390.471,1,25.03
2024-12-22 08:00,1402.894,1,25.13
2024-12-22 09:00,1300.259,0,0.0
2024-12-22 10:00,1257.455,0,0.0
2024-12-22 11:00,1166.77,0,0.0
2024-12-22 12:00,1127.873,0,0.0
2024-12-22 13:00,1166.536,0,0.0
2024-12-22 14:00,1197.2,0,0.0
2024-12-22 15:00,1286.224,0,0.0
2024-12-22 16:00,1496.878,1,24.85
2024-12-22 17:00,1688.79,1,46.1
2024-12-22 18:00,1714.2,1,47.3
2024-12-22 19:00,1661.868,1,40.69
2024-12-22 20:00,1441.026,1,25.47
2024-12-22 21:00,1215.846,0,0.0
2024-12-22 22:00,1046.485,0,0.0
2024-12-22 23:00,914.642,0,0.0
2024-12-23 00:00,848.259,0,0.0
2024-12-23 01:00,787.252,0,0.0
2024-12-23 02:00,743.075,0,0.0
2024-12-23 03:00,769.271,0,0.0
2024-12-23 04:00,765.257,0,0.0
2024-12-23 05:00,838.732,0,0.0
2024-12-23 06:00,941.84,0,0.0
2024-12-23 07:00,1166.674,0,0.0
2024-12-23 08:00,1154.059,0,0.0
2024-12-23 09:00,1090.336,0,0.0
2024-12-23 10:00,1123.364,0,0.0
2024-12-23 11:00,1179.356,0,0.0
2024-12-23 12:00,1091.136,0,0.0
2024-12-23 13:00,1125.784,0,0.0
2024-12-23 14:00,1138.661,0,0.0
2024-12-23 15:00,1213.65,0,0.0
2024-12-23 16:00,1389.836,0,0.0
2024-12-23 17:00,1621.366,1,25.35
2024-12-23 18:00,1737.102,1,46.2
2024-12-23 19:00,1644.419,1,28.24
2024-12-23 20:00,1543.376,1,24.89
2024-12-23 21:00,1237.821,1,25.0
2024-12-23 22:00,1039.487,0,0.0
2024-12-23 23:00,890.782,0,0.0
2024-12-24 00:00,820.144,0,0.0
2024-12-24 01:00,780.585,0,0.0
2024-12-24 02:00,764.159,0,0.0
2024-12-24 03:00,768.565,0,0.0
2024-12-24 04:00,824.95,0,0.0
2024-12-24 05:00,945.673,0,0.0
2024-12-24 06:00,1125.418,0,0.0
2024-12-24 07:00,1310.501,0,0.0
2024-12-24 08:00,1383.255,0,0.0
2024-12-24 09:00,1296.576,0,0.0
2024-12-24 10:00,1191.283,0,0.0
2024-12-24 11:00,1163.372,0,0.0
2024-12-24 12:00,1197.659,0,0.0
2024-12-24 13:00,1157.052,0,0.0
2024-12-24 14:00,1283.917,0,0.0
2024-12-24 15:00,1338.087,0,0.0
2024-12-24 16:00,1492.854,1,24.7
2024-12-24 17:00,1587.772,1,26.03
2024-12-24 18:00,1804.585,1,48.09
2024-12-24 19:00,1710.644,1,36.73
2024-12-24 20:00,1528.154,1,25.26
2024-12-24 21:00,1314.522,0,0.0
2024-12-24 22:00,1126.861,0,0.0
2024-12-24 23:00,970.243,0,0.0
2024-12-25 00:00,872.203,0,0.0
2024-12-25 01:00,722.977,0,0.0
2024-12-25 02:00,723.985,0,0.0
2024-12-25 03:00,741.123,0,0.0
2024-12-25 04:00,831.879,0,0.0
2024-12-25 05:00,977.969,0,0.0
2024-12-25 06:00,1143.23,0,0.0
2024-12-25 07:00,1379.106,0,0.0
2024-12-25 08:00,1368.703,0,0.0
2024-12-25 09:00,1283.112,0,0.0
2024-12-25 10:00,1180.209,0,0.0
2024-12-25 11:00,1108.686,0,0.0
2024-12-25 12:00,1099.041,0,0.0
2024-12-25 13:00,1177.184,0,0.0
2024-12-25 14:00,1232.241,0,0.0
2024-12-25 15:00,1423.971,0,0.0
2024-12-25 16:00,1551.103,1,25.08
2024-12-25 17:00,1756.145,1,43.49
2024-12-25 18:00,1776.697,1,47.59
2024-12-25 19:00,1731.332,1,37.57
2024-12-25 20:00,1582.14,1,24.38
2024-12-25 21:00,1401.341,0,0.0
2024-12-25 22:00,1193.685,0,0.0
2024-12-25 23:00,1003.666,0,0.0
2024-12-26 00:00,928.451,0,0.0
2024-12-26 01:00,921.412,0,0.0
2024-12-26 02:00,863.601,0,0.0
2024-12-26 03:00,802.662,0,0.0
2024-12-26 04:00,869.057,0,0.0
2024-12-26 05:00,956.551,0,0.0
2024-12-26 06:00,1124.77,0,0.0
2024-12-26 07:00,1349.177,1,24.57
2024-12-26 08:00,1374.535,1,25.07
2024-12-26 09:00,1241.711,0,0.0
2024-12-26 10:00,1167.889,0,0.0
2024-12-26 11:00,1206.817,0,0.0
2024-12-26 12:00,1187.335,0,0.0
2024-12-26 13:00,1143.086,0,0.0
2024-12-26 14:00,1144.674,0,0.0
2024-12-26 15:00,1281.38,0,0.0
2024-12-26 16:00,1398.914,1,25.51
2024-12-26 17:00,1467.654,1,25.25
2024-12-26 18:00,1607.589,1,45.21
2024-12-26 19:00,1623.661,1,48.38
2024-12-26 20:00,1470.245,1,25.73
2024-12-26 21:00,1304.228,1,24.84
2024-12-26 22:00,1123.356,0,0.0
2024-12-26 23:00,999.983,0,0.0
2024-12-27 00:00,917.144,0,0.0
2024-12-27 01:00,784.965,0,0.0
2024-12-27 02:00,764.815,0,0.0
2024-12-27 03:00,788.894,0,0.0
2024-12-27 04:00,829.512,0,0.0
2024-12-27 05:00,932.824,0,0.0
2024-12-27 06:00,1136.943,0,0.0
2024-12-27 07:00,1338.674,0,0.0
2024-12-27 08:00,1460.849,1,25.2
2024-12-27 09:00,1367.807,0,0.0
2024-12-27 10:00,1264.438,0,0.0
2024-12-27 11:00,1216.467,0,0.0
2024-12-27 12:00,1079.193,0,0.0
2024-12-27 13:00,1090.455,0,0.0
2024-12-27 14:00,1093.002,0,0.0
2024-12-27 15:00,1238.52,0,0.0
2024-12-27 16:00,1426.94,0,0.0
2024-12-27 17:00,1623.896,1,25.04
2024-12-27 18:00,1787.576,1,47.91
2024-12-27 19:00,1725.185,1,36.07
2024-12-27 20:00,1688.33,1,28.81
2024-12-27 21:00,1457.122,1,24.74
2024-12-27 22:00,1170.477,0,0.0
2024-12-27 23:00,993.252,0,0.0
2024-12-28 00:00,828.804,0,0.0
2024-12-28 01:00,800.565,0,0.0
2024-12-28 02:00,749.844,0,0.0
2024-12-28 03:00,744.999,0,0.0
2024-12-28 04:00,789.837,0,0.0
2024-12-28 05:00,870.706,0,0.0
2024-12-28 06:00,1065.053,0,0.0
2024-12-28 07:00,1279.447,1,25.52
2024-12-28 08:00,1375.576,1,26.63
2024-12-28 09:00,1226.994,1,25.28
2024-12-28 10:00,1194.847,1,24.98
2024-12-28 11:00,1103.916,0,0.0
2024-12-28 12:00,1037.674,0,0.0
2024-12-28 13:00,1010.341,0,0.0
2024-12-28 14:00,1069.204,0,0.0
2024-12-28 15:00,1245.087,1,25.26
2024-12-28 16:00,1378.756,1,26.75
2024-12-28 17:00,1496.236,1,41.35
2024-12-28 18:00,1562.546,1,47.71
2024-12-28 19:00,1561.015,1,49.87
2024-12-28 20:00,1402.504,1,28.21
2024-12-28 21:00,1204.246,1,24.71
2024-12-28 22:00,983.363,0,0.0
2024-12-28 23:00,849.998,0,0.0
2024-12-29 00:00,812.486,0,0.0
2024-12-29 01:00,774.057,0,0.0
2024-12-29 02:00,734.317,0,0.0
2024-12-29 03:00,773.471,0,0.0
2024-12-29 04:00,802.517,0,0.0
2024-12-29 05:00,941.588,0,0.0
2024-12-29 06:00,1155.78,0,0.0
2024-12-29 07:00,1341.057,1,25.41
2024-12-29 08:00,1306.496,1,25.07
2024-12-29 09:00,1284.181,1,24.49
2024-12-29 10:00,1207.132,0,0.0
2024-12-29 11:00,1153.567,0,0.0
2024-12-29 12:00,1166.686,0,0.0
2024-12-29 13:00,1190.566,0,0.0
2024-12-29 14:00,1275.191,1,25.41
2024-12-29 15:00,1349.277,1,24.97
2024-12-29 16:00,1520.973,1,31.52
2024-12-29 17:00,1585.652,1,37.13
2024-12-29 18:00,1689.421,1,48.7
2024-12-29 19:00,1629.106,1,42.4
2024-12-29 20:00,1491.694,1,27.91
2024-12-29 21:00,1284.957,1,25.2
2024-12-29 22:00,1080.715,0,0.0
2024-12-29 23:00,909.761,0,0.0
2024-12-30 00:00,899.203,0,0.0
2024-12-30 01:00,891.638,0,0.0
2024-12-30 02:00,840.68,0,0.0
2024-12-30 03:00,852.121,0,0.0
2024-12-30 04:00,910.037,0,0.0
2024-12-30 05:00,1005.452,0,0.0
2024-12-30 06:00,1116.485,0,0.0
2024-12-30 07:00,1254.339,0,0.0
2024-12-30 08:00,1278.15,0,0.0
2024-12-30 09:00,1087.149,0,0.0
2024-12-30 10:00,1111.283,0,0.0
2024-12-30 11:00,1116.519,0,0.0
2024-12-30 12:00,1111.661,0,0.0
2024-12-30 13:00,1041.521,0,0.0
2024-12-30 14:00,1031.203,0,0.0
2024-12-30 15:00,1172.22,0,0.0
2024-12-30 16:00,1461.527,1,24.12
2024-12-30 17:00,1574.15,1,32.12
2024-12-30 18:00,1712.66,1,48.57
2024-12-30 19:00,1638.8,1,37.91
2024-12-30 20:00,1504.292,1,25.28
2024-12-30 21:00,1371.608,1,25.33
2024-12-30 22:00,1149.15,0,0.0
2024-12-30 23:00,973.61,0,0.0
2024-12-31 00:00,923.032,0,0.0
2024-12-31 01:00,867.578,0,0.0
2024-12-31 02:00,868.616,0,0.0
2024-12-31 03:00,839.633,0,0.0
2024-12-31 04:00,928.708,0,0.0
2024-12-31 05:00,1031.478,0,0.0
2024-12-31 06:00,1219.777,0,0.0
2024-12-31 07:00,1420.781,1,25.1
2024-12-31 08:00,1433.045,1,24.85
2024-12-31 09:00,1297.203,0,0.0
2024-12-31 10:00,1196.482,0,0.0
2024-12-31 11:00,1209.012,0,0.0
2024-12-31 12:00,1179.73,0,0.0
2024-12-31 13:00,1126.168,0,0.0
2024-12-31 14:00,1109.696,0,0.0
2024-12-31 15:00,1162.527,0,0.0
2024-12-31 16:00,1381.113,1,24.73
2024-12-31 17:00,1475.453,1,24.84
2024-12-31 18:00,1593.939,1,47.44
2024-12-31 19:00,1580.527,1,43.14
2024-12-31 20:00,1454.285,1,24.9
2024-12-31 21:00,1299.598,0,0.0
2024-12-31 22:00,1118.933,0,0.0
2024-12-31 23:00,882.117,0,0.0
2025-01-01 00:00,702.407,0,0.0
2025-01-01 01:00,687.674,0,0.0
2025-01-01 02:00,717.219,0,0.0
2025-01-01 03:00,759.188,0,0.0
2025-01-01 04:00,760.68,0,0.0
2025-01-01 05:00,836.938,0,0.0
2025-01-01 06:00,934.358,0,0.0
2025-01-01 07:00,1172.524,0,0.0
2025-01-01 08:00,1258.744,0,0.0
2025-01-01 09:00,1152.676,0,0.0
2025-01-01 10:00,1083.027,0,0.0
2025-01-01 11:00,1102.313,0,0.0
2025-01-01 12:00,1118.561,0,0.0
2025-01-01 13:00,1151.874,0,0.0
2025-01-01 14:00,1193.0,0,0.0
2025-01-01 15:00,1274.571,1,25.12
2025-01-01 16:00,1454.28,1,25.21
2025-01-01 17:00,1612.859,1,42.71
2025-01-01 18:00,1644.897,1,47.65
2025-01-01 19:00,1557.603,1,35.94
2025-01-01 20:00,1459.907,1,25.05
2025-01-01 21:00,1321.671,1,25.12
2025-01-01 22:00,1076.618,0,0.0
2025-01-01 23:00,915.829,0,0.0
2025-01-02 00:00,826.007,0,0.0
2025-01-02 01:00,784.983,0,0.0
2025-01-02 02:00,740.493,0,0.0
2025-01-02 03:00,783.209,0,0.0
2025-01-02 04:00,829.0,0,0.0
2025-01-02 05:00,925.447,0,0.0
2025-01-02 06:00,1136.061,0,0.0
2025-01-02 07:00,1285.979,1,25.16
2025-01-02 08:00,1308.41,1,24.44
2025-01-02 09:00,1127.675,0,0.0
2025-01-02 10:00,1051.4,0,0.0
2025-01-02 11:00,974.545,0,0.0
2025-01-02 12:00,998.547,0,0.0
2025-01-02 13:00,1026.073,0,0.0
2025-01-02 14:00,1058.163,0,0.0
2025-01-02 15:00,1162.92,0,0.0
2025-01-02 16:00,1350.596,1,25.1
2025-01-02 17:00,1420.211,1,28.36
2025-01-02 18:00,1500.83,1,49.11
2025-01-02 19:00,1497.08,1,47.71
2025-01-02 20:00,1277.443,1,24.97
2025-01-02 21:00,1151.22,0,0.0
2025-01-02 22:00,925.268,0,0.0
2025-01-02 23:00,812.337,0,0.0
2025-01-03 00:00,708.249,0,0.0
2025-01-03 01:00,718.165,0,0.0
2025-01-03 02:00,671.414,0,0.0
2025-01-03 03:00,638.048,0,0.0
2025-01-03 04:00,695.083,0,0.0
2025-01-03 05:00,775.107,0,0.0
2025-01-03 06:00,876.704,0,0.0
2025-01-03 07:00,1076.279,0,0.0
2025-01-03 08:00,1049.193,0,0.0
2025-01-03 09:00,942.499,0,0.0
2025-01-03 10:00,893.81,0,0.0
2025-01-03 11:00,929.752,0,0.0
2025-01-03 12:00,981.536,0,0.0
2025-01-03 13:00,1036.334,0,0.0
2025-01-03 14:00,1071.539,0,0.0
2025-01-03 15:00,1079.63,0,0.0
2025-01-03 16:00,1256.284,1,24.79
2025-01-03 17:00,1467.821,1,28.89
2025-01-03 18:00,1596.327,1,48.78
2025-01-03 19:00,1560.94,1,43.0
2025-01-03 20:00,1353.085,1,24.89
2025-01-03 21:00,1155.636,0,0.0
2025-01-03 22:00,1054.329,0,0.0
2025-01-03 23:00,864.917,0,0.0
2025-01-04 00:00,702.629,0,0.0
2025-01-04 01:00,691.778,0,0.0
2025-01-04 02:00,661.516,0,0.0
2025-01-04 03:00,635.712,0,0.0
2025-01-04 04:00,719.469,0,0.0
2025-01-04 05:00,813.331,0,0.0
2025-01-04 06:00,942.904,0,0.0
2025-01-04 07:00,1061.656,0,0.0
2025-01-04 08:00,1190.103,1,24.8
2025-01-04 09:00,1075.009,0,0.0
2025-01-04 10:00,1053.649,0,0.0
2025-01-04 11:00,1048.429,0,0.0
2025-01-04 12:00,1003.916,0,0.0
2025-01-04 13:00,987.33,0,0.0
2025-01-04 14:00,1074.436,0,0.0
2025-01-04 15:00,1225.445,1,25.45
2025-01-04 16:00,1277.275,1,24.51
2025-01-04 17:00,1422.526,1,39.95
2025-01-04 18:00,1469.515,1,48.04
2025-01-04 19:00,1369.966,1,29.7
2025-01-04 20:00,1263.341,1,25.56
2025-01-04 21:00,1048.425,0,0.0
2025-01-04 22:00,885.833,0,0.0
2025-01-04 23:00,755.63,0,0.0
2025-01-05 00:00,676.92,0,0.0
2025-01-05 01:00,647.267,0,0.0
2025-01-05 02:00,612.331,0,0.0
2025-01-05 03:00,660.248,0,0.0
2025-01-05 04:00,714.968,0,0.0
2025-01-05 05:00,846.327,0,0.0
2025-01-05 06:00,982.094,0,0.0
2025-01-05 07:00,1122.383,0,0.0
2025-01-05 08:00,1230.196,0,0.0
2025-01-05 09:00,1084.804,0,0.0
2025-01-05 10:00,1007.245,0,0.0
2025-01-05 11:00,1005.349,0,0.0
2025-01-05 12:00,945.183,0,0.0
2025-01-05 13:00,979.706,0,0.0
2025-01-05 14:00,1037.747,0,0.0
2025-01-05 15:00,1184.847,0,0.0
2025-01-05 16:00,1360.1,1,24.94
2025-01-05 17:00,1532.987,1,41.55
2025-01-05 18:00,1564.688,1,48.42
2025-01-05 19:00,1454.058,1,28.12
2025-01-05 20:00,1407.975,1,24.94
2025-01-05 21:00,1144.898,0,0.0
2025-01-05 22:00,921.71,0,0.0
2025-01-05 23:00,820.13,0,0.0
2025-01-06 00:00,828.83,0,0.0
2025-01-06 01:00,779.502,0,0.0
2025-01-06 02:00,774.248,0,0.0
2025-01-06 03:00,713.714,0,0.0
2025-01-06 04:00,744.075,0,0.0
2025-01-06 05:00,776.644,0,0.0
2025-01-06 06:00,957.976,0,0.0
2025-01-06 07:00,1069.539,0,0.0
2025-01-06 08:00,1073.798,0,0.0
2025-01-06 09:00,1020.888,0,0.0
2025-01-06 10:00,1013.954,0,0.0
2025-01-06 11:00,991.926,0,0.0
2025-01-06 12:00,1006.376,0,0.0
2025-01-06 13:00,1036.765,0,0.0
2025-01-06 14:00,1069.595,0,0.0
2025-01-06 15:00,1132.497,0,0.0
2025-01-06 16:00,1313.313,0,0.0
2025-01-06 17:00,1475.575,1,24.84
2025-01-06 18:00,1584.917,1,47.89
2025-01-06 19:00,1544.063,1,33.08
2025-01-06 20:00,1341.455,1,24.22
2025-01-06 21:00,1197.159,0,0.0
2025-01-06 22:00,1015.762,0,0.0
2025-01-06 23:00,865.776,0,0.0
2025-01-07 00:00,771.427,0,0.0
2025-01-07 01:00,712.341,0,0.0
2025-01-07 02:00,718.028,0,0.0
2025-01-07 03:00,682.085,0,0.0
2025-01-07 04:00,703.445,0,0.0
2025-01-07 05:00,785.261,0,0.0
2025-01-07 06:00,995.409,0,0.0
2025-01-07 07:00,1212.207,0,0.0
2025-01-07 08:00,1179.687,0,0.0
2025-01-07 09:00,1132.379,0,0.0
2025-01-07 10:00,1110.477,0,0.0
2025-01-07 11:00,1033.213,0,0.0
2025-01-07 12:00,930.748,0,0.0
2025-01-07 13:00,952.32,0,0.0
2025-01-07 14:00,1047.165,0,0.0
2025-01-07 15:00,1222.323,0,0.0
2025-01-07 16:00,1330.041,1,24.62
2025-01-07 17:00,1548.562,1,48.55
2025-01-07 18:00,1481.562,1,32.99
2025-01-07 19:00,1426.628,1,24.79
2025-01-07 20:00,1289.013,1,25.41
2025-01-07 21:00,1178.641,0,0.0
2025-01-07 22:00,1048.209,0,0.0
2025-01-07 23:00,932.542,0,0.0
2025-01-08 00:00,791.846,0,0.0
2025-01-08 01:00,768.231,0,0.0
2025-01-08 02:00,752.997,0,0.0
2025-01-08 03:00,704.418,0,0.0
2025-01-08 04:00,694.347,0,0.0
2025-01-08 05:00,817.41,0,0.0
2025-01-08 06:00,963.867,0,0.0
2025-01-08 07:00,1085.951,0,0.0
2025-01-08 08:00,1133.222,0,0.0
2025-01-08 09:00,1059.459,0,0.0
2025-01-08 10:00,1002.015,0,0.0
2025-01-08 11:00,932.642,0,0.0
2025-01-08 12:00,1004.709,0,0.0
2025-01-08 13:00,1052.024,0,0.0
2025-01-08 14:00,1078.179,0,0.0
2025-01-08 15:00,1173.029,0,0.0
2025-01-08 16:00,1341.347,1,24.57
2025-01-08 17:00,1412.194,1,28.81
2025-01-08 18:00,1500.259,1,47.48
2025-01-08 19:00,1391.832,1,25.55
2025-01-08 20:00,1279.312,1,25.34
2025-01-08 21:00,1076.581,0,0.0
2025-01-08 22:00,892.545,0,0.0
2025-01-08 23:00,842.542,0,0.0
2025-01-09 00:00,763.95,0,0.0
2025-01-09 01:00,729.717,0,0.0
2025-01-09 02:00,659.21,0,0.0
2025-01-09 03:00,654.422,0,0.0
2025-01-09 04:00,718.034,0,0.0
2025-01-09 05:00,814.071,0,0.0
2025-01-09 06:00,891.714,0,0.0
2025-01-09 07:00,1077.665,0,0.0
2025-01-09 08:00,1150.607,0,0.0
2025-01-09 09:00,1108.046,0,0.0
2025-01-09 10:00,1018.658,0,0.0
2025-01-09 11:00,921.386,0,0.0
2025-01-09 12:00,893.841,0,0.0
2025-01-09 13:00,885.169,0,0.0
2025-01-09 14:00,975.411,0,0.0
2025-01-09 15:00,980.898,0,0.0
2025-01-09 16:00,1125.972,0,0.0
2025-01-09 17:00,1348.177,1,24.91
2025-01-09 18:00,1428.652,1,41.77
2025-01-09 19:00,1449.744,1,47.82
2025-01-09 20:00,1248.664,1,24.85
2025-01-09 21:00,1036.926,0,0.0
2025-01-09 22:00,954.069,0,0.0
2025-01-09 23:00,839.516,0,0.0
2025-01-10 00:00,762.921,0,0.0
2025-01-10 01:00,694.71,0,0.0
2025-01-10 02:00,684.256,0,0.0
2025-01-10 03:00,661.209,0,0.0
2025-01-10 04:00,743.215,0,0.0
2025-01-10 05:00,912.087,0,0.0
2025-01-10 06:00,1078.622,0,0.0
2025-01-10 07:00,1223.068,1,24.62
2025-01-10 08:00,1150.972,0,0.0
2025-01-10 09:00,993.412,0,0.0
2025-01-10 10:00,1010.712,0,0.0
2025-01-10 11:00,958.277,0,0.0
2025-01-10 12:00,945.863,0,0.0
2025-01-10 13:00,990.804,0,0.0
2025-01-10 14:00,1093.449,0,0.0
2025-01-10 15:00,1190.743,1,24.94
2025-01-10 16:00,1322.373,1,25.18
2025-01-10 17:00,1456.197,1,42.52
2025-01-10 18:00,1487.462,1,48.22
2025-01-10 19:00,1420.707,1,38.04
2025-01-10 20:00,1323.605,1,25.36
2025-01-10 21:00,1163.708,0,0.0
2025-01-10 22:00,1066.874,0,0.0
2025-01-10 23:00,930.203,0,0.0
2025-01-11 00:00,806.973,0,0.0
2025-01-11 01:00,723.731,0,0.0
2025-01-11 02:00,709.465,0,0.0
2025-01-11 03:00,685.832,0,0.0
2025-01-11 04:00,734.776,0,0.0
2025-01-11 05:00,833.647,0,0.0
2025-01-11 06:00,976.721,0,0.0
2025-01-11 07:00,1231.11,1,25.51
2025-01-11 08:00,1309.451,1,25.34
2025-01-11 09:00,1207.865,0,0.0
2025-01-11 10:00,1134.502,0,0.0
2025-01-11 11:00,1142.514,0,0.0
2025-01-11 12:00,1049.851,0,0.0
2025-01-11 13:00,1088.556,0,0.0
2025-01-11 14:00,1075.751,0,0.0
2025-01-11 15:00,1148.538,0,0.0
2025-01-11 16:00,1312.163,1,25.32
2025-01-11 17:00,1486.621,1,48.07
2025-01-11 18:00,1472.863,1,44.25
2025-01-11 19:00,1397.901,1,24.79
2025-01-11 20:00,1276.962,1,24.71
2025-01-11 21:00,1102.973,0,0.0
2025-01-11 22:00,967.276,0,0.0
2025-01-11 23:00,934.556,0,0.0
2025-01-12 00:00,832.577,0,0.0
2025-01-12 01:00,751.713,0,0.0
2025-01-12 02:00,688.842,0,0.0
2025-01-12 03:00,678.287,0,0.0
2025-01-12 04:00,694.856,0,0.0
2025-01-12 05:00,791.023,0,0.0
2025-01-12 06:00,948.696,0,0.0
2025-01-12 07:00,1093.532,0,0.0
2025-01-12 08:00,1214.714,0,0.0
2025-01-12 09:00,1067.515,0,0.0
2025-01-12 10:00,995.918,0,0.0
2025-01-12 11:00,993.542,0,0.0
2025-01-12 12:00,1006.268,0,0.0
2025-01-12 13:00,1049.325,0,0.0
2025-01-12 14:00,1091.849,0,0.0
2025-01-12 15:00,1225.322,0,0.0
2025-01-12 16:00,1329.904,1,24.23
2025-01-12 17:00,1487.535,1,24.67
2025-01-12 18:00,1576.451,1,48.01
2025-01-12 19:00,1578.689,1,48.12
2025-01-12 20:00,1334.004,1,24.58
2025-01-12 21:00,1115.938,0,0.0
2025-01-12 22:00,975.319,0,0.0
2025-01-12 23:00,766.554,0,0.0
2025-01-13 00:00,755.807,0,0.0
2025-01-13 01:00,745.41,0,0.0
2025-01-13 02:00,707.645,0,0.0
2025-01-13 03:00,698.317,0,0.0
2025-01-13 04:00,715.419,0,0.0
2025-01-13 05:00,790.496,0,0.0
2025-01-13 06:00,926.925,0,0.0
2025-01-13 07:00,1075.08,1,25.1
2025-01-13 08:00,1101.47,1,25.37
2025-01-13 09:00,1011.163,0,0.0
2025-01-13 10:00,957.445,0,0.0
2025-01-13 11:00,1019.087,0,0.0
2025-01-13 12:00,994.373,0,0.0
2025-01-13 13:00,1019.908,0,0.0
2025-01-13 14:00,1041.741,0,0.0
2025-01-13 15:00,1128.029,1,25.35
2025-01-13 16:00,1204.102,1,24.82
2025-01-13 17:00,1266.118,1,35.78
2025-01-13 18:00,1293.834,1,43.51
2025-01-13 19:00,1305.569,1,46.72
2025-01-13 20:00,1268.785,1,36.65
2025-01-13 21:00,1043.726,0,0.0
2025-01-13 22:00,889.463,0,0.0
2025-01-13 23:00,748.874,0,0.0
2025-01-14 00:00,685.983,0,0.0
2025-01-14 01:00,691.747,0,0.0
2025-01-14 02:00,668.179,0,0.0
2025-01-14 03:00,675.541,0,0.0
2025-01-14 04:00,762.809,0,0.0
2025-01-14 05:00,862.792,0,0.0
2025-01-14 06:00,987.507,0,0.0
2025-01-14 07:00,1167.9,0,0.0
2025-01-14 08:00,1176.581,0,0.0
2025-01-14 09:00,1094.024,0,0.0
2025-01-14 10:00,1050.486,0,0.0
2025-01-14 11:00,978.155,0,0.0
2025-01-14 12:00,981.261,0,0.0
2025-01-14 13:00,992.568,0,0.0
2025-01-14 14:00,1060.084,0,0.0
2025-01-14 15:00,1202.849,0,0.0
2025-01-14 16:00,1374.431,1,24.89
2025-01-14 17:00,1484.022,1,29.37
2025-01-14 18:00,1594.241,1,47.77
2025-01-14 19:00,1490.319,1,30.35
2025-01-14 20:00,1294.119,1,25.89
2025-01-14 21:00,1004.081,0,0.0
2025-01-14 22:00,878.493,0,0.0
2025-01-14 23:00,757.61,0,0.0
2025-01-15 00:00,710.521,0,0.0
2025-01-15 01:00,632.113,0,0.0
2025-01-15 02:00,615.701,0,0.0
2025-01-15 03:00,645.478,0,0.0
2025-01-15 04:00,670.642,0,0.0
2025-01-15 05:00,777.138,0,0.0
2025-01-15 06:00,911.755,0,0.0
2025-01-15 07:00,1087.122,0,0.0
2025-01-15 08:00,1168.366,1,25.07
2025-01-15 09:00,1108.496,0,0.0
2025-01-15 10:00,1046.248,0,0.0
2025-01-15 11:00,994.486,0,0.0
2025-01-15 12:00,972.161,0,0.0
2025-01-15 13:00,1011.945,0,0.0
2025-01-15 14:00,1018.405,0,0.0
2025-01-15 15:00,1123.81,1,24.78
2025-01-15 16:00,1261.243,1,24.97
2025-01-15 17:00,1392.241,1,43.44
2025-01-15 18:00,1412.391,1,47.71
2025-01-15 19:00,1294.936,1,27.7
2025-01-15 20:00,1234.695,1,24.86
2025-01-15 21:00,1132.134,1,24.43
2025-01-15 22:00,907.812,0,0.0
2025-01-15 23:00,814.662,0,0.0
2025-01-16 00:00,771.355,0,0.0
2025-01-16 01:00,745.479,0,0.0
2025-01-16 02:00,711.7,0,0.0
2025-01-16 03:00,688.785,0,0.0
2025-01-16 04:00,737.817,0,0.0
2025-01-16 05:00,833.736,0,0.0
2025-01-16 06:00,989.291,0,0.0
2025-01-16 07:00,1155.719,0,0.0
2025-01-16 08:00,1155.379,0,0.0
2025-01-16 09:00,1078.276,0,0.0
2025-01-16 10:00,1036.711,0,0.0
2025-01-16 11:00,1023.034,0,0.0
2025-01-16 12:00,1015.406,0,0.0
2025-01-16 13:00,1084.972,0,0.0
2025-01-16 14:00,1095.597,0,0.0
2025-01-16 15:00,1253.39,0,0.0
2025-01-16 16:00,1365.153,1,24.39
2025-01-16 17:00,1547.483,1,31.64
2025-01-16 18:00,1664.552,1,47.54
2025-01-16 19:00,1576.264,1,35.58
2025-01-16 20:00,1498.691,1,25.27
2025-01-16 21:00,1300.384,1,25.35
2025-01-16 22:00,1057.284,0,0.0
2025-01-16 23:00,898.679,0,0.0
2025-01-17 00:00,834.715,0,0.0
2025-01-17 01:00,802.991,0,0.0
2025-01-17 02:00,741.407,0,0.0
2025-01-17 03:00,733.29,0,0.0
2025-01-17 04:00,779.779,0,0.0
2025-01-17 05:00,849.715,0,0.0
2025-01-17 06:00,1083.727,0,0.0
2025-01-17 07:00,1263.586,1,24.63
2025-01-17 08:00,1290.499,1,24.49
2025-01-17 09:00,1208.919,1,24.63
2025-01-17 10:00,1107.075,0,0.0
2025-01-17 11:00,1108.307,0,0.0
2025-01-17 12:00,1021.803,0,0.0
2025-01-17 13:00,1014.18,0,0.0
2025-01-17 14:00,1097.32,0,0.0
2025-01-17 15:00,1266.784,1,24.58
2025-01-17 16:00,1375.741,1,24.54
2025-01-17 17:00,1455.367,1,33.52
2025-01-17 18:00,1550.251,1,47.95
2025-01-17 19:00,1468.183,1,36.12
2025-01-17 20:00,1327.076,1,25.23
2025-01-17 21:00,1194.516,0,0.0
2025-01-17 22:00,994.966,0,0.0
2025-01-17 23:00,805.929,0,0.0
2025-01-18 00:00,657.772,0,0.0
2025-01-18 01:00,634.413,0,0.0
2025-01-18 02:00,582.137,0,0.0
2025-01-18 03:00,591.45,0,0.0
2025-01-18 04:00,608.051,0,0.0
2025-01-18 05:00,744.332,0,0.0
2025-01-18 06:00,959.765,0,0.0
2025-01-18 07:00,1081.261,1,24.5
2025-01-18 08:00,1135.226,1,24.33
2025-01-18 09:00,999.968,0,0.0
2025-01-18 10:00,937.284,0,0.0
2025-01-18 11:00,985.509,0,0.0
2025-01-18 12:00,954.67,0,0.0
2025-01-18 13:00,954.123,0,0.0
2025-01-18 14:00,962.527,0,0.0
2025-01-18 15:00,1112.128,1,25.21
2025-01-18 16:00,1111.969,1,25.44
2025-01-18 17:00,1226.192,1,34.39
2025-01-18 18:00,1305.074,1,48.78
2025-01-18 19:00,1257.038,1,39.06
2025-01-18 20:00,1205.534,1,31.26
2025-01-18 21:00,1105.454,1,25.39
2025-01-18 22:00,894.633,0,0.0
2025-01-18 23:00,844.443,0,0.0
2025-01-19 00:00,718.744,0,0.0
2025-01-19 01:00,712.653,0,0.0
2025-01-19 02:00,691.811,0,0.0
2025-01-19 03:00,676.519,0,0.0
2025-01-19 04:00,706.577,0,0.0
2025-01-19 05:00,787.789,0,0.0
2025-01-19 06:00,937.573,0,0.0
2025-01-19 07:00,1065.217,0,0.0
2025-01-19 08:00,1101.975,0,0.0
2025-01-19 09:00,982.041,0,0.0
2025-01-19 10:00,892.428,0,0.0
2025-01-19 11:00,861.605,0,0.0
2025-01-19 12:00,831.479,0,0.0
2025-01-19 13:00,847.522,0,0.0
2025-01-19 14:00,919.469,0,0.0
2025-01-19 15:00,1033.705,0,0.0
2025-01-19 16:00,1267.292,1,25.1
2025-01-19 17:00,1281.58,1,24.49
2025-01-19 18:00,1378.26,1,48.14
2025-01-19 19:00,1347.723,1,40.87
2025-01-19 20:00,1271.216,1,25.67
2025-01-19 21:00,1133.655,1,24.95
2025-01-19 22:00,955.262,0,0.0
2025-01-19 23:00,832.853,0,0.0
2025-01-20 00:00,774.081,0,0.0
2025-01-20 01:00,748.048,0,0.0
2025-01-20 02:00,677.118,0,0.0
2025-01-20 03:00,703.52,0,0.0
2025-01-20 04:00,747.865,0,0.0
2025-01-20 05:00,821.163,0,0.0
2025-01-20 06:00,965.666,0,0.0
2025-01-20 07:00,1133.836,0,0.0
2025-01-20 08:00,1237.937,1,24.92
2025-01-20 09:00,1248.741,1,25.2
2025-01-20 10:00,1195.561,1,24.9
2025-01-20 11:00,1123.244,0,0.0
2025-01-20 12:00,1115.016,0,0.0
2025-01-20 13:00,1131.643,0,0.0
2025-01-20 14:00,1124.308,0,0.0
2025-01-20 15:00,1175.131,0,0.0
2025-01-20 16:00,1323.719,1,24.69
2025-01-20 17:00,1494.845,1,48.39
2025-01-20 18:00,1468.279,1,42.52
2025-01-20 19:00,1397.835,1,30.43
2025-01-20 20:00,1314.07,1,25.43
2025-01-20 21:00,1151.014,0,0.0
2025-01-20 22:00,1033.03,0,0.0
2025-01-20 23:00,849.893,0,0.0
2025-01-21 00:00,832.032,0,0.0
2025-01-21 01:00,737.398,0,0.0
2025-01-21 02:00,664.877,0,0.0
2025-01-21 03:00,672.548,0,0.0
2025-01-21 04:00,691.405,0,0.0
2025-01-21 05:00,782.846,0,0.0
2025-01-21 06:00,934.151,0,0.0
2025-01-21 07:00,1102.001,0,0.0
2025-01-21 08:00,1119.911,1,25.12
2025-01-21 09:00,1052.174,0,0.0
2025-01-21 10:00,987.849,0,0.0
2025-01-21 11:00,1016.012,0,0.0
2025-01-21 12:00,999.425,0,0.0
2025-01-21 13:00,977.403,0,0.0
2025-01-21 14:00,964.087,0,0.0
2025-01-21 15:00,1074.968,0,0.0
2025-01-21 16:00,1175.1,1,25.17
2025-01-21 17:00,1251.258,1,25.09
2025-01-21 18:00,1373.262,1,46.85
2025-01-21 19:00,1267.6,1,25.17
2025-01-21 20:00,1256.212,1,25.11
2025-01-21 21:00,1114.528,1,24.78
2025-01-21 22:00,956.561,0,0.0
2025-01-21 23:00,806.802,0,0.0
2025-01-22 00:00,756.843,0,0.0
2025-01-22 01:00,718.785,0,0.0
2025-01-22 02:00,683.707,0,0.0
2025-01-22 03:00,694.469,0,0.0
2025-01-22 04:00,695.902,0,0.0
2025-01-22 05:00,739.691,0,0.0
2025-01-22 06:00,855.874,0,0.0
2025-01-22 07:00,1049.002,0,0.0
2025-01-22 08:00,1110.512,0,0.0
2025-01-22 09:00,1069.015,0,0.0
2025-01-22 10:00,978.888,0,0.0
2025-01-22 11:00,989.945,0,0.0
2025-01-22 12:00,980.625,0,0.0
2025-01-22 13:00,962.591,0,0.0
2025-01-22 14:00,1028.529,0,0.0
2025-01-22 15:00,1137.551,0,0.0
2025-01-22 16:00,1262.709,1,25.39
2025-01-22 17:00,1400.954,1,32.65
2025-01-22 18:00,1466.601,1,47.74
2025-01-22 19:00,1425.776,1,38.3
2025-01-22 20:00,1288.593,1,24.84
2025-01-22 21:00,1077.619,0,0.0
2025-01-22 22:00,934.92,0,0.0
2025-01-22 23:00,798.417,0,0.0
2025-01-23 00:00,701.885,0,0.0
2025-01-23 01:00,670.087,0,0.0
2025-01-23 02:00,680.521,0,0.0
2025-01-23 03:00,691.501,0,0.0
2025-01-23 04:00,723.917,0,0.0
2025-01-23 05:00,796.786,0,0.0
2025-01-23 06:00,972.409,0,0.0
2025-01-23 07:00,1048.611,0,0.0
2025-01-23 08:00,1144.213,1,24.71
2025-01-23 09:00,981.026,0,0.0
2025-01-23 10:00,892.931,0,0.0
2025-01-23 11:00,882.079,0,0.0
2025-01-23 12:00,973.733,0,0.0
2025-01-23 13:00,1050.367,0,0.0
2025-01-23 14:00,1115.514,0,0.0
2025-01-23 15:00,1233.478,1,25.1
2025-01-23 16:00,1294.467,1,24.81
2025-01-23 17:00,1435.393,1,41.9
2025-01-23 18:00,1473.806,1,47.46
2025-01-23 19:00,1397.294,1,37.01
2025-01-23 20:00,1294.001,1,24.85
2025-01-23 21:00,1115.66,0,0.0
2025-01-23 22:00,989.235,0,0.0
2025-01-23 23:00,802.738,0,0.0
2025-01-24 00:00,735.006,0,0.0
2025-01-24 01:00,679.261,0,0.0
2025-01-24 02:00,659.175,0,0.0
2025-01-24 03:00,676.978,0,0.0
2025-01-24 04:00,695.714,0,0.0
2025-01-24 05:00,792.792,0,0.0
2025-01-24 06:00,938.931,0,0.0
2025-01-24 07:00,1087.549,0,0.0
2025-01-24 08:00,1123.428,0,0.0
2025-01-24 09:00,1032.068,0,0.0
2025-01-24 10:00,955.918,0,0.0
2025-01-24 11:00,951.253,0,0.0
2025-01-24 12:00,943.435,0,0.0
2025-01-24 13:00,943.604,0,0.0
2025-01-24 14:00,1057.098,0,0.0
2025-01-24 15:00,1183.095,1,24.91
2025-01-24 16:00,1316.306,1,26.28
2025-01-24 17:00,1454.508,1,47.57
2025-01-24 18:00,1464.805,1,47.63
2025-01-24 19:00,1409.733,1,39.39
2025-01-24 20:00,1280.952,1,24.36
2025-01-24 21:00,1074.546,0,0.0
2025-01-24 22:00,943.688,0,0.0
2025-01-24 23:00,813.69,0,0.0
2025-01-25 00:00,687.445,0,0.0
2025-01-25 01:00,643.355,0,0.0
2025-01-25 02:00,702.805,0,0.0
2025-01-25 03:00,681.793,0,0.0
2025-01-25 04:00,669.725,0,0.0
2025-01-25 05:00,710.528,0,0.0
2025-01-25 06:00,880.928,0,0.0
2025-01-25 07:00,1097.638,0,0.0
2025-01-25 08:00,1111.65,0,0.0
2025-01-25 09:00,1063.851,0,0.0
2025-01-25 10:00,1022.579,0,0.0
2025-01-25 11:00,987.16,0,0.0
2025-01-25 12:00,962.852,0,0.0
2025-01-25 13:00,976.562,0,0.0
2025-01-25 14:00,1045.342,0,0.0
2025-01-25 15:00,1158.111,0,0.0
2025-01-25 16:00,1267.137,1,24.74
2025-01-25 17:00,1378.785,1,24.38
2025-01-25 18:00,1537.053,1,48.47
2025-01-25 19:00,1486.089,1,38.51
2025-01-25 20:00,1377.039,1,24.58
2025-01-25 21:00,1202.429,0,0.0
2025-01-25 22:00,1017.69,0,0.0
2025-01-25 23:00,875.541,0,0.0
2025-01-26 00:00,801.304,0,0.0
2025-01-26 01:00,762.763,0,0.0
2025-01-26 02:00,734.378,0,0.0
2025-01-26 03:00,706.949,0,0.0
2025-01-26 04:00,752.894,0,0.0
2025-01-26 05:00,829.177,0,0.0
2025-01-26 06:00,960.645,0,0.0
2025-01-26 07:00,1226.093,1,24.59
2025-01-26 08:00,1186.631,1,24.74
2025-01-26 09:00,1108.186,0,0.0
2025-01-26 10:00,1001.851,0,0.0
2025-01-26 11:00,981.27,0,0.0
2025-01-26 12:00,1051.938,0,0.0
2025-01-26 13:00,1012.059,0,0.0
2025-01-26 14:00,1019.701,0,0.0
2025-01-26 15:00,1118.957,1,24.62
2025-01-26 16:00,1223.453,1,25.07
2025-01-26 17:00,1390.032,1,42.12
2025-01-26 18:00,1421.033,1,48.86
2025-01-26 19:00,1413.215,1,46.15
2025-01-26 20:00,1225.296,1,25.6
2025-01-26 21:00,1003.636,0,0.0
2025-01-26 22:00,862.341,0,0.0
2025-01-26 23:00,716.902,0,0.0
2025-01-27 00:00,744.868,0,0.0
2025-01-27 01:00,670.106,0,0.0
2025-01-27 02:00,636.156,0,0.0
2025-01-27 03:00,660.833,0,0.0
2025-01-27 04:00,695.778,0,0.0
2025-01-27 05:00,743.039,0,0.0
2025-01-27 06:00,969.455,0,0.0
2025-01-27 07:00,1102.952,0,0.0
2025-01-27 08:00,1148.186,0,0.0
2025-01-27 09:00,1048.443,0,0.0
2025-01-27 10:00,1022.412,0,0.0
2025-01-27 11:00,1020.883,0,0.0
2025-01-27 12:00,980.56,0,0.0
2025-01-27 13:00,984.558,0,0.0
2025-01-27 14:00,1024.536,0,0.0
2025-01-27 15:00,1167.349,0,0.0
2025-01-27 16:00,1265.344,1,24.93
2025-01-27 17:00,1503.827,1,45.58
2025-01-27 18:00,1521.278,1,48.0
2025-01-27 19:00,1476.811,1,41.41
2025-01-27 20:00,1291.575,1,24.66
2025-01-27 21:00,1080.027,0,0.0
2025-01-27 22:00,903.459,0,0.0
2025-01-27 23:00,770.889,0,0.0
2025-01-28 00:00,698.131,0,0.0
2025-01-28 01:00,648.126,0,0.0
2025-01-28 02:00,662.079,0,0.0
2025-01-28 03:00,652.116,0,0.0
2025-01-28 04:00,680.029,0,0.0
2025-01-28 05:00,761.966,0,0.0
2025-01-28 06:00,951.198,0,0.0
2025-01-28 07:00,1135.242,0,0.0
2025-01-28 08:00,1179.749,0,0.0
2025-01-28 09:00,1024.635,0,0.0
2025-01-28 10:00,936.523,0,0.0
2025-01-28 11:00,889.818,0,0.0
2025-01-28 12:00,949.541,0,0.0
2025-01-28 13:00,989.401,0,0.0
2025-01-28 14:00,1005.07,0,0.0
2025-01-28 15:00,1095.925,0,0.0
2025-01-28 16:00,1215.067,1,24.89
2025-01-28 17:00,1310.857,1,25.35
2025-01-28 18:00,1420.754,1,47.47
2025-01-28 19:00,1382.346,1,30.72
2025-01-28 20:00,1373.484,1,27.11
2025-01-28 21:00,1242.988,1,24.88
2025-01-28 22:00,1093.546,0,0.0
2025-01-28 23:00,956.281,0,0.0
2025-01-29 00:00,834.721,0,0.0
2025-01-29 01:00,794.601,0,0.0
2025-01-29 02:00,752.495,0,0.0
2025-01-29 03:00,786.707,0,0.0
2025-01-29 04:00,831.569,0,0.0
2025-01-29 05:00,919.83,0,0.0
2025-01-29 06:00,1073.651,0,0.0
2025-01-29 07:00,1315.641,1,26.04
2025-01-29 08:00,1276.448,1,25.28
2025-01-29 09:00,1223.489,1,25.11
2025-01-29 10:00,1124.844,0,0.0
2025-01-29 11:00,1036.467,0,0.0
2025-01-29 12:00,995.836,0,0.0
2025-01-29 13:00,949.948,0,0.0
2025-01-29 14:00,1027.701,0,0.0
2025-01-29 15:00,1096.951,0,0.0
2025-01-29 16:00,1262.041,1,24.76
2025-01-29 17:00,1455.899,1,44.8
2025-01-29 18:00,1484.849,1,48.31
2025-01-29 19:00,1434.405,1,43.09
2025-01-29 20:00,1253.123,1,25.56
2025-01-29 21:00,1089.857,0,0.0
2025-01-29 22:00,1030.736,0,0.0
2025-01-29 23:00,914.73,0,0.0
2025-01-30 00:00,808.372,0,0.0
2025-01-30 01:00,742.98,0,0.0
2025-01-30 02:00,719.081,0,0.0
2025-01-30 03:00,721.728,0,0.0
2025-01-30 04:00,753.183,0,0.0
2025-01-30 05:00,856.133,0,0.0
2025-01-30 06:00,974.315,0,0.0
2025-01-30 07:00,1109.404,0,0.0
2025-01-30 08:00,1177.751,0,0.0
2025-01-30 09:00,1033.379,0,0.0
2025-01-30 10:00,1011.468,0,0.0
2025-01-30 11:00,995.091,0,0.0
2025-01-30 12:00,924.301,0,0.0
2025-01-30 13:00,953.46,0,0.0
2025-01-30 14:00,943.713,0,0.0
2025-01-30 15:00,1092.032,0,0.0
2025-01-30 16:00,1238.159,0,0.0
2025-01-30 17:00,1470.848,1,24.83
2025-01-30 18:00,1590.287,1,47.01
2025-01-30 19:00,1477.484,1,24.69
2025-01-30 20:00,1251.569,0,0.0
2025-01-30 21:00,1073.715,0,0.0
2025-01-30 22:00,886.94,0,0.0
2025-01-30 23:00,844.011,0,0.0
2025-01-31 00:00,763.134,0,0.0
2025-01-31 01:00,747.823,0,0.0
2025-01-31 02:00,716.863,0,0.0
2025-01-31 03:00,712.151,0,0.0
2025-01-31 04:00,755.121,0,0.0
2025-01-31 05:00,874.969,0,0.0
2025-01-31 06:00,1036.706,0,0.0
2025-01-31 07:00,1165.406,0,0.0
2025-01-31 08:00,1278.606,1,24.68
2025-01-31 09:00,1142.601,0,0.0
2025-01-31 10:00,1052.603,0,0.0
2025-01-31 11:00,927.684,0,0.0
2025-01-31 12:00,956.525,0,0.0
2025-01-31 13:00,979.865,0,0.0
2025-01-31 14:00,1032.681,0,0.0
2025-01-31 15:00,1127.498,0,0.0
2025-01-31 16:00,1255.893,1,25.43
2025-01-31 17:00,1373.883,1,26.16
2025-01-31 18:00,1474.901,1,48.0
2025-01-31 19:00,1473.309,1,46.2
2025-01-31 20:00,1332.676,1,24.67
2025-01-31 21:00,1201.488,1,25.1
2025-01-31 22:00,1016.077,0,0.0
2025-01-31 23:00,865.348,0,0.0
2025-02-01 00:00,767.939,0,0.0
2025-02-01 01:00,690.299,0,0.0
2025-02-01 02:00,681.193,0,0.0
2025-02-01 03:00,646.859,0,0.0
2025-02-01 04:00,669.579,0,0.0
2025-02-01 05:00,702.328,0,0.0
2025-02-01 06:00,849.056,0,0.0
2025-02-01 07:00,1088.218,0,0.0
2025-02-01 08:00,1134.49,0,0.0
2025-02-01 09:00,1066.475,0,0.0
2025-02-01 10:00,1090.361,0,0.0
2025-02-01 11:00,1069.163,0,0.0
2025-02-01 12:00,1018.624,0,0.0
2025-02-01 13:00,1001.923,0,0.0
2025-02-01 14:00,1043.788,0,0.0
2025-02-01 15:00,1124.182,0,0.0
2025-02-01 16:00,1249.11,0,0.0
2025-02-01 17:00,1430.066,1,25.22
2025-02-01 18:00,1545.994,1,47.65
2025-02-01 19:00,1408.116,1,26.04
2025-02-01 20:00,1251.984,0,0.0
2025-02-01 21:00,1081.874,0,0.0
2025-02-01 22:00,951.947,1,25.0
2025-02-01 23:00,865.587,0,0.0
2025-02-02 00:00,848.626,0,0.0
2025-02-02 01:00,775.362,0,0.0
2025-02-02 02:00,732.995,0,0.0
2025-02-02 03:00,741.578,0,0.0
2025-02-02 04:00,760.941,0,0.0
2025-02-02 05:00,840.215,0,0.0
2025-02-02 06:00,974.217,0,0.0
2025-02-02 07:00,1038.94,0,0.0
2025-02-02 08:00,1102.584,0,0.0
2025-02-02 09:00,1011.352,0,0.0
2025-02-02 10:00,1009.266,0,0.0
2025-02-02 11:00,990.132,0,0.0
2025-02-02 12:00,937.596,0,0.0
2025-02-02 13:00,947.667,0,0.0
2025-02-02 14:00,921.255,0,0.0
2025-02-02 15:00,990.262,0,0.0
2025-02-02 16:00,1179.155,1,25.14
2025-02-02 17:00,1305.704,1,24.76
2025-02-02 18:00,1434.061,1,48.14
2025-02-02 19:00,1302.786,1,24.67
2025-02-02 20:00,1199.754,1,25.17
2025-02-02 21:00,1044.11,0,0.0
2025-02-02 22:00,937.76,0,0.0
2025-02-02 23:00,841.495,0,0.0
2025-02-03 00:00,825.271,0,0.0
2025-02-03 01:00,818.753,0,0.0
2025-02-03 02:00,776.17,0,0.0
2025-02-03 03:00,805.421,0,0.0
2025-02-03 04:00,813.855,0,0.0
2025-02-03 05:00,868.842,0,0.0
2025-02-03 06:00,1054.676,0,0.0
2025-02-03 07:00,1170.518,0,0.0
2025-02-03 08:00,1248.355,0,0.0
2025-02-03 09:00,1143.644,0,0.0
2025-02-03 10:00,1118.4,0,0.0
2025-02-03 11:00,1086.821,0,0.0
2025-02-03 12:00,1072.787,0,0.0
2025-02-03 13:00,1099.11,0,0.0
2025-02-03 14:00,1113.135,0,0.0
2025-02-03 15:00,1195.27,0,0.0
2025-02-03 16:00,1378.003,1,24.92
2025-02-03 17:00,1511.899,1,38.84
2025-02-03 18:00,1557.271,1,48.41
2025-02-03 19:00,1512.437,1,37.53
2025-02-03 20:00,1460.928,1,25.51
2025-02-03 21:00,1243.978,0,0.0
2025-02-03 22:00,1038.762,0,0.0
2025-02-03 23:00,849.294,0,0.0
2025-02-04 00:00,771.908,0,0.0
2025-02-04 01:00,753.656,0,0.0
2025-02-04 02:00,755.772,0,0.0
2025-02-04 03:00,756.695,0,0.0
2025-02-04 04:00,826.806,0,0.0
2025-02-04 05:00,936.533,0,0.0
2025-02-04 06:00,1133.242,0,0.0
2025-02-04 07:00,1352.38,0,0.0
2025-02-04 08:00,1447.144,0,0.0
2025-02-04 09:00,1281.172,0,0.0
2025-02-04 10:00,1133.529,0,0.0
2025-02-04 11:00,1125.832,0,0.0
2025-02-04 12:00,1131.063,0,0.0
2025-02-04 13:00,1186.814,0,0.0
2025-02-04 14:00,1263.399,0,0.0
2025-02-04 15:00,1444.235,0,0.0
2025-02-04 16:00,1615.63,1,24.43
2025-02-04 17:00,1739.587,1,48.53
2025-02-04 18:00,1698.244,1,34.0
2025-02-04 19:00,1645.74,1,25.44
2025-02-04 20:00,1455.377,0,0.0
2025-02-04 21:00,1267.949,0,0.0
2025-02-04 22:00,1074.65,0,0.0
2025-02-04 23:00,943.78,0,0.0
2025-02-05 00:00,840.074,0,0.0
2025-02-05 01:00,813.921,0,0.0
2025-02-05 02:00,710.898,0,0.0
2025-02-05 03:00,722.031,0,0.0
2025-02-05 04:00,803.482,0,0.0
2025-02-05 05:00,950.326,0,0.0
2025-02-05 06:00,1132.73,0,0.0
2025-02-05 07:00,1381.789,1,27.37
2025-02-05 08:00,1410.14,1,31.93
2025-02-05 09:00,1260.494,1,24.64
2025-02-05 10:00,1188.002,1,25.29
2025-02-05 11:00,1144.795,0,0.0
2025-02-05 12:00,1089.006,0,0.0
2025-02-05 13:00,1074.494,0,0.0
2025-02-05 14:00,1074.682,0,0.0
2025-02-05 15:00,1213.214,1,24.91
2025-02-05 16:00,1372.3,1,26.91
2025-02-05 17:00,1489.234,1,43.07
2025-02-05 18:00,1529.036,1,47.47
2025-02-05 19:00,1521.54,1,46.55
2025-02-05 20:00,1427.839,1,33.7
2025-02-05 21:00,1191.003,1,25.5
2025-02-05 22:00,972.103,0,0.0
2025-02-05 23:00,885.922,0,0.0
2025-02-06 00:00,761.016,0,0.0
2025-02-06 01:00,742.282,0,0.0
2025-02-06 02:00,767.082,0,0.0
2025-02-06 03:00,805.38,0,0.0
2025-02-06 04:00,863.118,0,0.0
2025-02-06 05:00,969.021,0,0.0
2025-02-06 06:00,1206.073,0,0.0
2025-02-06 07:00,1280.844,1,25.21
2025-02-06 08:00,1296.27,1,24.75
2025-02-06 09:00,1209.544,0,0.0
2025-02-06 10:00,1115.799,0,0.0
2025-02-06 11:00,1132.996,0,0.0
2025-02-06 12:00,1106.742,0,0.0
2025-02-06 13:00,1113.227,0,0.0
2025-02-06 14:00,1140.23,0,0.0
2025-02-06 15:00,1227.595,0,0.0
2025-02-06 16:00,1358.693,1,25.24
2025-02-06 17:00,1510.418,1,40.55
2025-02-06 18:00,1535.684,1,45.02
2025-02-06 19:00,1550.922,1,47.88
2025-02-06 20:00,1443.572,1,28.81
2025-02-06 21:00,1297.414,1,25.41
2025-02-06 22:00,1052.205,0,0.0
2025-02-06 23:00,859.132,0,0.0
2025-02-07 00:00,780.254,0,0.0
2025-02-07 01:00,820.367,0,0.0
2025-02-07 02:00,820.081,0,0.0
2025-02-07 03:00,792.145,0,0.0
2025-02-07 04:00,842.938,0,0.0
2025-02-07 05:00,951.161,0,0.0
2025-02-07 06:00,1057.174,0,0.0
2025-02-07 07:00,1295.602,1,24.5
2025-02-07 08:00,1321.962,1,24.88
2025-02-07 09:00,1190.873,0,0.0
2025-02-07 10:00,1115.088,0,0.0
2025-02-07 11:00,1128.887,0,0.0
2025-02-07 12:00,1077.099,0,0.0
2025-02-07 13:00,1020.355,0,0.0
2025-02-07 14:00,1083.979,0,0.0
2025-02-07 15:00,1111.839,0,0.0
2025-02-07 16:00,1263.33,1,25.33
2025-02-07 17:00,1473.021,1,30.71
2025-02-07 18:00,1578.539,1,46.06
2025-02-07 19:00,1589.85,1,48.08
2025-02-07 20:00,1471.065,1,30.77
2025-02-07 21:00,1373.001,1,25.97
2025-02-07 22:00,1124.662,0,0.0
2025-02-07 23:00,977.113,0,0.0
2025-02-08 00:00,803.678,0,0.0
2025-02-08 01:00,776.486,0,0.0
2025-02-08 02:00,742.573,0,0.0
2025-02-08 03:00,777.143,0,0.0
2025-02-08 04:00,795.808,0,0.0
2025-02-08 05:00,916.93,0,0.0
2025-02-08 06:00,1082.871,0,0.0
2025-02-08 07:00,1247.409,1,24.95
2025-02-08 08:00,1297.301,1,26.73
2025-02-08 09:00,1173.574,1,24.14
2025-02-08 10:00,1101.822,0,0.0
2025-02-08 11:00,1057.032,0,0.0
2025-02-08 12:00,1010.98,0,0.0
2025-02-08 13:00,1005.802,0,0.0
2025-02-08 14:00,985.805,0,0.0
2025-02-08 15:00,1130.955,1,25.72
2025-02-08 16:00,1224.698,1,25.54
2025-02-08 17:00,1348.201,1,32.99
2025-02-08 18:00,1456.194,1,48.21
2025-02-08 19:00,1462.194,1,49.17
2025-02-08 20:00,1248.357,1,24.79
2025-02-08 21:00,1094.214,0,0.0
2025-02-08 22:00,955.804,1,25.0
2025-02-08 23:00,835.914,0,0.0
2025-02-09 00:00,790.407,0,0.0
2025-02-09 01:00,721.279,0,0.0
2025-02-09 02:00,649.907,0,0.0
2025-02-09 03:00,678.882,0,0.0
2025-02-09 04:00,710.188,0,0.0
2025-02-09 05:00,746.971,0,0.0
2025-02-09 06:00,892.801,0,0.0
2025-02-09 07:00,1115.119,0,0.0
2025-02-09 08:00,1109.678,0,0.0
2025-02-09 09:00,1112.073,0,0.0
2025-02-09 10:00,1011.783,0,0.0
2025-02-09 11:00,995.0,0,0.0
2025-02-09 12:00,942.776,0,0.0
2025-02-09 13:00,962.426,0,0.0
2025-02-09 14:00,1005.129,0,0.0
2025-02-09 15:00,1054.881,0,0.0
2025-02-09 16:00,1338.278,1,24.82
2025-02-09 17:00,1436.673,1,41.12
2025-02-09 18:00,1472.572,1,46.54
2025-02-09 19:00,1481.789,1,48.62
2025-02-09 20:00,1428.325,1,40.36
2025-02-09 21:00,1271.624,1,24.73
2025-02-09 22:00,1022.964,0,0.0
2025-02-09 23:00,888.613,0,0.0
2025-02-10 00:00,790.457,0,0.0
2025-02-10 01:00,774.601,0,0.0
2025-02-10 02:00,707.98,0,0.0
2025-02-10 03:00,693.734,0,0.0
2025-02-10 04:00,745.519,0,0.0
2025-02-10 05:00,853.437,0,0.0
2025-02-10 06:00,1002.922,0,0.0
2025-02-10 07:00,1249.758,0,0.0
2025-02-10 08:00,1322.399,0,0.0
2025-02-10 09:00,1220.843,0,0.0
2025-02-10 10:00,1090.674,0,0.0
2025-02-10 11:00,1129.896,0,0.0
2025-02-10 12:00,1076.158,0,0.0
2025-02-10 13:00,1147.531,0,0.0
2025-02-10 14:00,1258.511,0,0.0
2025-02-10 15:00,1378.664,1,24.83
2025-02-10 16:00,1574.763,1,38.97
2025-02-10 17:00,1527.405,1,24.51
2025-02-10 18:00,1582.302,1,42.48
2025-02-10 19:00,1596.062,1,47.6
2025-02-10 20:00,1490.615,1,24.66
2025-02-10 21:00,1232.03,0,0.0
2025-02-10 22:00,1036.899,0,0.0
2025-02-10 23:00,821.759,0,0.0
2025-02-11 00:00,764.543,0,0.0
2025-02-11 01:00,679.69,0,0.0
2025-02-11 02:00,704.578,0,0.0
2025-02-11 03:00,742.742,0,0.0
2025-02-11 04:00,775.107,0,0.0
2025-02-11 05:00,882.823,0,0.0
2025-02-11 06:00,1032.937,0,0.0
2025-02-11 07:00,1224.14,0,0.0
2025-02-11 08:00,1217.824,0,0.0
2025-02-11 09:00,1141.852,0,0.0
2025-02-11 10:00,1014.089,0,0.0
2025-02-11 11:00,937.298,0,0.0
2025-02-11 12:00,944.941,0,0.0
2025-02-11 13:00,966.383,0,0.0
2025-02-11 14:00,1035.877,0,0.0
2025-02-11 15:00,1127.874,0,0.0
2025-02-11 16:00,1383.616,1,24.8
2025-02-11 17:00,1527.01,1,34.09
2025-02-11 18:00,1605.637,1,48.02
2025-02-11 19:00,1566.014,1,41.07
2025-02-11 20:00,1471.991,1,25.61
2025-02-11 21:00,1295.372,1,25.31
2025-02-11 22:00,1107.895,0,0.0
2025-02-11 23:00,975.839,0,0.0
2025-02-12 00:00,814.586,0,0.0
2025-02-12 01:00,721.037,0,0.0
2025-02-12 02:00,706.017,0,0.0
2025-02-12 03:00,707.917,0,0.0
2025-02-12 04:00,773.982,0,0.0
2025-02-12 05:00,866.344,0,0.0
2025-02-12 06:00,1046.047,0,0.0
2025-02-12 07:00,1173.272,0,0.0
2025-02-12 08:00,1224.871,1,24.92
2025-02-12 09:00,1067.965,0,0.0
2025-02-12 10:00,1034.006,0,0.0
2025-02-12 11:00,951.493,0,0.0
2025-02-12 12:00,973.74,0,0.0
2025-02-12 13:00,943.529,0,0.0
2025-02-12 14:00,990.94,0,0.0
2025-02-12 15:00,1153.183,0,0.0
2025-02-12 16:00,1327.107,1,24.93
2025-02-12 17:00,1380.463,1,25.73
2025-02-12 18:00,1430.002,1,48.12
2025-02-12 19:00,1334.814,1,24.94
2025-02-12 20:00,1166.94,0,0.0
2025-02-12 21:00,1057.943,0,0.0
2025-02-12 22:00,946.346,0,0.0
2025-02-12 23:00,851.309,0,0.0
2025-02-13 00:00,791.747,0,0.0
2025-02-13 01:00,751.048,0,0.0
2025-02-13 02:00,724.755,0,0.0
2025-02-13 03:00,700.45,0,0.0
2025-02-13 04:00,739.274,0,0.0
2025-02-13 05:00,793.283,0,0.0
2025-02-13 06:00,923.501,0,0.0
2025-02-13 07:00,1112.266,0,0.0
2025-02-13 08:00,1168.255,0,0.0
2025-02-13 09:00,1203.28,0,0.0
2025-02-13 10:00,1072.704,0,0.0
2025-02-13 11:00,1047.691,0,0.0
2025-02-13 12:00,986.656,0,0.0
2025-02-13 13:00,994.399,0,0.0
2025-02-13 14:00,1035.839,0,0.0
2025-02-13 15:00,1191.622,0,0.0
2025-02-13 16:00,1330.069,1,24.99
2025-02-13 17:00,1460.147,1,25.24
2025-02-13 18:00,1511.662,1,48.0
2025-02-13 19:00,1405.254,1,25.66
2025-02-13 20:00,1270.698,0,0.0
2025-02-13 21:00,1110.724,1,25.0
2025-02-13 22:00,965.527,0,0.0
2025-02-13 23:00,868.727,0,0.0
2025-02-14 00:00,780.78,0,0.0
2025-02-14 01:00,736.098,0,0.0
2025-02-14 02:00,675.103,0,0.0
2025-02-14 03:00,701.802,0,0.0
2025-02-14 04:00,733.373,0,0.0
2025-02-14 05:00,851.652,0,0.0
2025-02-14 06:00,1058.545,0,0.0
2025-02-14 07:00,1230.445,0,0.0
2025-02-14 08:00,1228.671,0,0.0
2025-02-14 09:00,1124.187,0,0.0
2025-02-14 10:00,1075.949,0,0.0
2025-02-14 11:00,1043.224,0,0.0
2025-02-14 12:00,1014.627,0,0.0
2025-02-14 13:00,1052.922,0,0.0
2025-02-14 14:00,1118.583,0,0.0
2025-02-14 15:00,1215.555,0,0.0
2025-02-14 16:00,1294.171,0,0.0
2025-02-14 17:00,1462.114,1,30.52
2025-02-14 18:00,1494.701,1,47.16
2025-02-14 19:00,1478.565,1,38.52
2025-02-14 20:00,1364.871,1,24.67
2025-02-14 21:00,1113.661,1,25.0
2025-02-14 22:00,967.843,0,0.0
2025-02-14 23:00,868.975,0,0.0
2025-02-15 00:00,757.421,0,0.0
2025-02-15 01:00,719.457,0,0.0
2025-02-15 02:00,650.218,0,0.0
2025-02-15 03:00,690.581,0,0.0
2025-02-15 04:00,745.017,0,0.0
2025-02-15 05:00,794.883,0,0.0
2025-02-15 06:00,917.635,0,0.0
2025-02-15 07:00,1098.931,0,0.0
2025-02-15 08:00,1176.754,0,0.0
2025-02-15 09:00,1055.161,0,0.0
2025-02-15 10:00,1027.181,0,0.0
2025-02-15 11:00,941.723,0,0.0
2025-02-15 12:00,905.657,0,0.0
2025-02-15 13:00,858.123,0,0.0
2025-02-15 14:00,888.16,0,0.0
2025-02-15 15:00,1069.441,0,0.0
2025-02-15 16:00,1316.957,1,24.41
2025-02-15 17:00,1453.806,1,35.31
2025-02-15 18:00,1479.762,1,46.88
2025-02-15 19:00,1427.363,1,25.29
2025-02-15 20:00,1325.865,1,24.99
2025-02-15 21:00,1090.549,0,0.0
2025-02-15 22:00,917.966,0,0.0
2025-02-15 23:00,850.03,0,0.0
2025-02-16 00:00,736.907,0,0.0
2025-02-16 01:00,681.684,0,0.0
2025-02-16 02:00,668.955,0,0.0
2025-02-16 03:00,681.576,0,0.0
2025-02-16 04:00,710.245,0,0.0
2025-02-16 05:00,800.208,0,0.0
2025-02-16 06:00,970.485,0,0.0
2025-02-16 07:00,1219.221,0,0.0
2025-02-16 08:00,1245.51,0,0.0
2025-02-16 09:00,1123.432,0,0.0
2025-02-16 10:00,1104.903,0,0.0
2025-02-16 11:00,1047.552,0,0.0
2025-02-16 12:00,981.775,0,0.0
2025-02-16 13:00,1002.035,0,0.0
2025-02-16 14:00,1083.037,0,0.0
2025-02-16 15:00,1199.528,0,0.0
2025-02-16 16:00,1339.799,1,25.01
2025-02-16 17:00,1390.602,1,24.77
2025-02-16 18:00,1455.782,1,34.59
2025-02-16 19:00,1481.759,1,47.09
2025-02-16 20:00,1287.883,1,25.18
2025-02-16 21:00,1116.309,0,0.0
2025-02-16 22:00,942.283,0,0.0
2025-02-16 23:00,803.992,0,0.0
2025-02-17 00:00,784.607,0,0.0
2025-02-17 01:00,757.752,0,0.0
2025-02-17 02:00,748.51,0,0.0
2025-02-17 03:00,722.44,0,0.0
2025-02-17 04:00,725.039,0,0.0
2025-02-17 05:00,829.095,0,0.0
2025-02-17 06:00,970.472,0,0.0
2025-02-17 07:00,1232.146,0,0.0
2025-02-17 08:00,1358.822,1,24.76
2025-02-17 09:00,1302.299,0,0.0
2025-02-17 10:00,1164.514,0,0.0
2025-02-17 11:00,1147.206,0,0.0
2025-02-17 12:00,1151.726,0,0.0
2025-02-17 13:00,1173.788,0,0.0
2025-02-17 14:00,1188.915,0,0.0
2025-02-17 15:00,1348.488,1,25.04
2025-02-17 16:00,1497.077,1,25.35
2025-02-17 17:00,1627.478,1,49.15
2025-02-17 18:00,1593.742,1,42.95
2025-02-17 19:00,1580.591,1,38.92
2025-02-17 20:00,1420.983,1,25.47
2025-02-17 21:00,1254.195,0,0.0
2025-02-17 22:00,1071.609,0,0.0
2025-02-17 23:00,932.417,0,0.0
2025-02-18 00:00,833.157,0,0.0
2025-02-18 01:00,804.576,0,0.0
2025-02-18 02:00,769.3,0,0.0
2025-02-18 03:00,727.01,0,0.0
2025-02-18 04:00,790.287,0,0.0
2025-02-18 05:00,855.687,0,0.0
2025-02-18 06:00,966.438,0,0.0
2025-02-18 07:00,1106.172,0,0.0
2025-02-18 08:00,1180.827,0,0.0
2025-02-18 09:00,1085.241,0,0.0
2025-02-18 10:00,951.752,0,0.0
2025-02-18 11:00,940.972,0,0.0
2025-02-18 12:00,995.376,0,0.0
2025-02-18 13:00,999.267,0,0.0
2025-02-18 14:00,1047.035,0,0.0
2025-02-18 15:00,1210.194,0,0.0
2025-02-18 16:00,1407.306,1,24.61
2025-02-18 17:00,1593.949,1,47.92
2025-02-18 18:00,1496.704,1,28.96
2025-02-18 19:00,1561.81,1,41.98
2025-02-18 20:00,1450.888,1,24.82
2025-02-18 21:00,1360.773,1,24.94
2025-02-18 22:00,1109.064,0,0.0
2025-02-18 23:00,897.652,0,0.0
2025-02-19 00:00,809.006,0,0.0
2025-02-19 01:00,757.335,0,0.0
2025-02-19 02:00,753.938,0,0.0
2025-02-19 03:00,780.406,0,0.0
2025-02-19 04:00,818.571,0,0.0
2025-02-19 05:00,899.048,0,0.0
2025-02-19 06:00,1075.528,0,0.0
2025-02-19 07:00,1243.873,1,25.03
2025-02-19 08:00,1270.335,1,25.05
2025-02-19 09:00,1197.781,0,0.0
2025-02-19 10:00,1167.311,0,0.0
2025-02-19 11:00,1168.568,0,0.0
2025-02-19 12:00,1130.863,0,0.0
2025-02-19 13:00,1048.837,0,0.0
2025-02-19 14:00,1090.081,0,0.0
2025-02-19 15:00,1172.227,0,0.0
2025-02-19 16:00,1327.529,1,24.58
2025-02-19 17:00,1432.453,1,31.46
2025-02-19 18:00,1510.596,1,48.38
2025-02-19 19:00,1423.849,1,30.15
2025-02-19 20:00,1253.796,1,25.69
2025-02-19 21:00,1167.139,0,0.0
2025-02-19 22:00,966.996,0,0.0
2025-02-19 23:00,852.114,0,0.0
2025-02-20 00:00,802.354,0,0.0
2025-02-20 01:00,784.153,0,0.0
2025-02-20 02:00,778.964,0,0.0
2025-02-20 03:00,780.79,0,0.0
2025-02-20 04:00,841.348,0,0.0
2025-02-20 05:00,969.605,0,0.0
2025-02-20 06:00,1140.217,0,0.0
2025-02-20 07:00,1238.671,0,0.0
2025-02-20 08:00,1257.566,0,0.0
2025-02-20 09:00,1174.509,0,0.0
2025-02-20 10:00,1077.765,0,0.0
2025-02-20 11:00,1116.586,0,0.0
2025-02-20 12:00,1092.553,0,0.0
2025-02-20 13:00,1099.741,0,0.0
2025-02-20 14:00,1182.898,0,0.0
2025-02-20 15:00,1280.65,0,0.0
2025-02-20 16:00,1442.715,1,24.76
2025-02-20 17:00,1619.347,1,49.33
2025-02-20 18:00,1590.403,1,43.27
2025-02-20 19:00,1527.944,1,31.99
2025-02-20 20:00,1435.014,1,24.75
2025-02-20 21:00,1247.179,0,0.0
2025-02-20 22:00,1111.508,0,0.0
2025-02-20 23:00,905.324,0,0.0
2025-02-21 00:00,766.376,0,0.0
2025-02-21 01:00,752.403,0,0.0
2025-02-21 02:00,755.547,0,0.0
2025-02-21 03:00,748.647,0,0.0
2025-02-21 04:00,804.441,0,0.0
2025-02-21 05:00,916.529,0,0.0
2025-02-21 06:00,1043.84,0,0.0
2025-02-21 07:00,1194.142,0,0.0
2025-02-21 08:00,1251.491,0,0.0
2025-02-21 09:00,1178.345,0,0.0
2025-02-21 10:00,1060.282,0,0.0
2025-02-21 11:00,1035.012,0,0.0
2025-02-21 12:00,1019.719,0,0.0
2025-02-21 13:00,1051.734,0,0.0
2025-02-21 14:00,1097.961,0,0.0
2025-02-21 15:00,1188.4,0,0.0
2025-02-21 16:00,1408.963,1,25.26
2025-02-21 17:00,1512.777,1,38.41
2025-02-21 18:00,1564.398,1,47.67
2025-02-21 19:00,1437.027,1,25.2
2025-02-21 20:00,1291.438,1,24.74
2025-02-21 21:00,1163.864,0,0.0
2025-02-21 22:00,1011.619,0,0.0
2025-02-21 23:00,902.875,0,0.0
2025-02-22 00:00,778.634,0,0.0
2025-02-22 01:00,785.657,0,0.0
2025-02-22 02:00,733.046,0,0.0
2025-02-22 03:00,687.484,0,0.0
2025-02-22 04:00,704.318,0,0.0
2025-02-22 05:00,772.173,0,0.0
2025-02-22 06:00,889.295,0,0.0
2025-02-22 07:00,1066.131,0,0.0
2025-02-22 08:00,1172.697,0,0.0
2025-02-22 09:00,1128.96,0,0.0
2025-02-22 10:00,1072.681,0,0.0
2025-02-22 11:00,1115.629,0,0.0
2025-02-22 12:00,1070.446,0,0.0
2025-02-22 13:00,1009.782,0,0.0
2025-02-22 14:00,1088.823,0,0.0
2025-02-22 15:00,1116.507,0,0.0
2025-02-22 16:00,1233.077,1,24.56
2025-02-22 17:00,1392.471,1,31.8
2025-02-22 18:00,1455.094,1,47.64
2025-02-22 19:00,1409.263,1,36.23
2025-02-22 20:00,1236.138,1,25.04
2025-02-22 21:00,1088.739,0,0.0
2025-02-22 22:00,970.569,0,0.0
2025-02-22 23:00,845.489,0,0.0
2025-02-23 00:00,739.319,0,0.0
2025-02-23 01:00,670.96,0,0.0
2025-02-23 02:00,640.247,0,0.0
2025-02-23 03:00,660.712,0,0.0
2025-02-23 04:00,717.287,0,0.0
2025-02-23 05:00,781.217,0,0.0
2025-02-23 06:00,855.785,0,0.0
2025-02-23 07:00,1046.968,0,0.0
2025-02-23 08:00,1066.933,0,0.0
2025-02-23 09:00,1017.748,0,0.0
2025-02-23 10:00,941.903,0,0.0
2025-02-23 11:00,901.357,0,0.0
2025-02-23 12:00,914.215,0,0.0
2025-02-23 13:00,1019.63,0,0.0
2025-02-23 14:00,1086.17,0,0.0
2025-02-23 15:00,1193.339,1,24.99
2025-02-23 16:00,1354.726,1,39.73
2025-02-23 17:00,1388.977,1,47.49
2025-02-23 18:00,1399.055,1,48.21
2025-02-23 19:00,1247.416,1,24.66
2025-02-23 20:00,1249.209,1,24.47
2025-02-23 21:00,1159.787,1,25.15
2025-02-23 22:00,999.321,0,0.0
2025-02-23 23:00,869.412,0,0.0
2025-02-24 00:00,784.766,0,0.0
2025-02-24 01:00,740.069,0,0.0
2025-02-24 02:00,769.897,0,0.0
2025-02-24 03:00,768.883,0,0.0
2025-02-24 04:00,795.344,0,0.0
2025-02-24 05:00,831.053,0,0.0
2025-02-24 06:00,1040.944,0,0.0
2025-02-24 07:00,1218.532,0,0.0
2025-02-24 08:00,1186.078,0,0.0
2025-02-24 09:00,1055.796,0,0.0
2025-02-24 10:00,961.47,0,0.0
2025-02-24 11:00,958.133,0,0.0
2025-02-24 12:00,973.946,0,0.0
2025-02-24 13:00,979.577,0,0.0
2025-02-24 14:00,1066.705,0,0.0
2025-02-24 15:00,1186.817,0,0.0
2025-02-24 16:00,1398.516,1,24.92
2025-02-24 17:00,1513.01,1,24.8
2025-02-24 18:00,1749.247,1,46.64
2025-02-24 19:00,1639.469,1,35.7
2025-02-24 20:00,1433.497,1,25.33
2025-02-24 21:00,1199.492,0,0.0
2025-02-24 22:00,1017.18,0,0.0
2025-02-24 23:00,833.523,0,0.0
2025-02-25 00:00,769.855,0,0.0
2025-02-25 01:00,683.213,0,0.0
2025-02-25 02:00,682.114,0,0.0
2025-02-25 03:00,658.228,0,0.0
2025-02-25 04:00,704.18,0,0.0
2025-02-25 05:00,820.583,0,0.0
2025-02-25 06:00,1064.402,0,0.0
2025-02-25 07:00,1198.094,0,0.0
2025-02-25 08:00,1239.801,0,0.0
2025-02-25 09:00,1103.998,0,0.0
2025-02-25 10:00,1014.137,0,0.0
2025-02-25 11:00,978.754,0,0.0
2025-02-25 12:00,1013.342,0,0.0
2025-02-25 13:00,1012.792,0,0.0
2025-02-25 14:00,1152.119,0,0.0
2025-02-25 15:00,1278.395,1,25.13
2025-02-25 16:00,1383.431,1,25.23
2025-02-25 17:00,1498.919,1,41.88
2025-02-25 18:00,1524.323,1,45.36
2025-02-25 19:00,1533.641,1,49.95
2025-02-25 20:00,1318.335,1,24.88
2025-02-25 21:00,1103.815,0,0.0
2025-02-25 22:00,936.51,0,0.0
2025-02-25 23:00,851.957,0,0.0
2025-02-26 00:00,810.163,0,0.0
2025-02-26 01:00,802.73,0,0.0
2025-02-26 02:00,786.837,0,0.0
2025-02-26 03:00,777.184,0,0.0
2025-02-26 04:00,840.165,0,0.0
2025-02-26 05:00,890.92,0,0.0
2025-02-26 06:00,981.595,0,0.0
2025-02-26 07:00,1183.028,0,0.0
2025-02-26 08:00,1189.13,0,0.0
2025-02-26 09:00,1092.699,0,0.0
2025-02-26 10:00,1042.957,0,0.0
2025-02-26 11:00,1037.672,0,0.0
2025-02-26 12:00,1065.32,0,0.0
2025-02-26 13:00,1104.912,0,0.0
2025-02-26 14:00,1151.311,0,0.0
2025-02-26 15:00,1241.045,0,0.0
2025-02-26 16:00,1402.725,1,24.84
2025-02-26 17:00,1504.143,1,25.88
2025-02-26 18:00,1562.295,1,33.76
2025-02-26 19:00,1661.604,1,48.07
2025-02-26 20:00,1503.241,1,25.29
2025-02-26 21:00,1312.323,1,25.4
2025-02-26 22:00,1078.014,0,0.0
2025-02-26 23:00,963.514,0,0.0
2025-02-27 00:00,879.04,0,0.0
2025-02-27 01:00,839.593,0,0.0
2025-02-27 02:00,807.962,0,0.0
2025-02-27 03:00,823.642,0,0.0
2025-02-27 04:00,893.767,0,0.0
2025-02-27 05:00,983.903,0,0.0
2025-02-27 06:00,1134.426,0,0.0
2025-02-27 07:00,1349.69,1,24.95
2025-02-27 08:00,1335.349,1,25.71
2025-02-27 09:00,1175.585,0,0.0
2025-02-27 10:00,1100.365,0,0.0
2025-02-27 11:00,1009.86,0,0.0
2025-02-27 12:00,1038.707,0,0.0
2025-02-27 13:00,1016.175,0,0.0
2025-02-27 14:00,1049.638,0,0.0
2025-02-27 15:00,1158.928,0,0.0
2025-02-27 16:00,1323.359,1,25.42
2025-02-27 17:00,1446.036,1,36.36
2025-02-27 18:00,1519.654,1,48.05
2025-02-27 19:00,1483.716,1,42.5
2025-02-27 20:00,1339.409,1,24.63
2025-02-27 21:00,1143.098,0,0.0
2025-02-27 22:00,1024.777,0,0.0
2025-02-27 23:00,826.772,0,0.0
2025-02-28 00:00,750.638,0,0.0
2025-02-28 01:00,706.931,0,0.0
2025-02-28 02:00,707.697,0,0.0
2025-02-28 03:00,676.519,0,0.0
2025-02-28 04:00,716.81,0,0.0
2025-02-28 05:00,810.332,0,0.0
2025-02-28 06:00,1009.624,0,0.0
2025-02-28 07:00,1205.552,0,0.0
2025-02-28 08:00,1200.413,0,0.0
2025-02-28 09:00,1084.108,0,0.0
2025-02-28 10:00,1065.403,0,0.0
2025-02-28 11:00,1001.871,0,0.0
2025-02-28 12:00,998.918,0,0.0
2025-02-28 13:00,1018.629,0,0.0
2025-02-28 14:00,1055.055,0,0.0
2025-02-28 15:00,1287.983,1,24.85
2025-02-28 16:00,1421.109,1,25.44
2025-02-28 17:00,1576.091,1,44.36
2025-02-28 18:00,1592.404,1,48.28
2025-02-28 19:00,1573.237,1,44.69
2025-02-28 20:00,1470.917,1,28.15
2025-02-28 21:00,1244.926,0,0.0
2025-02-28 22:00,1054.597,0,0.0
2025-02-28 23:00,886.262,0,0.0
2025-03-01 00:00,588.295,0,0.0
2025-03-01 01:00,581.858,0,0.0
2025-03-01 02:00,554.13,0,0.0
2025-03-01 03:00,508.786,0,0.0
2025-03-01 04:00,589.58,0,0.0
2025-03-01 05:00,626.152,0,0.0
2025-03-01 06:00,727.852,0,0.0
2025-03-01 07:00,869.059,1,24.94
2025-03-01 08:00,898.075,1,24.43
2025-03-01 09:00,873.672,1,24.94
2025-03-01 10:00,801.773,0,0.0
2025-03-01 11:00,743.978,0,0.0
2025-03-01 12:00,736.287,0,0.0
2025-03-01 13:00,774.922,0,0.0
2025-03-01 14:00,825.959,1,24.92
2025-03-01 15:00,867.7,0,0.0
2025-03-01 16:00,944.197,1,28.93
2025-03-01 17:00,952.032,1,30.41
2025-03-01 18:00,1020.018,1,47.51
2025-03-01 19:00,986.905,1,39.47
2025-03-01 20:00,974.431,1,36.25
2025-03-01 21:00,859.354,1,24.53
2025-03-01 22:00,721.976,0,0.0
2025-03-01 23:00,651.617,0,0.0
2025-03-02 00:00,610.415,0,0.0
2025-03-02 01:00,586.584,0,0.0
2025-03-02 02:00,569.467,0,0.0
2025-03-02 03:00,544.357,0,0.0
2025-03-02 04:00,548.543,0,0.0
2025-03-02 05:00,614.078,0,0.0
2025-03-02 06:00,759.988,0,0.0
2025-03-02 07:00,851.788,0,0.0
2025-03-02 08:00,913.066,0,0.0
2025-03-02 09:00,921.616,1,25.59
2025-03-02 10:00,883.247,0,0.0
2025-03-02 11:00,832.87,0,0.0
2025-03-02 12:00,817.732,0,0.0
2025-03-02 13:00,867.381,0,0.0
2025-03-02 14:00,911.78,0,0.0
2025-03-02 15:00,981.529,1,25.08
2025-03-02 16:00,1028.318,1,25.17
2025-03-02 17:00,1086.107,1,37.96
2025-03-02 18:00,1111.692,1,48.31
2025-03-02 19:00,1050.695,1,24.86
2025-03-02 20:00,995.631,1,25.4
2025-03-02 21:00,805.837,0,0.0
2025-03-02 22:00,708.548,0,0.0
2025-03-02 23:00,641.018,0,0.0
2025-03-03 00:00,616.425,0,0.0
2025-03-03 01:00,603.732,0,0.0
2025-03-03 02:00,573.747,0,0.0
2025-03-03 03:00,571.952,0,0.0
2025-03-03 04:00,655.831,0,0.0
2025-03-03 05:00,736.084,0,0.0
2025-03-03 06:00,864.374,0,0.0
2025-03-03 07:00,966.89,1,25.41
2025-03-03 08:00,990.821,1,24.53
2025-03-03 09:00,1028.125,1,24.93
2025-03-03 10:00,993.802,0,0.0
2025-03-03 11:00,931.492,1,24.57
2025-03-03 12:00,858.821,0,0.0
2025-03-03 13:00,893.921,0,0.0
2025-03-03 14:00,926.684,1,24.97
2025-03-03 15:00,932.883,1,24.81
2025-03-03 16:00,1028.011,1,24.19
2025-03-03 17:00,1094.82,1,32.87
2025-03-03 18:00,1157.512,1,48.4
2025-03-03 19:00,1117.111,1,37.7
2025-03-03 20:00,996.315,1,25.49
2025-03-03 21:00,904.367,0,0.0
2025-03-03 22:00,773.105,0,0.0
2025-03-03 23:00,687.574,0,0.0
2025-03-04 00:00,640.264,0,0.0
2025-03-04 01:00,632.204,0,0.0
2025-03-04 02:00,605.799,0,0.0
2025-03-04 03:00,634.907,0,0.0
2025-03-04 04:00,709.21,0,0.0
2025-03-04 05:00,740.844,0,0.0
2025-03-04 06:00,769.312,0,0.0
2025-03-04 07:00,900.987,0,0.0
2025-03-04 08:00,928.654,0,0.0
2025-03-04 09:00,885.125,0,0.0
2025-03-04 10:00,838.011,0,0.0
2025-03-04 11:00,816.664,0,0.0
2025-03-04 12:00,847.139,0,0.0
2025-03-04 13:00,871.725,0,0.0
2025-03-04 14:00,950.296,0,0.0
2025-03-04 15:00,1018.446,1,25.28
2025-03-04 16:00,1076.786,1,25.12
2025-03-04 17:00,1132.981,1,26.23
2025-03-04 18:00,1191.115,1,47.27
2025-03-04 19:00,1157.864,1,35.93
2025-03-04 20:00,1083.221,1,25.0
2025-03-04 21:00,939.708,0,0.0
2025-03-04 22:00,816.672,0,0.0
2025-03-04 23:00,744.746,0,0.0
2025-03-05 00:00,688.05,0,0.0
2025-03-05 01:00,619.602,0,0.0
2025-03-05 02:00,584.631,0,0.0
2025-03-05 03:00,583.337,0,0.0
2025-03-05 04:00,639.018,0,0.0
2025-03-05 05:00,727.186,0,0.0
2025-03-05 06:00,800.887,0,0.0
2025-03-05 07:00,877.667,0,0.0
2025-03-05 08:00,908.208,1,24.38
2025-03-05 09:00,922.623,1,25.01
2025-03-05 10:00,869.392,0,0.0
2025-03-05 11:00,841.394,0,0.0
2025-03-05 12:00,786.193,0,0.0
2025-03-05 13:00,830.499,0,0.0
2025-03-05 14:00,869.061,0,0.0
2025-03-05 15:00,908.865,1,24.5
2025-03-05 16:00,981.694,1,24.65
2025-03-05 17:00,1108.656,1,47.25
2025-03-05 18:00,1107.174,1,47.73
2025-03-05 19:00,1028.539,1,26.19
2025-03-05 20:00,995.288,1,25.2
2025-03-05 21:00,886.271,0,0.0
2025-03-05 22:00,791.883,0,0.0
2025-03-05 23:00,721.933,0,0.0
2025-03-06 00:00,678.44,0,0.0
2025-03-06 01:00,629.373,0,0.0
2025-03-06 02:00,627.13,0,0.0
2025-03-06 03:00,647.944,0,0.0
2025-03-06 04:00,704.813,0,0.0
2025-03-06 05:00,725.967,0,0.0
2025-03-06 06:00,875.544,0,0.0
2025-03-06 07:00,953.619,1,24.74
2025-03-06 08:00,959.926,1,25.04
2025-03-06 09:00,932.882,0,0.0
2025-03-06 10:00,919.792,0,0.0
2025-03-06 11:00,911.416,0,0.0
2025-03-06 12:00,876.851,0,0.0
2025-03-06 13:00,917.289,0,0.0
2025-03-06 14:00,952.904,1,24.6
2025-03-06 15:00,984.654,1,25.86
2025-03-06 16:00,1032.369,1,25.19
2025-03-06 17:00,1125.209,1,40.08
2025-03-06 18:00,1158.49,1,48.45
2025-03-06 19:00,1048.032,1,24.33
2025-03-06 20:00,995.668,1,24.81
2025-03-06 21:00,869.23,0,0.0
2025-03-06 22:00,804.752,0,0.0
2025-03-06 23:00,687.208,0,0.0
2025-03-07 00:00,648.134,0,0.0
2025-03-07 01:00,598.252,0,0.0
2025-03-07 02:00,564.068,0,0.0
2025-03-07 03:00,561.264,0,0.0
2025-03-07 04:00,644.757,0,0.0
2025-03-07 05:00,704.956,0,0.0
2025-03-07 06:00,795.782,0,0.0
2025-03-07 07:00,833.832,1,24.69
2025-03-07 08:00,825.591,0,0.0
2025-03-07 09:00,813.01,0,0.0
2025-03-07 10:00,779.889,0,0.0
2025-03-07 11:00,775.833,0,0.0
2025-03-07 12:00,707.952,0,0.0
2025-03-07 13:00,747.387,0,0.0
2025-03-07 14:00,835.767,1,25.41
2025-03-07 15:00,956.804,1,25.19
2025-03-07 16:00,964.502,1,27.03
2025-03-07 17:00,1018.142,1,42.81
2025-03-07 18:00,1036.526,1,49.04
2025-03-07 19:00,1011.405,1,39.62
2025-03-07 20:00,895.633,1,25.27
2025-03-07 21:00,863.837,1,24.72
2025-03-07 22:00,758.822,0,0.0
2025-03-07 23:00,684.599,0,0.0
2025-03-08 00:00,646.005,0,0.0
2025-03-08 01:00,604.835,0,0.0
2025-03-08 02:00,591.421,0,0.0
2025-03-08 03:00,572.508,0,0.0
2025-03-08 04:00,578.688,0,0.0
2025-03-08 05:00,620.851,0,0.0
2025-03-08 06:00,787.974,0,0.0
2025-03-08 07:00,893.958,1,25.32
2025-03-08 08:00,932.307,1,24.85
2025-03-08 09:00,876.366,1,25.23
2025-03-08 10:00,866.524,1,24.78
2025-03-08 11:00,803.885,0,0.0
2025-03-08 12:00,745.083,0,0.0
2025-03-08 13:00,755.886,0,0.0
2025-03-08 14:00,858.972,1,24.98
2025-03-08 15:00,972.04,1,30.58
2025-03-08 16:00,1020.314,1,39.59
2025-03-08 17:00,1061.727,1,47.9
2025-03-08 18:00,1033.207,1,42.6
2025-03-08 19:00,994.176,1,34.4
2025-03-08 20:00,920.073,1,25.16
2025-03-08 21:00,842.721,1,24.82
2025-03-08 22:00,757.41,0,0.0
2025-03-08 23:00,674.457,0,0.0
2025-03-09 00:00,647.399,0,0.0
2025-03-09 01:00,591.841,0,0.0
2025-03-09 02:00,583.815,0,0.0
2025-03-09 03:00,571.126,0,0.0
2025-03-09 04:00,616.238,0,0.0
2025-03-09 05:00,677.149,0,0.0
2025-03-09 06:00,784.891,0,0.0
2025-03-09 07:00,895.966,1,25.28
2025-03-09 08:00,876.564,0,0.0
2025-03-09 09:00,828.869,0,0.0
2025-03-09 10:00,794.582,0,0.0
2025-03-09 11:00,743.696,0,0.0
2025-03-09 12:00,729.321,0,0.0
2025-03-09 13:00,747.953,0,0.0
2025-03-09 14:00,832.906,0,0.0
2025-03-09 15:00,893.568,1,25.43
2025-03-09 16:00,1001.645,1,24.68
2025-03-09 17:00,1081.168,1,43.97
2025-03-09 18:00,1091.662,1,46.97
2025-03-09 19:00,1041.764,1,33.65
2025-03-09 20:00,974.462,1,25.29
2025-03-09 21:00,894.094,1,25.47
2025-03-09 22:00,767.521,0,0.0
2025-03-09 23:00,648.521,0,0.0
2025-03-10 00:00,614.585,0,0.0
2025-03-10 01:00,580.483,0,0.0
2025-03-10 02:00,521.049,0,0.0
2025-03-10 03:00,574.374,0,0.0
2025-03-10 04:00,629.738,0,0.0
2025-03-10 05:00,672.453,0,0.0
2025-03-10 06:00,755.749,0,0.0
2025-03-10 07:00,888.05,0,0.0
2025-03-10 08:00,892.037,0,0.0
2025-03-10 09:00,850.764,0,0.0
2025-03-10 10:00,805.465,0,0.0
2025-03-10 11:00,806.666,0,0.0
2025-03-10 12:00,818.95,0,0.0
2025-03-10 13:00,879.576,0,0.0
2025-03-10 14:00,949.423,1,24.88
2025-03-10 15:00,1001.01,1,24.97
2025-03-10 16:00,1109.83,1,34.2
2025-03-10 17:00,1151.076,1,47.67
2025-03-10 18:00,1110.155,1,34.67
2025-03-10 19:00,1037.417,1,25.23
2025-03-10 20:00,929.647,0,0.0
2025-03-10 21:00,816.496,0,0.0
2025-03-10 22:00,697.712,0,0.0
2025-03-10 23:00,631.091,0,0.0
2025-03-11 00:00,623.175,0,0.0
2025-03-11 01:00,631.769,0,0.0
2025-03-11 02:00,574.818,0,0.0
2025-03-11 03:00,553.096,0,0.0
2025-03-11 04:00,579.92,0,0.0
2025-03-11 05:00,662.357,0,0.0
2025-03-11 06:00,771.905,0,0.0
2025-03-11 07:00,847.106,0,0.0
2025-03-11 08:00,917.708,0,0.0
2025-03-11 09:00,935.506,0,0.0
2025-03-11 10:00,895.388,0,0.0
2025-03-11 11:00,850.477,0,0.0
2025-03-11 12:00,843.642,0,0.0
2025-03-11 13:00,856.809,0,0.0
2025-03-11 14:00,889.04,0,0.0
2025-03-11 15:00,931.059,0,0.0
2025-03-11 16:00,1044.49,1,25.3
2025-03-11 17:00,1129.602,1,24.66
2025-03-11 18:00,1207.414,1,47.66
2025-03-11 19:00,1190.399,1,41.17
2025-03-11 20:00,1088.712,1,24.53
2025-03-11 21:00,936.073,1,25.0
2025-03-11 22:00,837.575,0,0.0
2025-03-11 23:00,757.312,0,0.0
2025-03-12 00:00,767.08,0,0.0
2025-03-12 01:00,712.302,0,0.0
2025-03-12 02:00,690.232,0,0.0
2025-03-12 03:00,681.199,0,0.0
2025-03-12 04:00,707.128,0,0.0
2025-03-12 05:00,750.752,0,0.0
2025-03-12 06:00,870.367,0,0.0
2025-03-12 07:00,976.842,1,24.95
2025-03-12 08:00,1043.024,1,24.55
2025-03-12 09:00,1015.185,1,24.76
2025-03-12 10:00,944.226,1,25.69
2025-03-12 11:00,904.589,0,0.0
2025-03-12 12:00,839.542,0,0.0
2025-03-12 13:00,911.118,0,0.0
2025-03-12 14:00,925.963,1,24.87
2025-03-12 15:00,1013.238,1,25.06
2025-03-12 16:00,1093.53,1,29.79
2025-03-12 17:00,1174.844,1,43.34
2025-03-12 18:00,1199.159,1,47.44
2025-03-12 19:00,1102.328,1,32.06
2025-03-12 20:00,972.586,1,24.92
2025-03-12 21:00,921.234,1,24.61
2025-03-12 22:00,801.793,0,0.0
2025-03-12 23:00,747.005,0,0.0
2025-03-13 00:00,730.826,0,0.0
2025-03-13 01:00,668.507,0,0.0
2025-03-13 02:00,649.595,0,0.0
2025-03-13 03:00,642.673,0,0.0
2025-03-13 04:00,649.723,0,0.0
2025-03-13 05:00,701.325,0,0.0
2025-03-13 06:00,831.62,0,0.0
2025-03-13 07:00,908.925,1,24.59
2025-03-13 08:00,936.002,1,24.59
2025-03-13 09:00,913.526,1,24.96
2025-03-13 10:00,944.445,1,24.79
2025-03-13 11:00,858.823,0,0.0
2025-03-13 12:00,857.236,0,0.0
2025-03-13 13:00,867.592,0,0.0
2025-03-13 14:00,885.556,0,0.0
2025-03-13 15:00,935.949,1,24.99
2025-03-13 16:00,1039.425,1,25.5
2025-03-13 17:00,1143.703,1,41.11
2025-03-13 18:00,1185.024,1,47.6
2025-03-13 19:00,1163.581,1,43.9
2025-03-13 20:00,1097.059,1,33.52
2025-03-13 21:00,983.341,1,25.53
2025-03-13 22:00,828.284,0,0.0
2025-03-13 23:00,751.142,0,0.0
2025-03-14 00:00,713.494,0,0.0
2025-03-14 01:00,646.256,0,0.0
2025-03-14 02:00,589.643,0,0.0
2025-03-14 03:00,549.666,0,0.0
2025-03-14 04:00,596.336,0,0.0
2025-03-14 05:00,665.539,0,0.0
2025-03-14 06:00,747.105,0,0.0
2025-03-14 07:00,880.707,0,0.0
2025-03-14 08:00,927.705,1,24.64
2025-03-14 09:00,956.303,1,25.11
2025-03-14 10:00,923.869,0,0.0
2025-03-14 11:00,865.711,0,0.0
2025-03-14 12:00,861.468,0,0.0
2025-03-14 13:00,899.287,1,24.89
2025-03-14 14:00,915.635,1,25.04
2025-03-14 15:00,922.811,1,25.51
2025-03-14 16:00,1007.14,1,25.03
2025-03-14 17:00,1047.851,1,27.87
2025-03-14 18:00,1141.548,1,48.27
2025-03-14 19:00,1072.038,1,33.64
2025-03-14 20:00,1044.471,1,26.91
2025-03-14 21:00,853.522,0,0.0
2025-03-14 22:00,753.923,0,0.0
2025-03-14 23:00,719.038,0,0.0
2025-03-15 00:00,616.984,0,0.0
2025-03-15 01:00,579.455,0,0.0
2025-03-15 02:00,555.229,0,0.0
2025-03-15 03:00,544.166,0,0.0
2025-03-15 04:00,588.199,0,0.0
2025-03-15 05:00,613.551,0,0.0
2025-03-15 06:00,719.469,0,0.0
2025-03-15 07:00,827.754,0,0.0
2025-03-15 08:00,860.508,0,0.0
2025-03-15 09:00,817.942,0,0.0
2025-03-15 10:00,824.053,0,0.0
2025-03-15 11:00,829.624,0,0.0
2025-03-15 12:00,780.47,0,0.0
2025-03-15 13:00,764.483,0,0.0
2025-03-15 14:00,779.432,0,0.0
2025-03-15 15:00,859.772,0,0.0
2025-03-15 16:00,945.934,1,25.1
2025-03-15 17:00,1050.111,1,37.79
2025-03-15 18:00,1073.293,1,49.3
2025-03-15 19:00,989.203,1,24.89
2025-03-15 20:00,941.331,1,25.17
2025-03-15 21:00,818.863,0,0.0
2025-03-15 22:00,721.85,0,0.0
2025-03-15 23:00,616.973,0,0.0
2025-03-16 00:00,578.266,0,0.0
2025-03-16 01:00,573.541,0,0.0
2025-03-16 02:00,544.283,0,0.0
2025-03-16 03:00,565.054,0,0.0
2025-03-16 04:00,551.852,0,0.0
2025-03-16 05:00,598.079,0,0.0
2025-03-16 06:00,703.107,0,0.0
2025-03-16 07:00,849.448,0,0.0
2025-03-16 08:00,849.329,0,0.0
2025-03-16 09:00,859.964,0,0.0
2025-03-16 10:00,857.888,0,0.0
2025-03-16 11:00,815.183,0,0.0
2025-03-16 12:00,787.6,0,0.0
2025-03-16 13:00,811.596,0,0.0
2025-03-16 14:00,803.911,0,0.0
2025-03-16 15:00,849.322,0,0.0
2025-03-16 16:00,970.969,1,24.74
2025-03-16 17:00,1062.305,1,40.46
2025-03-16 18:00,1090.067,1,48.1
2025-03-16 19:00,1039.774,1,33.68
2025-03-16 20:00,968.069,1,24.86
2025-03-16 21:00,877.12,1,25.0
2025-03-16 22:00,744.549,0,0.0
2025-03-16 23:00,704.86,0,0.0
2025-03-17 00:00,731.444,0,0.0
2025-03-17 01:00,692.778,0,0.0
2025-03-17 02:00,642.04,0,0.0
2025-03-17 03:00,613.89,0,0.0
2025-03-17 04:00,643.359,0,0.0
2025-03-17 05:00,701.683,0,0.0
2025-03-17 06:00,764.831,0,0.0
2025-03-17 07:00,879.398,0,0.0
2025-03-17 08:00,964.199,1,24.73
2025-03-17 09:00,960.531,1,24.81
2025-03-17 10:00,894.6,0,0.0
2025-03-17 11:00,850.51,0,0.0
2025-03-17 12:00,844.55,0,0.0
2025-03-17 13:00,860.008,0,0.0
2025-03-17 14:00,913.535,0,0.0
2025-03-17 15:00,990.051,1,24.38
2025-03-17 16:00,1102.74,1,34.63
2025-03-17 17:00,1126.811,1,39.37
2025-03-17 18:00,1172.142,1,48.71
2025-03-17 19:00,1097.571,1,33.79
2025-03-17 20:00,999.572,1,25.3
2025-03-17 21:00,913.947,0,0.0
2025-03-17 22:00,819.922,0,0.0
2025-03-17 23:00,767.118,0,0.0
2025-03-18 00:00,724.179,0,0.0
2025-03-18 01:00,669.946,0,0.0
2025-03-18 02:00,636.397,0,0.0
2025-03-18 03:00,594.112,0,0.0
2025-03-18 04:00,663.67,0,0.0
2025-03-18 05:00,710.425,0,0.0
2025-03-18 06:00,837.967,0,0.0
2025-03-18 07:00,952.204,0,0.0
2025-03-18 08:00,942.473,0,0.0
2025-03-18 09:00,894.374,0,0.0
2025-03-18 10:00,911.801,0,0.0
2025-03-18 11:00,897.381,0,0.0
2025-03-18 12:00,855.896,0,0.0
2025-03-18 13:00,870.34,0,0.0
2025-03-18 14:00,942.833,0,0.0
2025-03-18 15:00,1026.816,1,25.43
2025-03-18 16:00,1042.027,1,25.13
2025-03-18 17:00,1181.56,1,37.37
2025-03-18 18:00,1248.652,1,47.29
2025-03-18 19:00,1165.333,1,35.29
2025-03-18 20:00,1011.958,1,25.17
2025-03-18 21:00,928.859,0,0.0
2025-03-18 22:00,817.095,1,25.0
2025-03-18 23:00,694.998,0,0.0
2025-03-19 00:00,652.985,0,0.0
2025-03-19 01:00,685.668,0,0.0
2025-03-19 02:00,654.61,0,0.0
2025-03-19 03:00,630.098,0,0.0
2025-03-19 04:00,642.118,0,0.0
2025-03-19 05:00,742.533,0,0.0
2025-03-19 06:00,878.305,1,24.31
2025-03-19 07:00,1012.297,1,29.53
2025-03-19 08:00,1043.284,1,36.41
2025-03-19 09:00,1046.083,1,38.2
2025-03-19 10:00,956.524,1,25.58
2025-03-19 11:00,929.378,1,25.36
2025-03-19 12:00,907.434,1,25.47
2025-03-19 13:00,959.53,0,0.0
2025-03-19 14:00,994.741,1,25.65
2025-03-19 15:00,1019.328,1,31.09
2025-03-19 16:00,1091.171,1,45.68
2025-03-19 17:00,1095.356,1,47.2
2025-03-19 18:00,1042.701,1,36.34
2025-03-19 19:00,1042.57,1,36.68
2025-03-19 20:00,948.662,1,25.05
2025-03-19 21:00,841.865,0,0.0
2025-03-19 22:00,764.498,0,0.0
2025-03-19 23:00,726.069,0,0.0
2025-03-20 00:00,694.864,0,0.0
2025-03-20 01:00,691.848,0,0.0
2025-03-20 02:00,669.834,0,0.0
2025-03-20 03:00,664.722,0,0.0
2025-03-20 04:00,700.421,0,0.0
2025-03-20 05:00,719.595,0,0.0
2025-03-20 06:00,859.531,0,0.0
2025-03-20 07:00,872.565,0,0.0
2025-03-20 08:00,896.283,1,24.25
2025-03-20 09:00,887.981,1,25.44
2025-03-20 10:00,833.996,0,0.0
2025-03-20 11:00,812.316,0,0.0
2025-03-20 12:00,859.818,0,0.0
2025-03-20 13:00,911.131,1,25.36
2025-03-20 14:00,921.373,1,24.45
2025-03-20 15:00,960.676,1,24.93
2025-03-20 16:00,990.429,1,25.47
2025-03-20 17:00,1099.841,1,41.23
2025-03-20 18:00,1130.224,1,47.74
2025-03-20 19:00,1003.282,1,24.85
2025-03-20 20:00,935.923,1,25.21
2025-03-20 21:00,854.414,0,0.0
2025-03-20 22:00,777.066,0,0.0
2025-03-20 23:00,699.32,0,0.0
2025-03-21 00:00,653.076,0,0.0
2025-03-21 01:00,660.813,0,0.0
2025-03-21 02:00,634.636,0,0.0
2025-03-21 03:00,644.71,0,0.0
2025-03-21 04:00,665.414,0,0.0
2025-03-21 05:00,736.789,0,0.0
2025-03-21 06:00,807.2,0,0.0
2025-03-21 07:00,887.749,0,0.0
2025-03-21 08:00,888.645,0,0.0
2025-03-21 09:00,861.455,0,0.0
2025-03-21 10:00,876.673,0,0.0
2025-03-21 11:00,841.672,0,0.0
2025-03-21 12:00,849.937,0,0.0
2025-03-21 13:00,915.444,0,0.0
2025-03-21 14:00,946.0,0,0.0
2025-03-21 15:00,1031.585,1,25.79
2025-03-21 16:00,1119.031,1,24.72
2025-03-21 17:00,1189.954,1,29.42
2025-03-21 18:00,1247.044,1,48.14
2025-03-21 19:00,1240.653,1,46.77
2025-03-21 20:00,1087.868,1,24.63
2025-03-21 21:00,921.36,0,0.0
2025-03-21 22:00,771.132,0,0.0
2025-03-21 23:00,721.108,0,0.0
2025-03-22 00:00,662.524,0,0.0
2025-03-22 01:00,606.897,0,0.0
2025-03-22 02:00,542.508,0,0.0
2025-03-22 03:00,533.915,0,0.0
2025-03-22 04:00,585.689,0,0.0
2025-03-22 05:00,639.628,0,0.0
2025-03-22 06:00,752.123,0,0.0
2025-03-22 07:00,826.569,0,0.0
2025-03-22 08:00,897.778,0,0.0
2025-03-22 09:00,888.893,0,0.0
2025-03-22 10:00,866.868,0,0.0
2025-03-22 11:00,847.62,0,0.0
2025-03-22 12:00,838.787,0,0.0
2025-03-22 13:00,863.583,0,0.0
2025-03-22 14:00,864.941,0,0.0
2025-03-22 15:00,928.801,0,0.0
2025-03-22 16:00,1024.652,1,25.56
2025-03-22 17:00,1132.77,1,33.94
2025-03-22 18:00,1171.573,1,48.07
2025-03-22 19:00,1064.366,1,25.59
2025-03-22 20:00,940.535,0,0.0
2025-03-22 21:00,821.747,0,0.0
2025-03-22 22:00,723.988,0,0.0
2025-03-22 23:00,651.458,0,0.0
2025-03-23 00:00,592.939,0,0.0
2025-03-23 01:00,540.916,0,0.0
2025-03-23 02:00,490.79,0,0.0
2025-03-23 03:00,442.778,0,0.0
2025-03-23 04:00,491.893,0,0.0
2025-03-23 05:00,610.94,0,0.0
2025-03-23 06:00,768.077,0,0.0
2025-03-23 07:00,827.573,1,25.01
2025-03-23 08:00,871.721,1,25.74
2025-03-23 09:00,812.779,1,25.01
2025-03-23 10:00,751.421,0,0.0
2025-03-23 11:00,716.1,0,0.0
2025-03-23 12:00,712.267,0,0.0
2025-03-23 13:00,739.164,0,0.0
2025-03-23 14:00,793.784,1,24.82
2025-03-23 15:00,876.023,1,24.8
2025-03-23 16:00,939.323,1,30.7
2025-03-23 17:00,1016.591,1,48.1
2025-03-23 18:00,1015.707,1,47.97
2025-03-23 19:00,929.141,1,29.3
2025-03-23 20:00,816.508,1,25.09
2025-03-23 21:00,763.305,0,0.0
2025-03-23 22:00,668.715,0,0.0
2025-03-23 23:00,570.25,0,0.0
2025-03-24 00:00,588.374,0,0.0
2025-03-24 01:00,540.047,0,0.0
2025-03-24 02:00,573.677,0,0.0
2025-03-24 03:00,567.192,0,0.0
2025-03-24 04:00,625.386,0,0.0
2025-03-24 05:00,710.853,0,0.0
2025-03-24 06:00,796.751,0,0.0
2025-03-24 07:00,895.3,0,0.0
2025-03-24 08:00,953.464,0,0.0
2025-03-24 09:00,936.938,0,0.0
2025-03-24 10:00,908.345,0,0.0
2025-03-24 11:00,845.226,0,0.0
2025-03-24 12:00,847.891,0,0.0
2025-03-24 13:00,852.662,0,0.0
2025-03-24 14:00,904.273,0,0.0
2025-03-24 15:00,992.737,0,0.0
2025-03-24 16:00,1089.696,1,24.31
2025-03-24 17:00,1173.231,1,31.48
2025-03-24 18:00,1228.494,1,48.21
2025-03-24 19:00,1181.934,1,32.6
2025-03-24 20:00,1118.771,1,25.3
2025-03-24 21:00,972.644,0,0.0
2025-03-24 22:00,839.926,0,0.0
2025-03-24 23:00,770.487,0,0.0
2025-03-25 00:00,705.548,0,0.0
2025-03-25 01:00,628.75,0,0.0
2025-03-25 02:00,619.46,0,0.0
2025-03-25 03:00,612.639,0,0.0
2025-03-25 04:00,622.423,0,0.0
2025-03-25 05:00,693.782,0,0.0
2025-03-25 06:00,848.47,0,0.0
2025-03-25 07:00,888.385,0,0.0
2025-03-25 08:00,963.092,0,0.0
2025-03-25 09:00,858.548,0,0.0
2025-03-25 10:00,822.975,0,0.0
2025-03-25 11:00,873.342,0,0.0
2025-03-25 12:00,844.135,0,0.0
2025-03-25 13:00,867.074,0,0.0
2025-03-25 14:00,929.753,0,0.0
2025-03-25 15:00,925.839,0,0.0
2025-03-25 16:00,1008.79,1,24.85
2025-03-25 17:00,1090.941,1,24.75
2025-03-25 18:00,1208.049,1,48.79
2025-03-25 19:00,1092.043,1,24.89
2025-03-25 20:00,985.495,0,0.0
2025-03-25 21:00,847.877,0,0.0
2025-03-25 22:00,718.121,0,0.0
2025-03-25 23:00,685.14,0,0.0
2025-03-26 00:00,651.338,0,0.0
2025-03-26 01:00,603.887,0,0.0
2025-03-26 02:00,578.252,0,0.0
2025-03-26 03:00,571.274,0,0.0
2025-03-26 04:00,602.914,0,0.0
2025-03-26 05:00,633.101,0,0.0
2025-03-26 06:00,742.492,0,0.0
2025-03-26 07:00,831.79,0,0.0
2025-03-26 08:00,855.771,0,0.0
2025-03-26 09:00,859.715,0,0.0
2025-03-26 10:00,843.831,0,0.0
2025-03-26 11:00,817.012,0,0.0
2025-03-26 12:00,804.44,0,0.0
2025-03-26 13:00,896.857,0,0.0
2025-03-26 14:00,998.416,1,25.49
2025-03-26 15:00,1008.047,1,24.91
2025-03-26 16:00,1045.533,1,26.09
2025-03-26 17:00,1079.333,1,31.91
2025-03-26 18:00,1165.659,1,47.98
2025-03-26 19:00,1091.169,1,34.17
2025-03-26 20:00,1006.656,1,25.53
2025-03-26 21:00,954.371,1,24.68
2025-03-26 22:00,822.116,0,0.0
2025-03-26 23:00,751.771,0,0.0
2025-03-27 00:00,714.474,0,0.0
2025-03-27 01:00,651.986,0,0.0
2025-03-27 02:00,649.937,0,0.0
2025-03-27 03:00,623.981,0,0.0
2025-03-27 04:00,689.697,0,0.0
2025-03-27 05:00,727.14,0,0.0
2025-03-27 06:00,825.862,0,0.0
2025-03-27 07:00,884.906,0,0.0
2025-03-27 08:00,895.627,0,0.0
2025-03-27 09:00,872.852,0,0.0
2025-03-27 10:00,770.972,0,0.0
2025-03-27 11:00,768.393,0,0.0
2025-03-27 12:00,754.59,0,0.0
2025-03-27 13:00,813.355,0,0.0
2025-03-27 14:00,872.978,0,0.0
2025-03-27 15:00,910.467,0,0.0
2025-03-27 16:00,975.857,1,25.14
2025-03-27 17:00,1050.288,1,25.28
2025-03-27 18:00,1158.371,1,48.27
2025-03-27 19:00,1069.2,1,26.65
2025-03-27 20:00,956.5,1,25.23
2025-03-27 21:00,820.557,0,0.0
2025-03-27 22:00,686.417,0,0.0
2025-03-27 23:00,641.565,0,0.0
2025-03-28 00:00,621.626,0,0.0
2025-03-28 01:00,621.114,0,0.0
2025-03-28 02:00,625.012,0,0.0
2025-03-28 03:00,672.39,0,0.0
2025-03-28 04:00,700.021,0,0.0
2025-03-28 05:00,744.368,0,0.0
2025-03-28 06:00,818.851,0,0.0
2025-03-28 07:00,935.266,0,0.0
2025-03-28 08:00,973.191,0,0.0
2025-03-28 09:00,970.186,0,0.0
2025-03-28 10:00,887.772,0,0.0
2025-03-28 11:00,879.962,0,0.0
2025-03-28 12:00,865.353,0,0.0
2025-03-28 13:00,886.356,0,0.0
2025-03-28 14:00,900.256,0,0.0
2025-03-28 15:00,998.339,1,25.43
2025-03-28 16:00,1144.998,1,26.88
2025-03-28 17:00,1164.835,1,32.8
2025-03-28 18:00,1224.541,1,46.8
2025-03-28 19:00,1041.791,1,25.33
2025-03-28 20:00,984.721,0,0.0
2025-03-28 21:00,817.983,0,0.0
2025-03-28 22:00,710.578,0,0.0
2025-03-28 23:00,619.725,0,0.0
2025-03-29 00:00,559.28,0,0.0
2025-03-29 01:00,555.355,0,0.0
2025-03-29 02:00,507.079,0,0.0
2025-03-29 03:00,511.147,0,0.0
2025-03-29 04:00,543.379,0,0.0
2025-03-29 05:00,639.847,0,0.0
2025-03-29 06:00,759.066,0,0.0
2025-03-29 07:00,813.375,0,0.0
2025-03-29 08:00,840.247,1,25.06
2025-03-29 09:00,879.681,1,25.09
2025-03-29 10:00,863.367,1,25.19
2025-03-29 11:00,813.943,0,0.0
2025-03-29 12:00,789.589,0,0.0
2025-03-29 13:00,802.469,0,0.0
2025-03-29 14:00,824.311,0,0.0
2025-03-29 15:00,827.224,0,0.0
2025-03-29 16:00,884.496,1,25.0
2025-03-29 17:00,1018.085,1,39.41
2025-03-29 18:00,1044.052,1,48.38
2025-03-29 19:00,996.083,1,34.68
2025-03-29 20:00,920.792,1,25.39
2025-03-29 21:00,885.066,1,25.36
2025-03-29 22:00,764.669,0,0.0
2025-03-29 23:00,709.591,0,0.0
2025-03-30 00:00,649.489,0,0.0
2025-03-30 01:00,602.527,0,0.0
2025-03-30 02:00,581.857,0,0.0
2025-03-30 03:00,564.2,0,0.0
2025-03-30 04:00,596.159,0,0.0
2025-03-30 05:00,670.975,0,0.0
2025-03-30 06:00,755.729,0,0.0
2025-03-30 07:00,845.519,0,0.0
2025-03-30 08:00,904.455,1,25.18
2025-03-30 09:00,858.621,0,0.0
2025-03-30 10:00,857.957,0,0.0
2025-03-30 11:00,837.999,0,0.0
2025-03-30 12:00,811.744,0,0.0
2025-03-30 13:00,770.238,0,0.0
2025-03-30 14:00,801.647,0,0.0
2025-03-30 15:00,873.61,0,0.0
2025-03-30 16:00,1008.522,1,24.46
2025-03-30 17:00,1097.0,1,36.07
2025-03-30 18:00,1168.229,1,47.69
2025-03-30 19:00,1052.949,1,29.98
2025-03-30 20:00,954.577,1,25.1
2025-03-30 21:00,880.435,0,0.0
2025-03-30 22:00,738.458,0,0.0
2025-03-30 23:00,687.228,0,0.0
2025-03-31 00:00,703.373,0,0.0
2025-03-31 01:00,662.273,0,0.0
2025-03-31 02:00,628.688,0,0.0
2025-03-31 03:00,603.661,0,0.0
2025-03-31 04:00,681.804,0,0.0
2025-03-31 05:00,749.991,0,0.0
2025-03-31 06:00,870.963,0,0.0
2025-03-31 07:00,947.679,1,24.71
2025-03-31 08:00,981.122,1,24.36
2025-03-31 09:00,960.761,1,25.35
2025-03-31 10:00,928.289,1,25.03
2025-03-31 11:00,924.145,1,24.5
2025-03-31 12:00,871.345,0,0.0
2025-03-31 13:00,842.437,0,0.0
2025-03-31 14:00,887.089,0,0.0
2025-03-31 15:00,887.63,0,0.0
2025-03-31 16:00,960.578,1,25.26
2025-03-31 17:00,1026.114,1,24.7
2025-03-31 18:00,1097.69,1,39.52
2025-03-31 19:00,1129.689,1,49.74
2025-03-31 20:00,958.809,1,25.04
2025-03-31 21:00,928.211,1,24.96
2025-03-31 22:00,797.356,0,0.0
2025-03-31 23:00,724.66,0,0.0
2025-04-01 00:00,613.488,0,0.0
2025-04-01 01:00,601.31,0,0.0
2025-04-01 02:00,582.118,0,0.0
2025-04-01 03:00,579.257,0,0.0
2025-04-01 04:00,572.99,0,0.0
2025-04-01 05:00,632.291,0,0.0
2025-04-01 06:00,763.965,0,0.0
2025-04-01 07:00,846.915,1,24.97
2025-04-01 08:00,921.383,1,25.47
2025-04-01 09:00,933.171,1,25.07
2025-04-01 10:00,866.587,1,24.39
2025-04-01 11:00,889.756,1,25.63
2025-04-01 12:00,860.076,1,24.94
2025-04-01 13:00,870.651,1,24.17
2025-04-01 14:00,902.682,1,24.41
2025-04-01 15:00,953.078,1,25.43
2025-04-01 16:00,929.443,1,24.41
2025-04-01 17:00,1000.9,1,42.01
2025-04-01 18:00,993.045,1,38.45
2025-04-01 19:00,1020.339,1,48.52
2025-04-01 20:00,988.088,1,36.52
2025-04-01 21:00,895.111,1,25.2
2025-04-01 22:00,766.327,0,0.0
2025-04-01 23:00,662.975,0,0.0
2025-04-02 00:00,612.651,0,0.0
2025-04-02 01:00,620.226,0,0.0
2025-04-02 02:00,582.443,0,0.0
2025-04-02 03:00,533.509,0,0.0
2025-04-02 04:00,596.373,0,0.0
2025-04-02 05:00,686.245,0,0.0
2025-04-02 06:00,837.305,0,0.0
2025-04-02 07:00,952.395,0,0.0
2025-04-02 08:00,1012.336,1,24.81
2025-04-02 09:00,973.092,0,0.0
2025-04-02 10:00,855.706,0,0.0
2025-04-02 11:00,835.836,0,0.0
2025-04-02 12:00,833.077,0,0.0
2025-04-02 13:00,842.686,0,0.0
2025-04-02 14:00,870.335,0,0.0
2025-04-02 15:00,891.86,0,0.0
2025-04-02 16:00,931.444,0,0.0
2025-04-02 17:00,1077.497,1,25.38
2025-04-02 18:00,1181.799,1,48.37
2025-04-02 19:00,1108.284,1,25.19
2025-04-02 20:00,1010.648,1,25.48
2025-04-02 21:00,857.523,0,0.0
2025-04-02 22:00,762.081,0,0.0
2025-04-02 23:00,724.02,0,0.0
2025-04-03 00:00,640.88,0,0.0
2025-04-03 01:00,611.463,0,0.0
2025-04-03 02:00,600.17,0,0.0
2025-04-03 03:00,605.875,0,0.0
2025-04-03 04:00,672.479,0,0.0
2025-04-03 05:00,766.578,0,0.0
2025-04-03 06:00,862.847,1,24.99
2025-04-03 07:00,964.789,1,24.77
2025-04-03 08:00,987.907,1,26.38
2025-04-03 09:00,932.421,1,25.49
2025-04-03 10:00,892.861,1,24.58
2025-04-03 11:00,884.212,1,25.02
2025-04-03 12:00,860.47,1,25.6
2025-04-03 13:00,844.14,0,0.0
2025-04-03 14:00,863.073,1,24.85
2025-04-03 15:00,901.779,1,25.32
2025-04-03 16:00,945.707,1,24.9
2025-04-03 17:00,1033.662,1,36.62
2025-04-03 18:00,1088.957,1,47.57
2025-04-03 19:00,1071.604,1,43.9
2025-04-03 20:00,945.321,1,25.3
2025-04-03 21:00,821.902,0,0.0
2025-04-03 22:00,760.038,0,0.0
2025-04-03 23:00,677.884,0,0.0
2025-04-04 00:00,639.302,0,0.0
2025-04-04 01:00,597.027,0,0.0
2025-04-04 02:00,600.606,0,0.0
2025-04-04 03:00,619.153,0,0.0
2025-04-04 04:00,672.761,0,0.0
2025-04-04 05:00,720.227,0,0.0
2025-04-04 06:00,801.455,0,0.0
2025-04-04 07:00,946.263,0,0.0
2025-04-04 08:00,996.279,1,24.9
2025-04-04 09:00,944.538,0,0.0
2025-04-04 10:00,936.359,0,0.0
2025-04-04 11:00,884.317,0,0.0
2025-04-04 12:00,894.225,0,0.0
2025-04-04 13:00,940.465,0,0.0
2025-04-04 14:00,931.716,0,0.0
2025-04-04 15:00,994.755,1,25.21
2025-04-04 16:00,1083.935,1,25.91
2025-04-04 17:00,1240.359,1,47.63
2025-04-04 18:00,1219.826,1,43.13
2025-04-04 19:00,1190.108,1,38.16
2025-04-04 20:00,1063.184,1,25.13
2025-04-04 21:00,888.051,0,0.0
2025-04-04 22:00,764.321,0,0.0
2025-04-04 23:00,684.926,0,0.0
2025-04-05 00:00,583.621,0,0.0
2025-04-05 01:00,557.286,0,0.0
2025-04-05 02:00,558.15,0,0.0
2025-04-05 03:00,559.137,0,0.0
2025-04-05 04:00,579.318,0,0.0
2025-04-05 05:00,625.834,0,0.0
2025-04-05 06:00,726.583,0,0.0
2025-04-05 07:00,816.669,0,0.0
2025-04-05 08:00,881.772,1,25.08
2025-04-05 09:00,864.919,0,0.0
2025-04-05 10:00,783.858,0,0.0
2025-04-05 11:00,753.232,0,0.0
2025-04-05 12:00,744.981,0,0.0
2025-04-05 13:00,794.312,0,0.0
2025-04-05 14:00,861.805,0,0.0
2025-04-05 15:00,958.71,1,25.53
2025-04-05 16:00,1018.69,1,27.72
2025-04-05 17:00,1101.388,1,48.69
2025-04-05 18:00,1066.316,1,38.95
2025-04-05 19:00,1021.814,1,28.13
2025-04-05 20:00,892.675,1,25.83
2025-04-05 21:00,789.81,0,0.0
2025-04-05 22:00,762.392,0,0.0
2025-04-05 23:00,682.902,0,0.0
2025-04-06 00:00,617.952,0,0.0
2025-04-06 01:00,585.688,0,0.0
2025-04-06 02:00,552.925,0,0.0
2025-04-06 03:00,532.249,0,0.0
2025-04-06 04:00,608.877,0,0.0
2025-04-06 05:00,678.704,0,0.0
2025-04-06 06:00,785.836,0,0.0
2025-04-06 07:00,853.678,0,0.0
2025-04-06 08:00,871.534,0,0.0
2025-04-06 09:00,893.372,1,25.48
2025-04-06 10:00,853.57,0,0.0
2025-04-06 11:00,740.868,0,0.0
2025-04-06 12:00,794.848,0,0.0
2025-04-06 13:00,810.607,0,0.0
2025-04-06 14:00,848.754,0,0.0
2025-04-06 15:00,926.667,1,25.08
2025-04-06 16:00,1001.202,1,24.88
2025-04-06 17:00,1085.435,1,46.8
2025-04-06 18:00,1089.837,1,48.32
2025-04-06 19:00,983.436,1,25.44
2025-04-06 20:00,906.246,1,25.42
2025-04-06 21:00,841.055,0,0.0
2025-04-06 22:00,710.209,0,0.0
2025-04-06 23:00,621.798,0,0.0
2025-04-07 00:00,652.71,0,0.0
2025-04-07 01:00,601.557,0,0.0
2025-04-07 02:00,573.247,0,0.0
2025-04-07 03:00,565.731,0,0.0
2025-04-07 04:00,601.108,0,0.0
2025-04-07 05:00,619.176,0,0.0
2025-04-07 06:00,714.134,0,0.0
2025-04-07 07:00,815.342,0,0.0
2025-04-07 08:00,864.611,0,0.0
2025-04-07 09:00,888.32,0,0.0
2025-04-07 10:00,904.384,0,0.0
2025-04-07 11:00,917.708,0,0.0
2025-04-07 12:00,907.019,0,0.0
2025-04-07 13:00,904.277,0,0.0
2025-04-07 14:00,909.731,0,0.0
2025-04-07 15:00,957.574,1,24.75
2025-04-07 16:00,1044.278,1,25.55
2025-04-07 17:00,1139.169,1,36.9
2025-04-07 18:00,1186.243,1,47.98
2025-04-07 19:00,1107.44,1,27.68
2025-04-07 20:00,1026.803,1,24.63
2025-04-07 21:00,935.311,0,0.0
2025-04-07 22:00,823.83,0,0.0
2025-04-07 23:00,728.162,0,0.0
2025-04-08 00:00,659.348,0,0.0
2025-04-08 01:00,598.409,0,0.0
2025-04-08 02:00,565.315,0,0.0
2025-04-08 03:00,571.868,0,0.0
2025-04-08 04:00,618.917,0,0.0
2025-04-08 05:00,638.758,0,0.0
2025-04-08 06:00,733.747,0,0.0
2025-04-08 07:00,833.684,1,25.23
2025-04-08 08:00,845.086,1,24.85
2025-04-08 09:00,850.39,1,24.98
2025-04-08 10:00,811.307,0,0.0
2025-04-08 11:00,778.542,0,0.0
2025-04-08 12:00,771.085,0,0.0
2025-04-08 13:00,805.934,0,0.0
2025-04-08 14:00,818.8,0,0.0
2025-04-08 15:00,870.024,1,25.3
2025-04-08 16:00,962.791,1,31.6
2025-04-08 17:00,1008.911,1,48.63
2025-04-08 18:00,988.603,1,40.87
2025-04-08 19:00,901.89,1,25.13
2025-04-08 20:00,832.755,1,25.1
2025-04-08 21:00,718.22,0,0.0
2025-04-08 22:00,636.986,0,0.0
2025-04-08 23:00,629.253,0,0.0
2025-04-09 00:00,570.676,0,0.0
2025-04-09 01:00,541.745,0,0.0
2025-04-09 02:00,576.691,0,0.0
2025-04-09 03:00,584.226,0,0.0
2025-04-09 04:00,610.77,0,0.0
2025-04-09 05:00,660.655,0,0.0
2025-04-09 06:00,779.77,0,0.0
2025-04-09 07:00,919.511,1,25.46
2025-04-09 08:00,929.955,1,28.31
2025-04-09 09:00,881.997,1,25.22
2025-04-09 10:00,804.604,1,24.96
2025-04-09 11:00,796.993,1,25.02
2025-04-09 12:00,744.737,0,0.0
2025-04-09 13:00,759.165,0,0.0
2025-04-09 14:00,776.972,0,0.0
2025-04-09 15:00,875.673,0,0.0
2025-04-09 16:00,934.138,1,28.85
2025-04-09 17:00,1026.569,1,49.12
2025-04-09 18:00,1005.625,1,42.82
2025-04-09 19:00,975.804,1,37.22
2025-04-09 20:00,862.058,1,24.75
2025-04-09 21:00,765.829,0,0.0
2025-04-09 22:00,736.802,0,0.0
2025-04-09 23:00,686.123,0,0.0
2025-04-10 00:00,642.215,0,0.0
2025-04-10 01:00,669.069,0,0.0
2025-04-10 02:00,616.808,0,0.0
2025-04-10 03:00,632.307,0,0.0
2025-04-10 04:00,627.834,0,0.0
2025-04-10 05:00,673.863,0,0.0
2025-04-10 06:00,744.459,0,0.0
2025-04-10 07:00,843.91,0,0.0
2025-04-10 08:00,883.771,0,0.0
2025-04-10 09:00,858.702,0,0.0
2025-04-10 10:00,859.073,0,0.0
2025-04-10 11:00,821.383,0,0.0
2025-04-10 12:00,813.17,0,0.0
2025-04-10 13:00,853.558,0,0.0
2025-04-10 14:00,840.454,0,0.0
2025-04-10 15:00,872.721,0,0.0
2025-04-10 16:00,950.911,1,24.55
2025-04-10 17:00,1049.948,1,25.34
2025-04-10 18:00,1141.118,1,48.4
2025-04-10 19:00,1068.815,1,27.61
2025-04-10 20:00,961.208,1,24.89
2025-04-10 21:00,824.761,0,0.0
2025-04-10 22:00,730.612,0,0.0
2025-04-10 23:00,653.033,0,0.0
2025-04-11 00:00,613.354,0,0.0
2025-04-11 01:00,578.645,0,0.0
2025-04-11 02:00,574.327,0,0.0
2025-04-11 03:00,562.795,0,0.0
2025-04-11 04:00,583.479,0,0.0
2025-04-11 05:00,649.952,0,0.0
2025-04-11 06:00,676.449,0,0.0
2025-04-11 07:00,755.754,0,0.0
2025-04-11 08:00,770.634,0,0.0
2025-04-11 09:00,814.19,1,25.36
2025-04-11 10:00,778.902,1,24.74
2025-04-11 11:00,757.226,0,0.0
2025-04-11 12:00,751.114,0,0.0
2025-04-11 13:00,760.717,0,0.0
2025-04-11 14:00,793.524,1,25.44
2025-04-11 15:00,858.863,1,24.89
2025-04-11 16:00,922.249,1,30.66
2025-04-11 17:00,985.559,1,46.67
2025-04-11 18:00,993.566,1,47.34
2025-04-11 19:00,919.676,1,31.25
2025-04-11 20:00,861.984,1,25.4
2025-04-11 21:00,787.347,1,25.09
2025-04-11 22:00,658.667,0,0.0
2025-04-11 23:00,624.309,0,0.0
2025-04-12 00:00,577.016,0,0.0
2025-04-12 01:00,565.061,0,0.0
2025-04-12 02:00,551.927,0,0.0
2025-04-12 03:00,561.555,0,0.0
2025-04-12 04:00,636.051,0,0.0
2025-04-12 05:00,673.123,0,0.0
2025-04-12 06:00,745.27,0,0.0
2025-04-12 07:00,784.243,0,0.0
2025-04-12 08:00,873.102,1,25.12
2025-04-12 09:00,901.166,1,25.25
2025-04-12 10:00,825.606,0,0.0
2025-04-12 11:00,782.266,0,0.0
2025-04-12 12:00,755.279,0,0.0
2025-04-12 13:00,805.657,0,0.0
2025-04-12 14:00,798.402,0,0.0
2025-04-12 15:00,791.049,0,0.0
2025-04-12 16:00,936.432,1,25.15
2025-04-12 17:00,1013.355,1,36.44
2025-04-12 18:00,1060.288,1,47.84
2025-04-12 19:00,995.415,1,30.49
2025-04-12 20:00,921.016,1,24.9
2025-04-12 21:00,770.22,0,0.0
2025-04-12 22:00,654.874,0,0.0
2025-04-12 23:00,599.013,0,0.0
2025-04-13 00:00,523.865,0,0.0
2025-04-13 01:00,499.134,0,0.0
2025-04-13 02:00,486.985,0,0.0
2025-04-13 03:00,490.585,0,0.0
2025-04-13 04:00,519.407,0,0.0
2025-04-13 05:00,553.898,0,0.0
2025-04-13 06:00,611.983,0,0.0
2025-04-13 07:00,709.718,0,0.0
2025-04-13 08:00,748.882,0,0.0
2025-04-13 09:00,710.572,0,0.0
2025-04-13 10:00,703.034,0,0.0
2025-04-13 11:00,695.614,0,0.0
2025-04-13 12:00,682.135,0,0.0
2025-04-13 13:00,652.709,0,0.0
2025-04-13 14:00,723.247,0,0.0
2025-04-13 15:00,747.613,0,0.0
2025-04-13 16:00,829.832,1,25.7
2025-04-13 17:00,880.63,1,25.11
2025-04-13 18:00,917.461,1,38.6
2025-04-13 19:00,930.443,1,47.55
2025-04-13 20:00,874.388,1,25.38
2025-04-13 21:00,809.537,1,25.38
2025-04-13 22:00,711.293,0,0.0
2025-04-13 23:00,647.107,0,0.0
2025-04-14 00:00,607.734,0,0.0
2025-04-14 01:00,569.674,0,0.0
2025-04-14 02:00,551.619,0,0.0
2025-04-14 03:00,580.024,0,0.0
2025-04-14 04:00,604.158,0,0.0
2025-04-14 05:00,664.535,0,0.0
2025-04-14 06:00,777.981,0,0.0
2025-04-14 07:00,901.683,1,25.24
2025-04-14 08:00,927.173,1,24.57
2025-04-14 09:00,928.453,1,24.65
2025-04-14 10:00,831.538,1,24.48
2025-04-14 11:00,769.1,0,0.0
2025-04-14 12:00,697.607,0,0.0
2025-04-14 13:00,755.694,0,0.0
2025-04-14 14:00,821.609,1,24.8
2025-04-14 15:00,908.895,1,25.05
2025-04-14 16:00,957.692,1,29.22
2025-04-14 17:00,1011.768,1,38.33
2025-04-14 18:00,1049.781,1,46.6
2025-04-14 19:00,1057.934,1,48.25
2025-04-14 20:00,1019.838,1,41.5
2025-04-14 21:00,916.486,1,24.64
2025-04-14 22:00,796.252,0,0.0
2025-04-14 23:00,739.467,0,0.0
2025-04-15 00:00,680.797,0,0.0
2025-04-15 01:00,624.644,0,0.0
2025-04-15 02:00,597.252,0,0.0
2025-04-15 03:00,573.269,0,0.0
2025-04-15 04:00,605.331,0,0.0
2025-04-15 05:00,633.525,0,0.0
2025-04-15 06:00,769.97,0,0.0
2025-04-15 07:00,875.879,1,25.37
2025-04-15 08:00,954.125,1,29.93
2025-04-15 09:00,874.648,1,25.38
2025-04-15 10:00,895.466,1,24.11
2025-04-15 11:00,821.603,1,24.35
2025-04-15 12:00,770.328,0,0.0
2025-04-15 13:00,776.089,0,0.0
2025-04-15 14:00,858.136,1,24.46
2025-04-15 15:00,919.262,1,24.92
2025-04-15 16:00,981.804,1,37.11
2025-04-15 17:00,1024.507,1,47.89
2025-04-15 18:00,1012.601,1,45.24
2025-04-15 19:00,1017.637,1,46.46
2025-04-15 20:00,959.904,1,31.46
2025-04-15 21:00,889.362,1,25.51
2025-04-15 22:00,778.54,0,0.0
2025-04-15 23:00,634.116,0,0.0
2025-04-16 00:00,577.388,0,0.0
2025-04-16 01:00,562.396,0,0.0
2025-04-16 02:00,542.927,0,0.0
2025-04-16 03:00,537.144,0,0.0
2025-04-16 04:00,554.076,0,0.0
2025-04-16 05:00,635.678,0,0.0
2025-04-16 06:00,756.691,0,0.0
2025-04-16 07:00,862.445,1,24.48
2025-04-16 08:00,877.991,1,23.94
2025-04-16 09:00,868.921,1,24.86
2025-04-16 10:00,795.529,1,25.05
2025-04-16 11:00,782.994,0,0.0
2025-04-16 12:00,701.854,0,0.0
2025-04-16 13:00,691.379,0,0.0
2025-04-16 14:00,736.612,0,0.0
2025-04-16 15:00,882.098,1,25.16
2025-04-16 16:00,895.267,1,25.83
2025-04-16 17:00,931.709,1,29.17
2025-04-16 18:00,994.823,1,40.68
2025-04-16 19:00,1026.927,1,48.77
2025-04-16 20:00,947.05,1,32.83
2025-04-16 21:00,860.857,1,24.34
2025-04-16 22:00,739.276,1,25.0
2025-04-16 23:00,654.493,0,0.0
2025-04-17 00:00,622.301,0,0.0
2025-04-17 01:00,573.888,0,0.0
2025-04-17 02:00,574.008,0,0.0
2025-04-17 03:00,541.622,0,0.0
2025-04-17 04:00,600.455,0,0.0
2025-04-17 05:00,656.0,0,0.0
2025-04-17 06:00,757.975,0,0.0
2025-04-17 07:00,799.109,0,0.0
2025-04-17 08:00,813.043,0,0.0
2025-04-17 09:00,848.128,1,25.02
2025-04-17 10:00,812.44,0,0.0
2025-04-17 11:00,808.336,0,0.0
2025-04-17 12:00,768.677,0,0.0
2025-04-17 13:00,791.767,0,0.0
2025-04-17 14:00,790.923,0,0.0
2025-04-17 15:00,856.685,1,25.22
2025-04-17 16:00,947.65,1,25.08
2025-04-17 17:00,1035.632,1,46.4
2025-04-17 18:00,1040.093,1,47.95
2025-04-17 19:00,985.461,1,32.54
2025-04-17 20:00,927.109,1,24.76
2025-04-17 21:00,819.443,0,0.0
2025-04-17 22:00,710.945,0,0.0
2025-04-17 23:00,689.514,0,0.0
2025-04-18 00:00,626.8,0,0.0
2025-04-18 01:00,613.33,0,0.0
2025-04-18 02:00,567.683,0,0.0
2025-04-18 03:00,581.787,0,0.0
2025-04-18 04:00,631.573,0,0.0
2025-04-18 05:00,671.021,0,0.0
2025-04-18 06:00,745.263,0,0.0
2025-04-18 07:00,777.622,0,0.0
2025-04-18 08:00,806.118,1,24.83
2025-04-18 09:00,821.911,1,25.23
2025-04-18 10:00,766.218,0,0.0
2025-04-18 11:00,766.008,0,0.0
2025-04-18 12:00,717.887,0,0.0
2025-04-18 13:00,743.287,0,0.0
2025-04-18 14:00,756.215,0,0.0
2025-04-18 15:00,820.759,1,24.94
2025-04-18 16:00,885.829,1,25.06
2025-04-18 17:00,925.375,1,34.16
2025-04-18 18:00,955.973,1,47.67
2025-04-18 19:00,898.35,1,24.61
2025-04-18 20:00,800.341,1,25.37
2025-04-18 21:00,765.387,0,0.0
2025-04-18 22:00,670.405,0,0.0
2025-04-18 23:00,564.297,0,0.0
2025-04-19 00:00,504.65,0,0.0
2025-04-19 01:00,507.946,0,0.0
2025-04-19 02:00,486.503,0,0.0
2025-04-19 03:00,524.135,0,0.0
2025-04-19 04:00,542.515,0,0.0
2025-04-19 05:00,607.204,0,0.0
2025-04-19 06:00,735.207,0,0.0
2025-04-19 07:00,831.149,1,25.15
2025-04-19 08:00,820.954,1,25.3
2025-04-19 09:00,780.985,1,25.46
2025-04-19 10:00,789.086,1,24.94
2025-04-19 11:00,750.862,0,0.0
2025-04-19 12:00,764.546,0,0.0
2025-04-19 13:00,768.583,0,0.0
2025-04-19 14:00,807.085,1,24.85
2025-04-19 15:00,816.058,0,0.0
2025-04-19 16:00,868.597,1,24.85
2025-04-19 17:00,912.399,1,30.81
2025-04-19 18:00,966.474,1,47.83
2025-04-19 19:00,932.465,1,36.63
2025-04-19 20:00,873.749,1,24.09
2025-04-19 21:00,764.196,0,0.0
2025-04-19 22:00,648.408,0,0.0
2025-04-19 23:00,595.92,0,0.0
2025-04-20 00:00,547.063,0,0.0
2025-04-20 01:00,543.92,0,0.0
2025-04-20 02:00,527.303,0,0.0
2025-04-20 03:00,523.203,0,0.0
2025-04-20 04:00,568.124,0,0.0
2025-04-20 05:00,617.416,0,0.0
2025-04-20 06:00,676.669,0,0.0
2025-04-20 07:00,734.816,0,0.0
2025-04-20 08:00,810.321,1,25.72
2025-04-20 09:00,802.071,1,25.21
2025-04-20 10:00,726.703,0,0.0
2025-04-20 11:00,732.147,0,0.0
2025-04-20 12:00,708.837,0,0.0
2025-04-20 13:00,709.847,0,0.0
2025-04-20 14:00,720.449,0,0.0
2025-04-20 15:00,812.274,1,24.91
2025-04-20 16:00,821.269,1,25.41
2025-04-20 17:00,872.081,1,25.43
2025-04-20 18:00,928.502,1,40.68
2025-04-20 19:00,953.611,1,47.71
2025-04-20 20:00,892.443,1,30.01
2025-04-20 21:00,767.945,1,24.36
2025-04-20 22:00,710.505,0,0.0
2025-04-20 23:00,608.346,0,0.0
2025-04-21 00:00,620.644,0,0.0
2025-04-21 01:00,596.312,0,0.0
2025-04-21 02:00,559.639,0,0.0
2025-04-21 03:00,576.049,0,0.0
2025-04-21 04:00,600.531,0,0.0
2025-04-21 05:00,671.278,0,0.0
2025-04-21 06:00,728.74,0,0.0
2025-04-21 07:00,831.859,0,0.0
2025-04-21 08:00,858.807,0,0.0
2025-04-21 09:00,883.402,0,0.0
2025-04-21 10:00,845.033,0,0.0
2025-04-21 11:00,862.485,0,0.0
2025-04-21 12:00,851.239,0,0.0
2025-04-21 13:00,858.134,0,0.0
2025-04-21 14:00,912.692,1,25.3
2025-04-21 15:00,984.966,1,24.62
2025-04-21 16:00,1064.582,1,47.65
2025-04-21 17:00,1041.862,1,37.61
2025-04-21 18:00,1042.354,1,38.9
2025-04-21 19:00,1049.978,1,40.52
2025-04-21 20:00,915.883,1,25.62
2025-04-21 21:00,843.506,0,0.0
2025-04-21 22:00,753.695,0,0.0
2025-04-21 23:00,660.174,0,0.0
2025-04-22 00:00,581.133,0,0.0
2025-04-22 01:00,543.908,0,0.0
2025-04-22 02:00,577.322,0,0.0
2025-04-22 03:00,559.242,0,0.0
2025-04-22 04:00,579.913,0,0.0
2025-04-22 05:00,613.622,0,0.0
2025-04-22 06:00,756.119,1,24.81
2025-04-22 07:00,839.533,1,25.21
2025-04-22 08:00,858.662,1,25.08
2025-04-22 09:00,891.386,1,34.69
2025-04-22 10:00,869.68,1,27.17
2025-04-22 11:00,819.741,1,24.95
2025-04-22 12:00,768.122,0,0.0
2025-04-22 13:00,825.532,1,25.44
2025-04-22 14:00,861.603,1,25.48
2025-04-22 15:00,865.553,1,25.17
2025-04-22 16:00,881.244,1,30.64
2025-04-22 17:00,924.09,1,45.42
2025-04-22 18:00,932.685,1,47.29
2025-04-22 19:00,839.77,1,24.55
2025-04-22 20:00,763.569,1,24.98
2025-04-22 21:00,679.675,0,0.0
2025-04-22 22:00,606.459,0,0.0
2025-04-22 23:00,607.311,0,0.0
2025-04-23 00:00,578.046,0,0.0
2025-04-23 01:00,549.823,0,0.0
2025-04-23 02:00,550.56,0,0.0
2025-04-23 03:00,549.852,0,0.0
2025-04-23 04:00,597.186,0,0.0
2025-04-23 05:00,658.68,0,0.0
2025-04-23 06:00,769.62,0,0.0
2025-04-23 07:00,942.433,1,24.65
2025-04-23 08:00,994.726,1,25.39
2025-04-23 09:00,924.092,0,0.0
2025-04-23 10:00,889.239,0,0.0
2025-04-23 11:00,839.116,0,0.0
2025-04-23 12:00,830.763,0,0.0
2025-04-23 13:00,804.996,0,0.0
2025-04-23 14:00,810.197,0,0.0
2025-04-23 15:00,881.278,0,0.0
2025-04-23 16:00,991.014,1,25.31
2025-04-23 17:00,1080.509,1,26.5
2025-04-23 18:00,1145.344,1,47.33
2025-04-23 19:00,1093.547,1,30.64
2025-04-23 20:00,995.984,1,24.32
2025-04-23 21:00,860.917,0,0.0
2025-04-23 22:00,768.888,0,0.0
2025-04-23 23:00,712.016,0,0.0
2025-04-24 00:00,663.733,0,0.0
2025-04-24 01:00,617.118,0,0.0
2025-04-24 02:00,625.775,0,0.0
2025-04-24 03:00,615.879,0,0.0
2025-04-24 04:00,647.798,0,0.0
2025-04-24 05:00,708.565,0,0.0
2025-04-24 06:00,811.219,0,0.0
2025-04-24 07:00,872.597,0,0.0
2025-04-24 08:00,918.365,0,0.0
2025-04-24 09:00,894.761,0,0.0
2025-04-24 10:00,909.535,0,0.0
2025-04-24 11:00,900.965,0,0.0
2025-04-24 12:00,850.994,0,0.0
2025-04-24 13:00,882.625,0,0.0
2025-04-24 14:00,919.212,0,0.0
2025-04-24 15:00,1007.122,1,24.47
2025-04-24 16:00,1049.826,1,24.97
2025-04-24 17:00,1120.631,1,41.29
2025-04-24 18:00,1142.914,1,47.74
2025-04-24 19:00,1080.189,1,27.86
2025-04-24 20:00,950.837,1,24.27
2025-04-24 21:00,859.892,0,0.0
2025-04-24 22:00,758.003,0,0.0
2025-04-24 23:00,709.999,0,0.0
2025-04-25 00:00,663.333,0,0.0
2025-04-25 01:00,610.709,0,0.0
2025-04-25 02:00,604.59,0,0.0
2025-04-25 03:00,582.987,0,0.0
2025-04-25 04:00,640.65,0,0.0
2025-04-25 05:00,716.069,0,0.0
2025-04-25 06:00,854.893,1,24.78
2025-04-25 07:00,948.586,1,28.23
2025-04-25 08:00,956.181,1,30.02
2025-04-25 09:00,929.693,1,26.11
2025-04-25 10:00,893.935,1,24.87
2025-04-25 11:00,849.562,1,25.19
2025-04-25 12:00,864.157,1,24.95
2025-04-25 13:00,889.364,1,24.95
2025-04-25 14:00,888.872,1,24.93
2025-04-25 15:00,999.019,1,35.27
2025-04-25 16:00,1064.098,1,44.15
2025-04-25 17:00,1085.746,1,47.41
2025-04-25 18:00,1085.383,1,47.76
2025-04-25 19:00,1087.295,1,46.67
2025-04-25 20:00,1046.195,1,42.88
2025-04-25 21:00,942.006,1,27.78
2025-04-25 22:00,839.905,1,24.6
2025-04-25 23:00,769.015,0,0.0
2025-04-26 00:00,678.255,0,0.0
2025-04-26 01:00,630.779,0,0.0
2025-04-26 02:00,608.708,0,0.0
2025-04-26 03:00,609.981,0,0.0
2025-04-26 04:00,619.614,0,0.0
2025-04-26 05:00,680.985,0,0.0
2025-04-26 06:00,816.21,0,0.0
2025-04-26 07:00,886.726,1,24.3
2025-04-26 08:00,899.69,1,25.12
2025-04-26 09:00,885.225,1,25.32
2025-04-26 10:00,820.682,0,0.0
2025-04-26 11:00,762.337,0,0.0
2025-04-26 12:00,778.312,0,0.0
2025-04-26 13:00,779.562,0,0.0
2025-04-26 14:00,813.001,0,0.0
2025-04-26 15:00,844.53,0,0.0
2025-04-26 16:00,954.86,1,24.75
2025-04-26 17:00,1048.365,1,43.24
2025-04-26 18:00,1064.985,1,47.54
2025-04-26 19:00,965.766,1,24.93
2025-04-26 20:00,873.421,1,24.91
2025-04-26 21:00,793.33,0,0.0
2025-04-26 22:00,696.276,0,0.0
2025-04-26 23:00,629.737,0,0.0
2025-04-27 00:00,598.891,0,0.0
2025-04-27 01:00,577.776,0,0.0
2025-04-27 02:00,555.594,0,0.0
2025-04-27 03:00,561.035,0,0.0
2025-04-27 04:00,572.056,0,0.0
2025-04-27 05:00,678.264,0,0.0
2025-04-27 06:00,769.471,0,0.0
2025-04-27 07:00,855.538,1,25.01
2025-04-27 08:00,898.966,1,24.94
2025-04-27 09:00,859.025,1,26.01
2025-04-27 10:00,818.282,1,24.54
2025-04-27 11:00,795.983,0,0.0
2025-04-27 12:00,750.638,0,0.0
2025-04-27 13:00,780.474,0,0.0
2025-04-27 14:00,766.618,0,0.0
2025-04-27 15:00,875.119,1,24.52
2025-04-27 16:00,966.233,1,30.26
2025-04-27 17:00,1050.928,1,47.24
2025-04-27 18:00,1013.394,1,40.91
2025-04-27 19:00,938.779,1,25.03
2025-04-27 20:00,907.418,1,25.41
2025-04-27 21:00,917.219,1,25.02
2025-04-27 22:00,809.199,0,0.0
2025-04-27 23:00,733.527,0,0.0
2025-04-28 00:00,729.637,0,0.0
2025-04-28 01:00,652.961,0,0.0
2025-04-28 02:00,642.316,0,0.0
2025-04-28 03:00,607.765,0,0.0
2025-04-28 04:00,613.316,0,0.0
2025-04-28 05:00,637.03,0,0.0
2025-04-28 06:00,771.982,0,0.0
2025-04-28 07:00,859.635,1,25.28
2025-04-28 08:00,898.609,1,24.22
2025-04-28 09:00,879.602,1,24.87
2025-04-28 10:00,810.177,1,25.26
2025-04-28 11:00,779.154,0,0.0
2025-04-28 12:00,752.576,0,0.0
2025-04-28 13:00,738.591,0,0.0
2025-04-28 14:00,771.536,0,0.0
2025-04-28 15:00,802.035,1,24.93
2025-04-28 16:00,906.46,1,25.57
2025-04-28 17:00,1011.987,1,48.58
2025-04-28 18:00,1005.133,1,45.9
2025-04-28 19:00,959.855,1,34.9
2025-04-28 20:00,951.735,1,34.17
2025-04-28 21:00,814.686,1,24.99
2025-04-28 22:00,725.89,0,0.0
2025-04-28 23:00,658.876,0,0.0
2025-04-29 00:00,647.873,0,0.0
2025-04-29 01:00,613.387,0,0.0
2025-04-29 02:00,582.238,0,0.0
2025-04-29 03:00,581.927,0,0.0
2025-04-29 04:00,618.338,0,0.0
2025-04-29 05:00,668.92,0,0.0
2025-04-29 06:00,740.521,0,0.0
2025-04-29 07:00,869.965,0,0.0
2025-04-29 08:00,937.693,1,23.87
2025-04-29 09:00,879.413,1,24.91
2025-04-29 10:00,834.332,0,0.0
2025-04-29 11:00,811.389,0,0.0
2025-04-29 12:00,763.313,0,0.0
2025-04-29 13:00,734.284,0,0.0
2025-04-29 14:00,762.845,0,0.0
2025-04-29 15:00,817.636,0,0.0
2025-04-29 16:00,850.656,0,0.0
2025-04-29 17:00,945.001,1,24.35
2025-04-29 18:00,1042.266,1,48.82
2025-04-29 19:00,1030.205,1,41.71
2025-04-29 20:00,938.582,1,25.0
2025-04-29 21:00,779.797,0,0.0
2025-04-29 22:00,708.361,0,0.0
2025-04-29 23:00,646.853,0,0.0
2025-04-30 00:00,623.881,0,0.0
2025-04-30 01:00,628.773,0,0.0
2025-04-30 02:00,586.579,0,0.0
2025-04-30 03:00,526.486,0,0.0
2025-04-30 04:00,545.851,0,0.0
2025-04-30 05:00,617.634,0,0.0
2025-04-30 06:00,727.926,0,0.0
2025-04-30 07:00,784.462,0,0.0
2025-04-30 08:00,786.744,0,0.0
2025-04-30 09:00,779.289,0,0.0
2025-04-30 10:00,727.732,0,0.0
2025-04-30 11:00,747.337,0,0.0
2025-04-30 12:00,732.949,0,0.0
2025-04-30 13:00,744.575,0,0.0
2025-04-30 14:00,769.013,0,0.0
2025-04-30 15:00,842.814,1,25.12
2025-04-30 16:00,924.075,1,25.2
2025-04-30 17:00,1010.507,1,35.53
2025-04-30 18:00,1060.227,1,48.11
2025-04-30 19:00,1010.97,1,36.32
2025-04-30 20:00,894.056,1,24.54
2025-04-30 21:00,780.12,0,0.0
2025-04-30 22:00,680.057,0,0.0
2025-04-30 23:00,670.408,0,0.0
2025-05-01 00:00,555.22,0,0.0
2025-05-01 01:00,519.195,0,0.0
2025-05-01 02:00,509.593,0,0.0
2025-05-01 03:00,507.206,0,0.0
2025-05-01 04:00,563.842,0,0.0
2025-05-01 05:00,606.335,0,0.0
2025-05-01 06:00,699.579,0,0.0
2025-05-01 07:00,805.326,0,0.0
2025-05-01 08:00,888.455,1,24.36
2025-05-01 09:00,899.126,1,25.06
2025-05-01 10:00,842.928,0,0.0
2025-05-01 11:00,811.656,0,0.0
2025-05-01 12:00,785.812,0,0.0
2025-05-01 13:00,799.062,0,0.0
2025-05-01 14:00,802.665,0,0.0
2025-05-01 15:00,878.188,1,25.16
2025-05-01 16:00,946.327,1,24.33
2025-05-01 17:00,1005.942,1,47.23
2025-05-01 18:00,989.081,1,35.77
2025-05-01 19:00,945.322,1,25.28
2025-05-01 20:00,807.698,0,0.0
2025-05-01 21:00,711.006,0,0.0
2025-05-01 22:00,616.919,0,0.0
2025-05-01 23:00,572.42,0,0.0
2025-05-02 00:00,585.809,0,0.0
2025-05-02 01:00,561.709,0,0.0
2025-05-02 02:00,568.322,0,0.0
2025-05-02 03:00,572.874,0,0.0
2025-05-02 04:00,622.058,0,0.0
2025-05-02 05:00,704.509,0,0.0
2025-05-02 06:00,780.8,1,24.93
2025-05-02 07:00,835.041,1,25.49
2025-05-02 08:00,880.9,1,31.08
2025-05-02 09:00,853.163,1,25.03
2025-05-02 10:00,816.457,1,25.75
2025-05-02 11:00,785.127,1,24.65
2025-05-02 12:00,747.839,1,24.36
2025-05-02 13:00,806.341,1,25.38
2025-05-02 14:00,801.901,1,24.73
2025-05-02 15:00,870.162,1,29.03
2025-05-02 16:00,949.307,1,46.51
2025-05-02 17:00,956.346,1,45.76
2025-05-02 18:00,962.53,1,47.97
2025-05-02 19:00,900.363,1,35.89
2025-05-02 20:00,849.158,1,25.26
2025-05-02 21:00,746.973,1,24.93
2025-05-02 22:00,653.941,0,0.0
2025-05-02 23:00,562.577,0,0.0
2025-05-03 00:00,551.95,0,0.0
2025-05-03 01:00,520.043,0,0.0
2025-05-03 02:00,511.415,0,0.0
2025-05-03 03:00,499.223,0,0.0
2025-05-03 04:00,517.736,0,0.0
2025-05-03 05:00,603.568,0,0.0
2025-05-03 06:00,650.41,0,0.0
2025-05-03 07:00,736.471,1,24.72
2025-05-03 08:00,735.663,1,25.08
2025-05-03 09:00,717.071,1,25.07
2025-05-03 10:00,678.812,1,25.71
2025-05-03 11:00,648.475,0,0.0
2025-05-03 12:00,646.553,0,0.0
2025-05-03 13:00,606.184,0,0.0
2025-05-03 14:00,644.336,0,0.0
2025-05-03 15:00,701.112,1,24.5
2025-05-03 16:00,732.849,1,24.73
2025-05-03 17:00,857.598,1,42.97
2025-05-03 18:00,877.525,1,47.7
2025-05-03 19:00,838.466,1,38.86
2025-05-03 20:00,759.06,1,24.72
2025-05-03 21:00,680.963,1,24.09
2025-05-03 22:00,630.533,0,0.0
2025-05-03 23:00,619.402,0,0.0
2025-05-04 00:00,592.217,0,0.0
2025-05-04 01:00,569.37,0,0.0
2025-05-04 02:00,571.764,0,0.0
2025-05-04 03:00,562.409,0,0.0
2025-05-04 04:00,613.771,0,0.0
2025-05-04 05:00,666.787,0,0.0
2025-05-04 06:00,758.709,0,0.0
2025-05-04 07:00,837.467,1,24.53
2025-05-04 08:00,805.394,1,25.39
2025-05-04 09:00,791.631,1,25.32
2025-05-04 10:00,714.372,0,0.0
2025-05-04 11:00,661.067,0,0.0
2025-05-04 12:00,660.496,0,0.0
2025-05-04 13:00,654.14,0,0.0
2025-05-04 14:00,693.396,0,0.0
2025-05-04 15:00,750.182,0,0.0
2025-05-04 16:00,822.243,1,24.86
2025-05-04 17:00,858.89,1,24.92
2025-05-04 18:00,928.012,1,47.76
2025-05-04 19:00,882.492,1,29.22
2025-05-04 20:00,821.747,1,24.66
2025-05-04 21:00,698.132,0,0.0
2025-05-04 22:00,609.766,0,0.0
2025-05-04 23:00,576.431,0,0.0
2025-05-05 00:00,599.093,0,0.0
2025-05-05 01:00,545.912,0,0.0
2025-05-05 02:00,518.952,0,0.0
2025-05-05 03:00,502.228,0,0.0
2025-05-05 04:00,525.565,0,0.0
2025-05-05 05:00,548.901,0,0.0
2025-05-05 06:00,647.235,0,0.0
2025-05-05 07:00,752.388,0,0.0
2025-05-05 08:00,768.364,1,25.28
2025-05-05 09:00,760.272,0,0.0
2025-05-05 10:00,731.442,0,0.0
2025-05-05 11:00,751.497,0,0.0
2025-05-05 12:00,720.463,0,0.0
2025-05-05 13:00,725.12,0,0.0
2025-05-05 14:00,739.433,0,0.0
2025-05-05 15:00,762.074,0,0.0
2025-05-05 16:00,853.881,1,25.04
2025-05-05 17:00,921.551,1,36.69
2025-05-05 18:00,964.196,1,46.91
2025-05-05 19:00,966.484,1,47.45
2025-05-05 20:00,922.169,1,35.83
2025-05-05 21:00,765.381,1,25.01
2025-05-05 22:00,684.456,0,0.0
2025-05-05 23:00,621.088,0,0.0
2025-05-06 00:00,576.283,0,0.0
2025-05-06 01:00,549.694,0,0.0
2025-05-06 02:00,500.16,0,0.0
2025-05-06 03:00,532.072,0,0.0
2025-05-06 04:00,574.542,0,0.0
2025-05-06 05:00,604.001,0,0.0
2025-05-06 06:00,688.65,0,0.0
2025-05-06 07:00,725.603,0,0.0
2025-05-06 08:00,759.073,0,0.0
2025-05-06 09:00,741.722,0,0.0
2025-05-06 10:00,686.901,0,0.0
2025-05-06 11:00,708.362,0,0.0
2025-05-06 12:00,734.885,0,0.0
2025-05-06 13:00,751.747,0,0.0
2025-05-06 14:00,777.18,1,25.48
2025-05-06 15:00,841.226,1,24.95
2025-05-06 16:00,906.462,1,33.06
2025-05-06 17:00,935.569,1,42.85
2025-05-06 18:00,951.183,1,48.7
2025-05-06 19:00,903.771,1,33.0
2025-05-06 20:00,842.037,1,25.01
2025-05-06 21:00,752.0,0,0.0
2025-05-06 22:00,664.538,0,0.0
2025-05-06 23:00,568.985,0,0.0
2025-05-07 00:00,558.619,0,0.0
2025-05-07 01:00,529.864,0,0.0
2025-05-07 02:00,563.387,0,0.0
2025-05-07 03:00,549.761,0,0.0
2025-05-07 04:00,586.197,0,0.0
2025-05-07 05:00,693.259,0,0.0
2025-05-07 06:00,793.047,0,0.0
2025-05-07 07:00,866.451,1,25.57
2025-05-07 08:00,859.97,1,25.14
2025-05-07 09:00,879.649,1,24.63
2025-05-07 10:00,799.886,0,0.0
2025-05-07 11:00,789.762,0,0.0
2025-05-07 12:00,754.742,0,0.0
2025-05-07 13:00,764.093,0,0.0
2025-05-07 14:00,756.778,0,0.0
2025-05-07 15:00,850.17,1,24.77
2025-05-07 16:00,906.18,1,25.11
2025-05-07 17:00,930.797,1,24.5
2025-05-07 18:00,1014.188,1,49.22
2025-05-07 19:00,945.944,1,29.14
2025-05-07 20:00,876.281,1,25.33
2025-05-07 21:00,799.462,0,0.0
2025-05-07 22:00,704.724,0,0.0
2025-05-07 23:00,584.383,0,0.0
2025-05-08 00:00,571.172,0,0.0
2025-05-08 01:00,537.589,0,0.0
2025-05-08 02:00,516.33,0,0.0
2025-05-08 03:00,516.317,0,0.0
2025-05-08 04:00,519.135,0,0.0
2025-05-08 05:00,577.128,0,0.0
2025-05-08 06:00,643.717,0,0.0
2025-05-08 07:00,723.72,0,0.0
2025-05-08 08:00,771.029,0,0.0
2025-05-08 09:00,795.336,1,24.99
2025-05-08 10:00,742.776,0,0.0
2025-05-08 11:00,771.114,0,0.0
2025-05-08 12:00,776.657,0,0.0
2025-05-08 13:00,776.092,0,0.0
2025-05-08 14:00,775.772,0,0.0
2025-05-08 15:00,784.723,0,0.0
2025-05-08 16:00,865.742,1,25.54
2025-05-08 17:00,911.488,1,24.49
2025-05-08 18:00,995.942,1,48.21
2025-05-08 19:00,925.85,1,28.41
2025-05-08 20:00,823.455,1,24.55
2025-05-08 21:00,744.569,0,0.0
2025-05-08 22:00,638.019,0,0.0
2025-05-08 23:00,582.091,0,0.0
2025-05-09 00:00,575.262,0,0.0
2025-05-09 01:00,544.899,0,0.0
2025-05-09 02:00,530.45,0,0.0
2025-05-09 03:00,533.696,0,0.0
2025-05-09 04:00,532.647,0,0.0
2025-05-09 05:00,593.447,0,0.0
2025-05-09 06:00,697.082,0,0.0
2025-05-09 07:00,805.208,0,0.0
2025-05-09 08:00,853.599,0,0.0
2025-05-09 09:00,825.621,0,0.0
2025-05-09 10:00,816.811,0,0.0
2025-05-09 11:00,784.245,0,0.0
2025-05-09 12:00,769.026,0,0.0
2025-05-09 13:00,772.834,0,0.0
2025-05-09 14:00,816.473,0,0.0
2025-05-09 15:00,851.586,0,0.0
2025-05-09 16:00,968.522,1,24.55
2025-05-09 17:00,1095.656,1,37.75
2025-05-09 18:00,1140.627,1,48.29
2025-05-09 19:00,1112.965,1,40.66
2025-05-09 20:00,944.138,1,25.01
2025-05-09 21:00,787.453,0,0.0
2025-05-09 22:00,677.316,0,0.0
2025-05-09 23:00,611.868,0,0.0
2025-05-10 00:00,539.983,0,0.0
2025-05-10 01:00,480.13,0,0.0
2025-05-10 02:00,491.003,0,0.0
2025-05-10 03:00,529.247,0,0.0
2025-05-10 04:00,579.546,0,0.0
2025-05-10 05:00,642.128,0,0.0
2025-05-10 06:00,737.124,0,0.0
2025-05-10 07:00,786.648,0,0.0
2025-05-10 08:00,813.338,1,25.42
2025-05-10 09:00,846.201,1,24.43
2025-05-10 10:00,787.668,0,0.0
2025-05-10 11:00,749.084,0,0.0
2025-05-10 12:00,753.415,0,0.0
2025-05-10 13:00,789.094,0,0.0
2025-05-10 14:00,786.985,0,0.0
2025-05-10 15:00,820.661,1,25.03
2025-05-10 16:00,864.139,1,24.73
2025-05-10 17:00,926.901,1,27.82
2025-05-10 18:00,992.452,1,47.77
2025-05-10 19:00,910.253,1,25.2
2025-05-10 20:00,861.189,1,24.6
2025-05-10 21:00,759.898,0,0.0
2025-05-10 22:00,709.632,0,0.0
2025-05-10 23:00,634.712,0,0.0
2025-05-11 00:00,588.101,0,0.0
2025-05-11 01:00,557.003,0,0.0
2025-05-11 02:00,526.295,0,0.0
2025-05-11 03:00,489.652,0,0.0
2025-05-11 04:00,516.996,0,0.0
2025-05-11 05:00,559.388,0,0.0
2025-05-11 06:00,615.873,0,0.0
2025-05-11 07:00,695.703,0,0.0
2025-05-11 08:00,677.642,0,0.0
2025-05-11 09:00,671.968,0,0.0
2025-05-11 10:00,665.809,0,0.0
2025-05-11 11:00,665.054,0,0.0
2025-05-11 12:00,648.956,0,0.0
2025-05-11 13:00,670.123,0,0.0
2025-05-11 14:00,686.849,0,0.0
2025-05-11 15:00,740.948,1,25.05
2025-05-11 16:00,810.35,1,25.09
2025-05-11 17:00,848.553,1,27.41
2025-05-11 18:00,898.376,1,48.72
2025-05-11 19:00,870.416,1,37.28
2025-05-11 20:00,795.244,1,24.26
2025-05-11 21:00,771.059,1,24.51
2025-05-11 22:00,662.768,0,0.0
2025-05-11 23:00,588.034,0,0.0
2025-05-12 00:00,580.549,0,0.0
2025-05-12 01:00,528.27,0,0.0
2025-05-12 02:00,527.657,0,0.0
2025-05-12 03:00,514.95,0,0.0
2025-05-12 04:00,538.384,0,0.0
2025-05-12 05:00,578.714,0,0.0
2025-05-12 06:00,654.641,0,0.0
2025-05-12 07:00,693.146,0,0.0
2025-05-12 08:00,727.052,0,0.0
2025-05-12 09:00,754.323,0,0.0
2025-05-12 10:00,738.082,0,0.0
2025-05-12 11:00,770.239,0,0.0
2025-05-12 12:00,770.87,0,0.0
2025-05-12 13:00,796.541,0,0.0
2025-05-12 14:00,876.103,0,0.0
2025-05-12 15:00,911.757,0,0.0
2025-05-12 16:00,971.459,1,25.68
2025-05-12 17:00,1029.185,1,24.87
2025-05-12 18:00,1107.845,1,47.52
2025-05-12 19:00,1035.919,1,24.84
2025-05-12 20:00,913.648,0,0.0
2025-05-12 21:00,819.754,0,0.0
2025-05-12 22:00,688.721,0,0.0
2025-05-12 23:00,630.814,0,0.0
2025-05-13 00:00,601.504,0,0.0
2025-05-13 01:00,559.349,0,0.0
2025-05-13 02:00,550.152,0,0.0
2025-05-13 03:00,518.599,0,0.0
2025-05-13 04:00,555.9,0,0.0
2025-05-13 05:00,595.955,0,0.0
2025-05-13 06:00,766.507,0,0.0
2025-05-13 07:00,848.346,1,25.13
2025-05-13 08:00,855.77,1,24.89
2025-05-13 09:00,794.112,0,0.0
2025-05-13 10:00,799.431,0,0.0
2025-05-13 11:00,768.773,0,0.0
2025-05-13 12:00,729.655,0,0.0
2025-05-13 13:00,757.013,0,0.0
2025-05-13 14:00,808.141,0,0.0
2025-05-13 15:00,874.055,1,25.29
2025-05-13 16:00,936.743,1,24.91
2025-05-13 17:00,1004.457,1,39.1
2025-05-13 18:00,1040.72,1,48.45
2025-05-13 19:00,994.755,1,36.68
2025-05-13 20:00,915.615,1,25.83
2025-05-13 21:00,834.925,1,26.0
2025-05-13 22:00,720.214,0,0.0
2025-05-13 23:00,625.298,0,0.0
2025-05-14 00:00,585.955,0,0.0
2025-05-14 01:00,565.284,0,0.0
2025-05-14 02:00,511.446,0,0.0
2025-05-14 03:00,481.452,0,0.0
2025-05-14 04:00,538.35,0,0.0
2025-05-14 05:00,622.619,0,0.0
2025-05-14 06:00,689.53,0,0.0
2025-05-14 07:00,776.352,1,24.51
2025-05-14 08:00,799.953,1,24.9
2025-05-14 09:00,780.845,1,25.49
2025-05-14 10:00,761.886,1,24.74
2025-05-14 11:00,713.621,0,0.0
2025-05-14 12:00,677.214,0,0.0
2025-05-14 13:00,696.137,0,0.0
2025-05-14 14:00,734.036,0,0.0
2025-05-14 15:00,757.712,1,25.26
2025-05-14 16:00,858.287,1,25.18
2025-05-14 17:00,915.814,1,40.83
2025-05-14 18:00,942.559,1,49.17
2025-05-14 19:00,916.423,1,40.96
2025-05-14 20:00,839.988,1,24.82
2025-05-14 21:00,772.964,1,24.58
2025-05-14 22:00,652.48,0,0.0
2025-05-14 23:00,562.782,0,0.0
2025-05-15 00:00,534.122,0,0.0
2025-05-15 01:00,512.006,0,0.0
2025-05-15 02:00,479.157,0,0.0
2025-05-15 03:00,462.23,0,0.0
2025-05-15 04:00,507.167,0,0.0
2025-05-15 05:00,546.171,0,0.0
2025-05-15 06:00,612.031,0,0.0
2025-05-15 07:00,729.362,1,24.87
2025-05-15 08:00,753.117,1,24.87
2025-05-15 09:00,783.084,1,25.34
2025-05-15 10:00,756.134,1,24.97
2025-05-15 11:00,751.136,1,25.51
2025-05-15 12:00,730.56,1,24.96
2025-05-15 13:00,678.388,0,0.0
2025-05-15 14:00,691.395,0,0.0
2025-05-15 15:00,749.99,1,25.01
2025-05-15 16:00,837.977,1,30.71
2025-05-15 17:00,851.246,1,34.43
2025-05-15 18:00,900.776,1,49.07
2025-05-15 19:00,836.838,1,30.6
2025-05-15 20:00,791.469,1,25.47
2025-05-15 21:00,714.449,1,24.91
2025-05-15 22:00,650.286,0,0.0
2025-05-15 23:00,613.757,0,0.0
2025-05-16 00:00,589.185,0,0.0
2025-05-16 01:00,569.81,0,0.0
2025-05-16 02:00,541.558,0,0.0
2025-05-16 03:00,591.134,0,0.0
2025-05-16 04:00,591.992,0,0.0
2025-05-16 05:00,626.775,0,0.0
2025-05-16 06:00,747.235,0,0.0
2025-05-16 07:00,847.234,0,0.0
2025-05-16 08:00,886.081,1,25.58
2025-05-16 09:00,876.521,1,24.75
2025-05-16 10:00,772.36,0,0.0
2025-05-16 11:00,798.511,0,0.0
2025-05-16 12:00,768.761,0,0.0
2025-05-16 13:00,813.931,0,0.0
2025-05-16 14:00,782.541,0,0.0
2025-05-16 15:00,840.648,0,0.0
2025-05-16 16:00,888.695,1,25.28
2025-05-16 17:00,976.247,1,24.75
2025-05-16 18:00,1019.796,1,48.4
2025-05-16 19:00,979.433,1,26.82
2025-05-16 20:00,858.766,1,24.71
2025-05-16 21:00,762.367,0,0.0
2025-05-16 22:00,662.716,0,0.0
2025-05-16 23:00,610.756,0,0.0
2025-05-17 00:00,561.71,0,0.0
2025-05-17 01:00,529.007,0,0.0
2025-05-17 02:00,487.739,0,0.0
2025-05-17 03:00,491.056,0,0.0
2025-05-17 04:00,570.796,0,0.0
2025-05-17 05:00,645.565,0,0.0
2025-05-17 06:00,665.77,0,0.0
2025-05-17 07:00,744.926,0,0.0
2025-05-17 08:00,801.007,1,24.93
2025-05-17 09:00,775.498,1,24.89
2025-05-17 10:00,729.303,0,0.0
2025-05-17 11:00,706.933,0,0.0
2025-05-17 12:00,706.056,0,0.0
2025-05-17 13:00,691.471,0,0.0
2025-05-17 14:00,756.465,0,0.0
2025-05-17 15:00,799.753,1,24.94
2025-05-17 16:00,832.732,1,24.85
2025-05-17 17:00,933.017,1,48.0
2025-05-17 18:00,910.018,1,39.49
2025-05-17 19:00,853.807,1,24.93
2025-05-17 20:00,771.145,1,26.19
2025-05-17 21:00,746.473,0,0.0
2025-05-17 22:00,633.079,0,0.0
2025-05-17 23:00,528.428,0,0.0
2025-05-18 00:00,496.456,0,0.0
2025-05-18 01:00,484.016,0,0.0
2025-05-18 02:00,487.716,0,0.0
2025-05-18 03:00,528.675,0,0.0
2025-05-18 04:00,581.369,0,0.0
2025-05-18 05:00,625.744,0,0.0
2025-05-18 06:00,695.452,1,24.82
2025-05-18 07:00,812.719,1,35.97
2025-05-18 08:00,823.647,1,37.82
2025-05-18 09:00,781.049,1,30.09
2025-05-18 10:00,734.765,1,24.98
2025-05-18 11:00,686.737,1,24.89
2025-05-18 12:00,665.034,1,25.29
2025-05-18 13:00,679.919,1,25.17
2025-05-18 14:00,734.658,1,24.9
2025-05-18 15:00,771.569,1,29.25
2025-05-18 16:00,797.894,1,33.93
2025-05-18 17:00,815.087,1,38.37
2025-05-18 18:00,868.081,1,47.7
2025-05-18 19:00,840.857,1,42.5
2025-05-18 20:00,761.941,1,25.46
2025-05-18 21:00,673.222,1,24.88
2025-05-18 22:00,604.549,0,0.0
2025-05-18 23:00,578.455,0,0.0
2025-05-19 00:00,565.422,0,0.0
2025-05-19 01:00,536.751,0,0.0
2025-05-19 02:00,539.428,0,0.0
2025-05-19 03:00,522.943,0,0.0
2025-05-19 04:00,556.181,0,0.0
2025-05-19 05:00,605.273,0,0.0
2025-05-19 06:00,671.856,0,0.0
2025-05-19 07:00,762.058,0,0.0
2025-05-19 08:00,800.178,1,24.32
2025-05-19 09:00,804.091,1,24.82
2025-05-19 10:00,739.704,0,0.0
2025-05-19 11:00,730.392,0,0.0
2025-05-19 12:00,755.281,0,0.0
2025-05-19 13:00,824.7,1,25.37
2025-05-19 14:00,883.514,1,25.83
2025-05-19 15:00,886.44,1,25.13
2025-05-19 16:00,961.381,1,33.66
2025-05-19 17:00,1004.266,1,41.5
2025-05-19 18:00,1042.383,1,47.75
2025-05-19 19:00,958.957,1,34.14
2025-05-19 20:00,823.411,1,25.11
2025-05-19 21:00,728.861,0,0.0
2025-05-19 22:00,660.101,0,0.0
2025-05-19 23:00,604.397,0,0.0
2025-05-20 00:00,580.792,0,0.0
2025-05-20 01:00,551.061,0,0.0
2025-05-20 02:00,540.584,0,0.0
2025-05-20 03:00,547.994,0,0.0
2025-05-20 04:00,572.926,0,0.0
2025-05-20 05:00,622.795,0,0.0
2025-05-20 06:00,764.326,0,0.0
2025-05-20 07:00,845.968,1,25.13
2025-05-20 08:00,872.169,1,25.06
2025-05-20 09:00,849.16,1,24.83
2025-05-20 10:00,801.425,1,25.53
2025-05-20 11:00,768.109,0,0.0
2025-05-20 12:00,755.083,0,0.0
2025-05-20 13:00,755.984,0,0.0
2025-05-20 14:00,785.239,1,25.2
2025-05-20 15:00,812.192,1,24.82
2025-05-20 16:00,884.837,1,25.36
2025-05-20 17:00,973.265,1,41.37
2025-05-20 18:00,998.652,1,48.31
2025-05-20 19:00,883.5,1,24.19
2025-05-20 20:00,837.31,1,25.23
2025-05-20 21:00,751.568,0,0.0
2025-05-20 22:00,635.76,0,0.0
2025-05-20 23:00,596.742,0,0.0
2025-05-21 00:00,538.483,0,0.0
2025-05-21 01:00,534.133,0,0.0
2025-05-21 02:00,518.597,0,0.0
2025-05-21 03:00,478.305,0,0.0
2025-05-21 04:00,521.095,0,0.0
2025-05-21 05:00,566.105,0,0.0
2025-05-21 06:00,653.244,0,0.0
2025-05-21 07:00,719.928,0,0.0
2025-05-21 08:00,759.612,1,24.77
2025-05-21 09:00,742.086,0,0.0
2025-05-21 10:00,672.774,0,0.0
2025-05-21 11:00,710.17,0,0.0
2025-05-21 12:00,696.845,0,0.0
2025-05-21 13:00,701.164,0,0.0
2025-05-21 14:00,711.115,0,0.0
2025-05-21 15:00,793.546,1,24.25
2025-05-21 16:00,823.723,1,25.47
2025-05-21 17:00,904.183,1,40.39
2025-05-21 18:00,927.003,1,48.17
2025-05-21 19:00,877.257,1,32.02
2025-05-21 20:00,780.84,1,24.02
2025-05-21 21:00,690.427,0,0.0
2025-05-21 22:00,615.726,0,0.0
2025-05-21 23:00,570.434,0,0.0
2025-05-22 00:00,530.45,0,0.0
2025-05-22 01:00,506.289,0,0.0
2025-05-22 02:00,513.918,0,0.0
2025-05-22 03:00,485.659,0,0.0
2025-05-22 04:00,523.881,0,0.0
2025-05-22 05:00,556.967,0,0.0
2025-05-22 06:00,632.236,0,0.0
2025-05-22 07:00,728.354,0,0.0
2025-05-22 08:00,754.752,0,0.0
2025-05-22 09:00,717.499,0,0.0
2025-05-22 10:00,739.684,0,0.0
2025-05-22 11:00,754.528,0,0.0
2025-05-22 12:00,688.609,0,0.0
2025-05-22 13:00,674.557,0,0.0
2025-05-22 14:00,736.029,0,0.0
2025-05-22 15:00,784.194,0,0.0
2025-05-22 16:00,904.263,1,25.17
2025-05-22 17:00,991.446,1,36.37
2025-05-22 18:00,1032.062,1,47.12
2025-05-22 19:00,942.557,1,24.85
2025-05-22 20:00,878.538,1,25.24
2025-05-22 21:00,743.698,0,0.0
2025-05-22 22:00,684.496,0,0.0
2025-05-22 23:00,625.311,0,0.0
2025-05-23 00:00,572.225,0,0.0
2025-05-23 01:00,555.637,0,0.0
2025-05-23 02:00,578.135,0,0.0
2025-05-23 03:00,564.994,0,0.0
2025-05-23 04:00,603.92,0,0.0
2025-05-23 05:00,639.467,0,0.0
2025-05-23 06:00,739.087,0,0.0
2025-05-23 07:00,777.196,1,25.62
2025-05-23 08:00,812.183,1,25.06
2025-05-23 09:00,799.279,1,24.69
2025-05-23 10:00,816.878,1,24.69
2025-05-23 11:00,744.43,0,0.0
2025-05-23 12:00,723.38,0,0.0
2025-05-23 13:00,777.012,1,24.88
2025-05-23 14:00,800.567,1,25.17
2025-05-23 15:00,843.763,1,25.44
2025-05-23 16:00,882.89,1,33.42
2025-05-23 17:00,919.925,1,48.07
2025-05-23 18:00,896.636,1,39.29
2025-05-23 19:00,850.107,1,25.01
2025-05-23 20:00,763.988,1,25.05
2025-05-23 21:00,698.193,0,0.0
2025-05-23 22:00,602.442,0,0.0
2025-05-23 23:00,545.344,0,0.0
2025-05-24 00:00,486.657,0,0.0
2025-05-24 01:00,467.426,0,0.0
2025-05-24 02:00,451.746,0,0.0
2025-05-24 03:00,441.25,0,0.0
2025-05-24 04:00,480.842,0,0.0
2025-05-24 05:00,553.687,0,0.0
2025-05-24 06:00,650.565,0,0.0
2025-05-24 07:00,713.486,0,0.0
2025-05-24 08:00,745.54,1,24.75
2025-05-24 09:00,681.281,0,0.0
2025-05-24 10:00,663.372,0,0.0
2025-05-24 11:00,650.692,0,0.0
2025-05-24 12:00,624.688,0,0.0
2025-05-24 13:00,633.154,0,0.0
2025-05-24 14:00,664.946,0,0.0
2025-05-24 15:00,749.014,1,24.56
2025-05-24 16:00,848.321,1,32.03
2025-05-24 17:00,881.062,1,42.55
2025-05-24 18:00,899.944,1,47.35
2025-05-24 19:00,847.922,1,33.01
2025-05-24 20:00,806.433,1,24.92
2025-05-24 21:00,721.199,1,25.26
2025-05-24 22:00,632.293,0,0.0
2025-05-24 23:00,581.845,0,0.0
2025-05-25 00:00,537.613,0,0.0
2025-05-25 01:00,532.091,0,0.0
2025-05-25 02:00,512.306,0,0.0
2025-05-25 03:00,494.482,0,0.0
2025-05-25 04:00,521.404,0,0.0
2025-05-25 05:00,593.182,0,0.0
2025-05-25 06:00,675.294,0,0.0
2025-05-25 07:00,776.711,0,0.0
2025-05-25 08:00,785.928,0,0.0
2025-05-25 09:00,747.881,0,0.0
2025-05-25 10:00,736.119,0,0.0
2025-05-25 11:00,697.261,0,0.0
2025-05-25 12:00,704.895,0,0.0
2025-05-25 13:00,727.917,0,0.0
2025-05-25 14:00,733.97,0,0.0
2025-05-25 15:00,779.727,0,0.0
2025-05-25 16:00,826.544,0,0.0
2025-05-25 17:00,902.766,1,24.63
2025-05-25 18:00,997.928,1,49.14
2025-05-25 19:00,928.151,1,23.92
2025-05-25 20:00,858.624,1,25.01
2025-05-25 21:00,756.065,0,0.0
2025-05-25 22:00,655.706,0,0.0
2025-05-25 23:00,585.095,0,0.0
2025-05-26 00:00,569.341,0,0.0
2025-05-26 01:00,544.469,0,0.0
2025-05-26 02:00,522.545,0,0.0
2025-05-26 03:00,506.723,0,0.0
2025-05-26 04:00,562.249,0,0.0
2025-05-26 05:00,613.612,0,0.0
2025-05-26 06:00,706.673,0,0.0
2025-05-26 07:00,826.369,0,0.0
2025-05-26 08:00,801.239,0,0.0
2025-05-26 09:00,825.232,0,0.0
2025-05-26 10:00,764.648,0,0.0
2025-05-26 11:00,755.76,0,0.0
2025-05-26 12:00,724.494,0,0.0
2025-05-26 13:00,719.269,0,0.0
2025-05-26 14:00,794.237,0,0.0
2025-05-26 15:00,897.902,0,0.0
2025-05-26 16:00,950.185,1,25.25
2025-05-26 17:00,1022.281,1,37.4
2025-05-26 18:00,1049.671,1,48.49
2025-05-26 19:00,1048.38,1,46.32
2025-05-26 20:00,878.196,1,24.55
2025-05-26 21:00,788.266,0,0.0
2025-05-26 22:00,668.305,0,0.0
2025-05-26 23:00,554.032,0,0.0
2025-05-27 00:00,526.31,0,0.0
2025-05-27 01:00,540.001,0,0.0
2025-05-27 02:00,512.212,0,0.0
2025-05-27 03:00,529.551,0,0.0
2025-05-27 04:00,585.756,0,0.0
2025-05-27 05:00,632.205,0,0.0
2025-05-27 06:00,733.037,0,0.0
2025-05-27 07:00,765.869,0,0.0
2025-05-27 08:00,781.866,0,0.0
2025-05-27 09:00,799.323,0,0.0
2025-05-27 10:00,769.78,0,0.0
2025-05-27 11:00,764.014,0,0.0
2025-05-27 12:00,749.838,0,0.0
2025-05-27 13:00,823.176,0,0.0
2025-05-27 14:00,834.841,0,0.0
2025-05-27 15:00,925.899,1,24.99
2025-05-27 16:00,986.199,1,24.92
2025-05-27 17:00,1100.206,1,48.54
2025-05-27 18:00,1070.623,1,40.57
2025-05-27 19:00,1012.992,1,25.43
2025-05-27 20:00,904.252,1,24.51
2025-05-27 21:00,800.769,0,0.0
2025-05-27 22:00,723.36,0,0.0
2025-05-27 23:00,653.146,0,0.0
2025-05-28 00:00,635.111,0,0.0
2025-05-28 01:00,576.179,0,0.0
2025-05-28 02:00,537.899,0,0.0
2025-05-28 03:00,536.315,0,0.0
2025-05-28 04:00,567.38,0,0.0
2025-05-28 05:00,612.11,0,0.0
2025-05-28 06:00,687.119,0,0.0
2025-05-28 07:00,804.555,0,0.0
2025-05-28 08:00,825.102,0,0.0
2025-05-28 09:00,848.74,0,0.0
2025-05-28 10:00,807.349,0,0.0
2025-05-28 11:00,801.624,0,0.0
2025-05-28 12:00,791.029,0,0.0
2025-05-28 13:00,777.66,0,0.0
2025-05-28 14:00,817.985,0,0.0
2025-05-28 15:00,920.714,0,0.0
2025-05-28 16:00,985.361,1,25.59
2025-05-28 17:00,1072.481,1,31.09
2025-05-28 18:00,1114.621,1,47.93
2025-05-28 19:00,1051.391,1,24.95
2025-05-28 20:00,950.764,1,24.81
2025-05-28 21:00,845.65,0,0.0
2025-05-28 22:00,744.605,0,0.0
2025-05-28 23:00,631.92,0,0.0
2025-05-29 00:00,598.999,0,0.0
2025-05-29 01:00,557.514,0,0.0
2025-05-29 02:00,531.02,0,0.0
2025-05-29 03:00,554.3,0,0.0
2025-05-29 04:00,569.428,0,0.0
2025-05-29 05:00,588.133,0,0.0
2025-05-29 06:00,707.789,1,25.14
2025-05-29 07:00,750.952,1,25.08
2025-05-29 08:00,734.171,1,25.34
2025-05-29 09:00,761.031,1,25.05
2025-05-29 10:00,742.321,1,25.46
2025-05-29 11:00,744.772,1,25.06
2025-05-29 12:00,719.461,1,25.03
2025-05-29 13:00,702.806,1,25.34
2025-05-29 14:00,710.932,1,24.85
2025-05-29 15:00,762.701,1,24.59
2025-05-29 16:00,797.273,1,25.0
2025-05-29 17:00,886.807,1,42.22
2025-05-29 18:00,916.537,1,48.67
2025-05-29 19:00,892.868,1,43.71
2025-05-29 20:00,831.023,1,30.27
2025-05-29 21:00,754.225,1,24.94
2025-05-29 22:00,672.967,0,0.0
2025-05-29 23:00,600.43,0,0.0
2025-05-30 00:00,573.294,0,0.0
2025-05-30 01:00,545.638,0,0.0
2025-05-30 02:00,483.966,0,0.0
2025-05-30 03:00,503.727,0,0.0
2025-05-30 04:00,542.687,0,0.0
2025-05-30 05:00,606.082,0,0.0
2025-05-30 06:00,673.233,0,0.0
2025-05-30 07:00,749.909,0,0.0
2025-05-30 08:00,757.406,0,0.0
2025-05-30 09:00,775.076,0,0.0
2025-05-30 10:00,710.966,0,0.0
2025-05-30 11:00,682.42,0,0.0
2025-05-30 12:00,694.8,0,0.0
2025-05-30 13:00,702.171,0,0.0
2025-05-30 14:00,717.516,0,0.0
2025-05-30 15:00,803.123,0,0.0
2025-05-30 16:00,903.461,1,24.39
2025-05-30 17:00,994.339,1,32.56
2025-05-30 18:00,1053.843,1,48.58
2025-05-30 19:00,985.982,1,29.82
2025-05-30 20:00,889.795,1,24.99
2025-05-30 21:00,768.903,0,0.0
2025-05-30 22:00,675.62,0,0.0
2025-05-30 23:00,598.465,0,0.0
2025-05-31 00:00,525.752,0,0.0
2025-05-31 01:00,509.249,0,0.0
2025-05-31 02:00,514.729,0,0.0
2025-05-31 03:00,518.232,0,0.0
2025-05-31 04:00,579.413,0,0.0
2025-05-31 05:00,606.073,0,0.0
2025-05-31 06:00,654.635,0,0.0
2025-05-31 07:00,751.686,1,25.04
2025-05-31 08:00,760.58,1,24.67
2025-05-31 09:00,740.584,1,25.08
2025-05-31 10:00,668.461,0,0.0
2025-05-31 11:00,642.333,0,0.0
2025-05-31 12:00,604.103,0,0.0
2025-05-31 13:00,623.826,0,0.0
2025-05-31 14:00,657.374,0,0.0
2025-05-31 15:00,717.456,0,0.0
2025-05-31 16:00,824.819,1,25.12
2025-05-31 17:00,911.74,1,48.57
2025-05-31 18:00,889.431,1,40.11
2025-05-31 19:00,874.342,1,35.81
2025-05-31 20:00,806.175,1,24.93
2025-05-31 21:00,714.809,0,0.0
2025-05-31 22:00,625.155,0,0.0
2025-05-31 23:00,569.907,0,0.0
2025-06-01 00:00,507.56,0,0.0
2025-06-01 01:00,479.551,0,0.0
2025-06-01 02:00,488.363,0,0.0
2025-06-01 03:00,461.113,0,0.0
2025-06-01 04:00,458.718,0,0.0
2025-06-01 05:00,502.301,0,0.0
2025-06-01 06:00,550.874,0,0.0
2025-06-01 07:00,597.422,0,0.0
2025-06-01 08:00,666.668,0,0.0
2025-06-01 09:00,760.133,1,25.51
2025-06-01 10:00,791.957,1,28.71
2025-06-01 11:00,815.849,1,40.12
2025-06-01 12:00,769.717,1,25.14
2025-06-01 13:00,810.026,1,36.65
2025-06-01 14:00,835.639,1,46.41
2025-06-01 15:00,835.772,1,47.06
2025-06-01 16:00,837.641,1,48.05
2025-06-01 17:00,822.336,1,41.13
2025-06-01 18:00,755.69,1,24.83
2025-06-01 19:00,719.657,1,25.16
2025-06-01 20:00,699.194,1,25.17
2025-06-01 21:00,635.899,0,0.0
2025-06-01 22:00,561.762,0,0.0
2025-06-01 23:00,520.236,0,0.0
2025-06-02 00:00,558.611,0,0.0
2025-06-02 01:00,505.41,0,0.0
2025-06-02 02:00,504.924,0,0.0
2025-06-02 03:00,479.366,0,0.0
2025-06-02 04:00,501.302,0,0.0
2025-06-02 05:00,536.452,0,0.0
2025-06-02 06:00,600.431,0,0.0
2025-06-02 07:00,731.003,1,25.31
2025-06-02 08:00,765.96,1,25.2
2025-06-02 09:00,829.435,1,24.84
2025-06-02 10:00,914.159,1,42.52
2025-06-02 11:00,943.425,0,0.0
2025-06-02 12:00,907.028,1,40.07
2025-06-02 13:00,880.06,1,35.05
2025-06-02 14:00,876.696,1,34.77
2025-06-02 15:00,906.155,1,41.21
2025-06-02 16:00,906.352,1,40.32
2025-06-02 17:00,841.416,1,27.74
2025-06-02 18:00,783.498,1,24.75
2025-06-02 19:00,718.141,1,25.01
2025-06-02 20:00,672.334,0,0.0
2025-06-02 21:00,675.03,1,25.0
2025-06-02 22:00,595.114,0,0.0
2025-06-02 23:00,535.56,0,0.0
2025-06-03 00:00,505.645,0,0.0
2025-06-03 01:00,498.604,0,0.0
2025-06-03 02:00,488.416,0,0.0
2025-06-03 03:00,462.439,0,0.0
2025-06-03 04:00,476.184,0,0.0
2025-06-03 05:00,509.615,0,0.0
2025-06-03 06:00,594.517,0,0.0
2025-06-03 07:00,754.782,0,0.0
2025-06-03 08:00,842.133,1,24.82
2025-06-03 09:00,878.396,1,24.78
2025-06-03 10:00,882.629,1,25.72
2025-06-03 11:00,854.155,1,25.63
2025-06-03 12:00,897.755,1,24.66
2025-06-03 13:00,935.252,1,33.27
2025-06-03 14:00,932.008,1,33.52
2025-06-03 15:00,987.219,1,48.39
2025-06-03 16:00,965.089,1,42.83
2025-06-03 17:00,952.617,1,38.07
2025-06-03 18:00,905.174,1,26.19
2025-06-03 19:00,828.599,1,24.73
2025-06-03 20:00,736.12,0,0.0
2025-06-03 21:00,672.638,0,0.0
2025-06-03 22:00,631.615,0,0.0
2025-06-03 23:00,572.672,0,0.0
2025-06-04 00:00,565.889,0,0.0
2025-06-04 01:00,513.699,0,0.0
2025-06-04 02:00,515.13,0,0.0
2025-06-04 03:00,504.691,0,0.0
2025-06-04 04:00,496.869,0,0.0
2025-06-04 05:00,539.119,0,0.0
2025-06-04 06:00,636.021,0,0.0
2025-06-04 07:00,694.108,0,0.0
2025-06-04 08:00,741.981,0,0.0
2025-06-04 09:00,792.315,1,25.47
2025-06-04 10:00,894.898,1,28.71
2025-06-04 11:00,885.209,0,0.0
2025-06-04 12:00,916.126,1,35.27
2025-06-04 13:00,937.116,1,43.95
2025-06-04 14:00,929.536,1,41.59
2025-06-04 15:00,950.289,1,48.91
2025-06-04 16:00,919.992,1,37.92
2025-06-04 17:00,881.085,1,25.13
2025-06-04 18:00,790.757,1,24.63
2025-06-04 19:00,745.619,0,0.0
2025-06-04 20:00,720.999,0,0.0
2025-06-04 21:00,666.056,1,25.0
2025-06-04 22:00,632.055,0,0.0
2025-06-04 23:00,594.765,0,0.0
2025-06-05 00:00,573.811,0,0.0
2025-06-05 01:00,528.217,0,0.0
2025-06-05 02:00,504.047,0,0.0
2025-06-05 03:00,464.911,0,0.0
2025-06-05 04:00,479.983,0,0.0
2025-06-05 05:00,531.253,0,0.0
2025-06-05 06:00,646.02,0,0.0
2025-06-05 07:00,748.608,0,0.0
2025-06-05 08:00,797.073,1,25.25
2025-06-05 09:00,799.693,1,24.26
2025-06-05 10:00,829.775,1,24.73
2025-06-05 11:00,876.955,1,25.28
2025-06-05 12:00,886.648,1,24.85
2025-06-05 13:00,921.585,1,32.15
2025-06-05 14:00,929.911,1,35.33
2025-06-05 15:00,969.023,1,47.58
2025-06-05 16:00,897.623,1,24.62
2025-06-05 17:00,925.259,1,32.56
2025-06-05 18:00,841.623,1,24.84
2025-06-05 19:00,807.212,1,25.58
2025-06-05 20:00,737.504,0,0.0
2025-06-05 21:00,674.383,0,0.0
2025-06-05 22:00,609.558,0,0.0
2025-06-05 23:00,571.176,0,0.0
2025-06-06 00:00,565.041,0,0.0
2025-06-06 01:00,552.46,0,0.0
2025-06-06 02:00,557.237,0,0.0
2025-06-06 03:00,538.531,0,0.0
2025-06-06 04:00,577.608,0,0.0
2025-06-06 05:00,617.336,0,0.0
2025-06-06 06:00,712.052,0,0.0
2025-06-06 07:00,807.975,0,0.0
2025-06-06 08:00,859.624,1,24.94
2025-06-06 09:00,901.629,1,24.95
2025-06-06 10:00,938.001,1,24.75
2025-06-06 11:00,941.037,1,25.24
2025-06-06 12:00,960.08,1,32.45
2025-06-06 13:00,993.179,1,47.07
2025-06-06 14:00,994.726,1,47.77
2025-06-06 15:00,901.706,0,0.0
2025-06-06 16:00,950.128,1,27.62
2025-06-06 17:00,906.899,1,25.52
2025-06-06 18:00,835.993,1,25.52
2025-06-06 19:00,749.45,0,0.0
2025-06-06 20:00,692.057,0,0.0
2025-06-06 21:00,629.58,1,25.0
2025-06-06 22:00,565.389,0,0.0
2025-06-06 23:00,518.863,0,0.0
2025-06-07 00:00,493.198,0,0.0
2025-06-07 01:00,506.706,0,0.0
2025-06-07 02:00,503.885,0,0.0
2025-06-07 03:00,503.27,0,0.0
2025-06-07 04:00,505.304,0,0.0
2025-06-07 05:00,546.916,0,0.0
2025-06-07 06:00,624.739,0,0.0
2025-06-07 07:00,691.879,0,0.0
2025-06-07 08:00,750.061,1,25.69
2025-06-07 09:00,815.936,1,25.71
2025-06-07 10:00,871.726,1,45.28
2025-06-07 11:00,879.144,1,47.65
2025-06-07 12:00,850.239,1,35.24
2025-06-07 13:00,855.023,1,38.08
2025-06-07 14:00,826.092,1,25.14
2025-06-07 15:00,850.873,1,36.09
2025-06-07 16:00,852.137,1,37.48
2025-06-07 17:00,820.761,1,25.08
2025-06-07 18:00,791.137,1,25.87
2025-06-07 19:00,748.912,1,24.58
2025-06-07 20:00,698.591,0,0.0
2025-06-07 21:00,613.782,0,0.0
2025-06-07 22:00,557.692,0,0.0
2025-06-07 23:00,528.181,0,0.0
2025-06-08 00:00,544.685,0,0.0
2025-06-08 01:00,506.798,0,0.0
2025-06-08 02:00,499.424,0,0.0
2025-06-08 03:00,495.731,0,0.0
2025-06-08 04:00,501.974,0,0.0
2025-06-08 05:00,563.04,0,0.0
2025-06-08 06:00,655.857,0,0.0
2025-06-08 07:00,769.459,0,0.0
2025-06-08 08:00,843.475,1,24.82
2025-06-08 09:00,938.561,1,24.95
2025-06-08 10:00,926.955,1,25.38
2025-06-08 11:00,985.213,1,37.37
2025-06-08 12:00,996.942,1,39.07
2025-06-08 13:00,1026.671,1,47.63
2025-06-08 14:00,1003.526,1,40.65
2025-06-08 15:00,1022.68,1,48.21
2025-06-08 16:00,1026.701,1,48.63
2025-06-08 17:00,935.057,1,24.26
2025-06-08 18:00,868.757,1,24.98
2025-06-08 19:00,741.053,0,0.0
2025-06-08 20:00,682.088,0,0.0
2025-06-08 21:00,609.932,0,0.0
2025-06-08 22:00,555.536,0,0.0
2025-06-08 23:00,573.777,0,0.0
2025-06-09 00:00,620.888,0,0.0
2025-06-09 01:00,549.792,0,0.0
2025-06-09 02:00,539.869,0,0.0
2025-06-09 03:00,532.817,0,0.0
2025-06-09 04:00,536.087,0,0.0
2025-06-09 05:00,581.947,0,0.0
2025-06-09 06:00,661.403,0,0.0
2025-06-09 07:00,715.684,0,0.0
2025-06-09 08:00,762.621,0,0.0
2025-06-09 09:00,817.32,1,25.59
2025-06-09 10:00,854.08,1,25.32
2025-06-09 11:00,850.044,1,25.0
2025-06-09 12:00,846.097,0,0.0
2025-06-09 13:00,867.507,1,24.96
2025-06-09 14:00,919.649,1,27.93
2025-06-09 15:00,934.176,1,33.13
2025-06-09 16:00,974.52,1,48.93
2025-06-09 17:00,913.686,1,24.75
2025-06-09 18:00,871.756,1,24.7
2025-06-09 19:00,798.18,1,25.1
2025-06-09 20:00,752.827,0,0.0
2025-06-09 21:00,670.163,0,0.0
2025-06-09 22:00,653.174,0,0.0
2025-06-09 23:00,565.42,0,0.0
2025-06-10 00:00,584.929,0,0.0
2025-06-10 01:00,550.059,0,0.0
2025-06-10 02:00,540.022,0,0.0
2025-06-10 03:00,542.236,0,0.0
2025-06-10 04:00,565.428,0,0.0
2025-06-10 05:00,590.45,0,0.0
2025-06-10 06:00,676.479,0,0.0
2025-06-10 07:00,810.966,1,25.1
2025-06-10 08:00,852.907,1,24.4
2025-06-10 09:00,952.874,1,40.97
2025-06-10 10:00,977.939,1,48.34
2025-06-10 11:00,961.905,1,44.22
2025-06-10 12:00,936.256,1,35.52
2025-06-10 13:00,938.386,1,36.64
2025-06-10 14:00,886.051,1,25.42
2025-06-10 15:00,894.955,1,25.62
2025-06-10 16:00,881.369,1,25.16
2025-06-10 17:00,827.818,1,25.43
2025-06-10 18:00,821.497,1,25.17
2025-06-10 19:00,763.639,0,0.0
2025-06-10 20:00,695.098,0,0.0
2025-06-10 21:00,637.49,0,0.0
2025-06-10 22:00,594.853,0,0.0
2025-06-10 23:00,556.354,0,0.0
2025-06-11 00:00,530.659,0,0.0
2025-06-11 01:00,508.619,0,0.0
2025-06-11 02:00,496.226,0,0.0
2025-06-11 03:00,464.433,0,0.0
2025-06-11 04:00,479.197,0,0.0
2025-06-11 05:00,538.986,0,0.0
2025-06-11 06:00,627.958,0,0.0
2025-06-11 07:00,712.535,0,0.0
2025-06-11 08:00,807.392,1,25.41
2025-06-11 09:00,822.167,1,24.57
2025-06-11 10:00,826.21,1,24.44
2025-06-11 11:00,840.99,1,24.64
2025-06-11 12:00,910.886,1,24.6
2025-06-11 13:00,929.639,1,27.59
2025-06-11 14:00,933.55,1,28.7
2025-06-11 15:00,999.466,1,47.29
2025-06-11 16:00,964.926,1,38.56
2025-06-11 17:00,998.568,1,48.65
2025-06-11 18:00,916.758,1,24.4
2025-06-11 19:00,814.163,1,24.62
2025-06-11 20:00,745.5,0,0.0
2025-06-11 21:00,677.251,0,0.0
2025-06-11 22:00,599.48,0,0.0
2025-06-11 23:00,610.419,0,0.0
2025-06-12 00:00,593.67,0,0.0
2025-06-12 01:00,563.729,0,0.0
2025-06-12 02:00,532.771,0,0.0
2025-06-12 03:00,503.271,0,0.0
2025-06-12 04:00,535.511,0,0.0
2025-06-12 05:00,545.344,0,0.0
2025-06-12 06:00,595.986,0,0.0
2025-06-12 07:00,682.136,0,0.0
2025-06-12 08:00,798.666,1,24.99
2025-06-12 09:00,832.442,1,24.51
2025-06-12 10:00,876.587,1,25.31
2025-06-12 11:00,891.669,1,24.25
2025-06-12 12:00,946.794,1,40.46
2025-06-12 13:00,903.485,1,25.36
2025-06-12 14:00,944.736,1,40.2
2025-06-12 15:00,951.022,1,42.03
2025-06-12 16:00,965.354,1,47.5
2025-06-12 17:00,902.517,1,24.91
2025-06-12 18:00,857.996,1,24.52
2025-06-12 19:00,794.708,1,24.96
2025-06-12 20:00,709.201,0,0.0
2025-06-12 21:00,625.502,0,0.0
2025-06-12 22:00,565.72,0,0.0
2025-06-12 23:00,535.347,0,0.0
2025-06-13 00:00,512.797,0,0.0
2025-06-13 01:00,486.374,0,0.0
2025-06-13 02:00,445.685,0,0.0
2025-06-13 03:00,437.554,0,0.0
2025-06-13 04:00,479.955,0,0.0
2025-06-13 05:00,542.112,0,0.0
2025-06-13 06:00,616.307,0,0.0
2025-06-13 07:00,713.575,0,0.0
2025-06-13 08:00,766.373,0,0.0
2025-06-13 09:00,863.349,1,25.42
2025-06-13 10:00,953.226,1,25.1
2025-06-13 11:00,959.852,1,24.83
2025-06-13 12:00,1044.506,1,48.79
2025-06-13 13:00,1013.969,1,39.98
2025-06-13 14:00,972.012,1,27.75
2025-06-13 15:00,956.824,0,0.0
2025-06-13 16:00,932.714,1,24.51
2025-06-13 17:00,975.447,1,29.52
2025-06-13 18:00,905.646,1,25.34
2025-06-13 19:00,809.931,0,0.0
2025-06-13 20:00,723.422,0,0.0
2025-06-13 21:00,693.507,0,0.0
2025-06-13 22:00,650.554,0,0.0
2025-06-13 23:00,587.519,0,0.0
2025-06-14 00:00,500.715,0,0.0
2025-06-14 01:00,457.866,0,0.0
2025-06-14 02:00,480.123,0,0.0
2025-06-14 03:00,477.28,0,0.0
2025-06-14 04:00,490.792,0,0.0
2025-06-14 05:00,566.242,0,0.0
2025-06-14 06:00,674.541,0,0.0
2025-06-14 07:00,753.353,1,25.2
2025-06-14 08:00,816.417,1,31.8
2025-06-14 09:00,833.647,1,37.36
2025-06-14 10:00,847.337,1,43.4
2025-06-14 11:00,813.471,1,29.94
2025-06-14 12:00,786.715,1,25.37
2025-06-14 13:00,759.021,1,24.7
2025-06-14 14:00,823.51,1,34.18
2025-06-14 15:00,797.739,1,24.96
2025-06-14 16:00,861.21,1,47.15
2025-06-14 17:00,814.323,1,30.28
2025-06-14 18:00,828.276,1,36.32
2025-06-14 19:00,756.737,1,24.62
2025-06-14 20:00,660.352,0,0.0
2025-06-14 21:00,640.286,0,0.0
2025-06-14 22:00,611.049,0,0.0
2025-06-14 23:00,544.007,0,0.0
2025-06-15 00:00,522.37,0,0.0
2025-06-15 01:00,478.519,0,0.0
2025-06-15 02:00,465.61,0,0.0
2025-06-15 03:00,456.25,0,0.0
2025-06-15 04:00,466.017,0,0.0
2025-06-15 05:00,476.665,0,0.0
2025-06-15 06:00,538.428,0,0.0
2025-06-15 07:00,643.346,0,0.0
2025-06-15 08:00,711.801,0,0.0
2025-06-15 09:00,750.056,1,24.34
2025-06-15 10:00,757.812,1,25.05
2025-06-15 11:00,764.36,1,24.89
2025-06-15 12:00,831.78,1,26.69
2025-06-15 13:00,814.172,1,24.94
2025-06-15 14:00,858.33,1,38.98
2025-06-15 15:00,876.858,1,48.03
2025-06-15 16:00,872.782,1,46.99
2025-06-15 17:00,823.448,1,24.6
2025-06-15 18:00,776.502,1,25.33
2025-06-15 19:00,726.678,1,25.08
2025-06-15 20:00,662.896,0,0.0
2025-06-15 21:00,621.012,0,0.0
2025-06-15 22:00,577.502,0,0.0
2025-06-15 23:00,576.361,0,0.0
2025-06-16 00:00,595.063,0,0.0
2025-06-16 01:00,521.056,0,0.0
2025-06-16 02:00,527.84,0,0.0
2025-06-16 03:00,505.835,0,0.0
2025-06-16 04:00,555.319,0,0.0
2025-06-16 05:00,624.267,0,0.0
2025-06-16 06:00,683.535,0,0.0
2025-06-16 07:00,788.653,0,0.0
2025-06-16 08:00,840.883,0,0.0
2025-06-16 09:00,880.131,0,0.0
2025-06-16 10:00,925.016,1,24.54
2025-06-16 11:00,965.748,1,24.75
2025-06-16 12:00,995.91,1,24.98
2025-06-16 13:00,997.688,1,24.9
2025-06-16 14:00,1080.241,1,48.07
2025-06-16 15:00,1058.424,1,39.7
2025-06-16 16:00,969.444,1,24.57
2025-06-16 17:00,886.969,1,25.29
2025-06-16 18:00,889.349,1,24.69
2025-06-16 19:00,819.335,0,0.0
2025-06-16 20:00,757.81,0,0.0
2025-06-16 21:00,679.574,0,0.0
2025-06-16 22:00,608.872,0,0.0
2025-06-16 23:00,549.812,0,0.0
2025-06-17 00:00,548.249,0,0.0
2025-06-17 01:00,518.157,0,0.0
2025-06-17 02:00,512.51,0,0.0
2025-06-17 03:00,503.066,0,0.0
2025-06-17 04:00,509.379,0,0.0
2025-06-17 05:00,526.251,0,0.0
2025-06-17 06:00,569.312,0,0.0
2025-06-17 07:00,739.804,0,0.0
2025-06-17 08:00,854.425,1,24.88
2025-06-17 09:00,931.264,1,32.66
2025-06-17 10:00,927.236,1,29.95
2025-06-17 11:00,933.352,1,33.58
2025-06-17 12:00,914.905,1,24.93
2025-06-17 13:00,885.649,1,25.45
2025-06-17 14:00,886.665,1,25.15
2025-06-17 15:00,953.178,1,42.94
2025-06-17 16:00,964.35,1,46.98
2025-06-17 17:00,896.961,1,24.41
2025-06-17 18:00,843.497,1,25.4
2025-06-17 19:00,807.397,1,25.4
2025-06-17 20:00,729.942,0,0.0
2025-06-17 21:00,673.315,0,0.0
2025-06-17 22:00,622.626,0,0.0
2025-06-17 23:00,583.813,0,0.0
2025-06-18 00:00,571.172,0,0.0
2025-06-18 01:00,525.695,0,0.0
2025-06-18 02:00,500.881,0,0.0
2025-06-18 03:00,468.239,0,0.0
2025-06-18 04:00,459.647,0,0.0
2025-06-18 05:00,508.031,0,0.0
2025-06-18 06:00,604.539,0,0.0
2025-06-18 07:00,661.543,0,0.0
2025-06-18 08:00,749.965,0,0.0
2025-06-18 09:00,824.393,1,24.95
2025-06-18 10:00,801.015,1,24.79
2025-06-18 11:00,819.374,1,25.2
2025-06-18 12:00,897.552,1,24.61
2025-06-18 13:00,930.995,1,48.09
2025-06-18 14:00,882.657,1,24.6
2025-06-18 15:00,927.706,1,45.26
2025-06-18 16:00,891.987,1,24.61
2025-06-18 17:00,891.974,1,24.85
2025-06-18 18:00,828.36,1,24.75
2025-06-18 19:00,773.492,0,0.0
2025-06-18 20:00,705.1,1,25.0
2025-06-18 21:00,652.798,0,0.0
2025-06-18 22:00,586.396,0,0.0
2025-06-18 23:00,543.995,0,0.0
2025-06-19 00:00,511.553,0,0.0
2025-06-19 01:00,500.519,0,0.0
2025-06-19 02:00,493.816,0,0.0
2025-06-19 03:00,454.233,0,0.0
2025-06-19 04:00,493.498,0,0.0
2025-06-19 05:00,537.04,0,0.0
2025-06-19 06:00,617.08,0,0.0
2025-06-19 07:00,727.453,0,0.0
2025-06-19 08:00,811.182,0,0.0
2025-06-19 09:00,888.643,1,25.18
2025-06-19 10:00,902.672,1,24.31
2025-06-19 11:00,944.672,1,24.78
2025-06-19 12:00,953.96,1,25.17
2025-06-19 13:00,976.599,1,25.38
2025-06-19 14:00,994.833,1,32.91
2025-06-19 15:00,1040.474,0,0.0
2025-06-19 16:00,1030.905,1,45.25
2025-06-19 17:00,966.412,1,25.3
2025-06-19 18:00,887.811,1,25.05
2025-06-19 19:00,818.912,0,0.0
2025-06-19 20:00,733.797,0,0.0
2025-06-19 21:00,649.427,0,0.0
2025-06-19 22:00,550.216,0,0.0
2025-06-19 23:00,489.997,0,0.0
2025-06-20 00:00,529.964,0,0.0
2025-06-20 01:00,493.68,0,0.0
2025-06-20 02:00,519.276,0,0.0
2025-06-20 03:00,509.557,0,0.0
2025-06-20 04:00,521.589,0,0.0
2025-06-20 05:00,536.332,0,0.0
2025-06-20 06:00,612.951,0,0.0
2025-06-20 07:00,752.055,0,0.0
2025-06-20 08:00,867.732,1,24.81
2025-06-20 09:00,911.393,1,25.28
2025-06-20 10:00,895.896,1,24.87
2025-06-20 11:00,877.209,1,25.04
2025-06-20 12:00,866.913,1,24.93
2025-06-20 13:00,928.755,0,0.0
2025-06-20 14:00,995.011,1,46.81
2025-06-20 15:00,1005.997,1,47.4
2025-06-20 16:00,969.669,1,37.61
2025-06-20 17:00,980.679,1,41.18
2025-06-20 18:00,888.811,1,25.05
2025-06-20 19:00,822.507,1,24.86
2025-06-20 20:00,768.048,0,0.0
2025-06-20 21:00,679.703,0,0.0
2025-06-20 22:00,605.017,0,0.0
2025-06-20 23:00,548.348,0,0.0
2025-06-21 00:00,531.555,0,0.0
2025-06-21 01:00,534.451,0,0.0
2025-06-21 02:00,514.12,0,0.0
2025-06-21 03:00,488.722,0,0.0
2025-06-21 04:00,489.273,0,0.0
2025-06-21 05:00,530.728,0,0.0
2025-06-21 06:00,589.387,0,0.0
2025-06-21 07:00,672.101,0,0.0
2025-06-21 08:00,754.14,1,25.07
2025-06-21 09:00,784.584,1,24.9
2025-06-21 10:00,808.393,1,25.09
2025-06-21 11:00,818.938,1,25.31
2025-06-21 12:00,826.07,0,0.0
2025-06-21 13:00,830.475,1,29.59
2025-06-21 14:00,873.187,1,46.54
2025-06-21 15:00,832.609,1,30.14
2025-06-21 16:00,877.832,1,48.82
2025-06-21 17:00,853.204,1,37.89
2025-06-21 18:00,826.79,1,28.01
2025-06-21 19:00,784.173,1,25.47
2025-06-21 20:00,701.944,0,0.0
2025-06-21 21:00,622.696,0,0.0
2025-06-21 22:00,548.559,0,0.0
2025-06-21 23:00,508.897,0,0.0
2025-06-22 00:00,513.197,0,0.0
2025-06-22 01:00,476.977,0,0.0
2025-06-22 02:00,476.629,0,0.0
2025-06-22 03:00,424.621,0,0.0
2025-06-22 04:00,438.721,0,0.0
2025-06-22 05:00,506.938,0,0.0
2025-06-22 06:00,575.119,0,0.0
2025-06-22 07:00,641.354,1,25.38
2025-06-22 08:00,698.258,1,25.49
2025-06-22 09:00,663.542,1,25.01
2025-06-22 10:00,682.013,1,24.87
2025-06-22 11:00,749.774,1,32.77
2025-06-22 12:00,760.531,1,37.52
2025-06-22 13:00,775.141,1,42.72
2025-06-22 14:00,732.215,1,25.15
2025-06-22 15:00,719.506,1,24.91
2025-06-22 16:00,774.78,1,43.04
2025-06-22 17:00,785.72,1,47.51
2025-06-22 18:00,720.459,1,24.77
2025-06-22 19:00,667.572,1,25.48
2025-06-22 20:00,629.996,0,0.0
2025-06-22 21:00,562.245,0,0.0
2025-06-22 22:00,483.692,1,25.0
2025-06-22 23:00,461.249,0,0.0
2025-06-23 00:00,503.019,0,0.0
2025-06-23 01:00,495.763,0,0.0
2025-06-23 02:00,502.546,0,0.0
2025-06-23 03:00,462.275,0,0.0
2025-06-23 04:00,483.569,0,0.0
2025-06-23 05:00,526.386,0,0.0
2025-06-23 06:00,601.663,0,0.0
2025-06-23 07:00,688.352,0,0.0
2025-06-23 08:00,748.214,1,24.55
2025-06-23 09:00,710.864,0,0.0
2025-06-23 10:00,796.083,1,24.84
2025-06-23 11:00,833.899,1,29.27
2025-06-23 12:00,810.859,1,25.85
2025-06-23 13:00,856.193,1,38.46
2025-06-23 14:00,866.73,1,42.1
2025-06-23 15:00,878.732,1,47.17
2025-06-23 16:00,851.792,1,37.17
2025-06-23 17:00,855.205,1,38.5
2025-06-23 18:00,796.426,1,24.69
2025-06-23 19:00,720.043,1,24.82
2025-06-23 20:00,707.606,1,25.0
2025-06-23 21:00,650.376,0,0.0
2025-06-23 22:00,593.641,0,0.0
2025-06-23 23:00,567.811,0,0.0
2025-06-24 00:00,540.456,0,0.0
2025-06-24 01:00,505.286,0,0.0
2025-06-24 02:00,499.945,0,0.0
2025-06-24 03:00,460.416,0,0.0
2025-06-24 04:00,484.917,0,0.0
2025-06-24 05:00,518.106,0,0.0
2025-06-24 06:00,614.783,0,0.0
2025-06-24 07:00,719.798,0,0.0
2025-06-24 08:00,806.657,1,25.51
2025-06-24 09:00,803.06,1,25.55
2025-06-24 10:00,835.782,1,24.79
2025-06-24 11:00,820.234,1,24.92
2025-06-24 12:00,845.148,1,29.51
2025-06-24 13:00,795.303,0,0.0
2025-06-24 14:00,780.317,1,24.99
2025-06-24 15:00,860.021,1,38.59
2025-06-24 16:00,873.79,1,48.15
2025-06-24 17:00,844.547,1,29.32
2025-06-24 18:00,784.858,1,25.21
2025-06-24 19:00,711.573,0,0.0
2025-06-24 20:00,677.173,0,0.0
2025-06-24 21:00,623.558,0,0.0
2025-06-24 22:00,610.143,0,0.0
2025-06-24 23:00,562.818,0,0.0
2025-06-25 00:00,550.605,0,0.0
2025-06-25 01:00,496.214,0,0.0
2025-06-25 02:00,480.8,0,0.0
2025-06-25 03:00,475.008,0,0.0
2025-06-25 04:00,486.624,0,0.0
2025-06-25 05:00,524.885,0,0.0
2025-06-25 06:00,609.415,0,0.0
2025-06-25 07:00,739.214,0,0.0
2025-06-25 08:00,816.72,1,25.16
2025-06-25 09:00,892.823,1,29.57
2025-06-25 10:00,934.135,1,37.04
2025-06-25 11:00,972.466,1,45.77
2025-06-25 12:00,954.013,1,41.76
2025-06-25 13:00,953.714,1,40.23
2025-06-25 14:00,955.983,1,41.37
2025-06-25 15:00,985.089,1,47.89
2025-06-25 16:00,988.525,1,46.89
2025-06-25 17:00,950.709,1,40.34
2025-06-25 18:00,921.093,1,36.58
2025-06-25 19:00,829.97,1,24.88
2025-06-25 20:00,784.594,1,25.41
2025-06-25 21:00,736.633,0,0.0
2025-06-25 22:00,675.877,0,0.0
2025-06-25 23:00,619.151,0,0.0
2025-06-26 00:00,608.324,0,0.0
2025-06-26 01:00,550.089,0,0.0
2025-06-26 02:00,533.714,0,0.0
2025-06-26 03:00,519.266,0,0.0
2025-06-26 04:00,506.903,0,0.0
2025-06-26 05:00,561.671,0,0.0
2025-06-26 06:00,608.842,0,0.0
2025-06-26 07:00,689.623,0,0.0
2025-06-26 08:00,768.887,0,0.0
2025-06-26 09:00,796.147,0,0.0
2025-06-26 10:00,835.584,1,25.18
2025-06-26 11:00,858.673,1,24.33
2025-06-26 12:00,852.478,1,24.7
2025-06-26 13:00,893.933,1,25.27
2025-06-26 14:00,887.85,1,25.37
2025-06-26 15:00,986.039,1,48.26
2025-06-26 16:00,959.878,1,33.66
2025-06-26 17:00,887.06,1,25.15
2025-06-26 18:00,815.709,0,0.0
2025-06-26 19:00,797.319,0,0.0
2025-06-26 20:00,726.473,0,0.0
2025-06-26 21:00,636.536,0,0.0
2025-06-26 22:00,604.894,0,0.0
2025-06-26 23:00,554.215,0,0.0
2025-06-27 00:00,555.311,0,0.0
2025-06-27 01:00,542.653,0,0.0
2025-06-27 02:00,529.152,0,0.0
2025-06-27 03:00,552.009,0,0.0
2025-06-27 04:00,527.498,0,0.0
2025-06-27 05:00,554.891,0,0.0
2025-06-27 06:00,624.468,0,0.0
2025-06-27 07:00,772.165,0,0.0
2025-06-27 08:00,892.642,1,24.92
2025-06-27 09:00,962.859,1,43.44
2025-06-27 10:00,950.422,1,36.18
2025-06-27 11:00,931.37,1,25.47
2025-06-27 12:00,912.837,1,24.64
2025-06-27 13:00,900.888,1,25.15
2025-06-27 14:00,967.252,1,47.03
2025-06-27 15:00,968.296,1,48.45
2025-06-27 16:00,945.493,1,31.53
2025-06-27 17:00,937.056,1,26.35
2025-06-27 18:00,834.291,1,25.45
2025-06-27 19:00,780.96,0,0.0
2025-06-27 20:00,696.345,0,0.0
2025-06-27 21:00,639.16,0,0.0
2025-06-27 22:00,575.795,0,0.0
2025-06-27 23:00,527.654,0,0.0
2025-06-28 00:00,494.231,0,0.0
2025-06-28 01:00,476.196,0,0.0
2025-06-28 02:00,462.091,0,0.0
2025-06-28 03:00,457.738,0,0.0
2025-06-28 04:00,458.578,0,0.0
2025-06-28 05:00,515.775,0,0.0
2025-06-28 06:00,582.613,0,0.0
2025-06-28 07:00,656.576,0,0.0
2025-06-28 08:00,708.426,0,0.0
2025-06-28 09:00,749.515,1,25.68
2025-06-28 10:00,837.696,1,26.73
2025-06-28 11:00,846.944,1,30.68
2025-06-28 12:00,824.893,1,25.38
2025-06-28 13:00,870.523,1,38.47
2025-06-28 14:00,868.73,1,37.99
2025-06-28 15:00,892.897,1,47.5
2025-06-28 16:00,859.652,1,34.71
2025-06-28 17:00,872.755,1,39.71
2025-06-28 18:00,808.177,1,24.79
2025-06-28 19:00,787.612,1,25.24
2025-06-28 20:00,696.284,0,0.0
2025-06-28 21:00,632.262,0,0.0
2025-06-28 22:00,605.016,0,0.0
2025-06-28 23:00,559.607,0,0.0
2025-06-29 00:00,582.451,0,0.0
2025-06-29 01:00,536.14,0,0.0
2025-06-29 02:00,517.858,0,0.0
2025-06-29 03:00,527.16,0,0.0
2025-06-29 04:00,506.381,0,0.0
2025-06-29 05:00,515.998,0,0.0
2025-06-29 06:00,570.582,0,0.0
2025-06-29 07:00,676.086,0,0.0
2025-06-29 08:00,704.73,0,0.0
2025-06-29 09:00,769.529,0,0.0
2025-06-29 10:00,816.15,1,25.11
2025-06-29 11:00,889.587,1,25.0
2025-06-29 12:00,925.423,1,24.82
2025-06-29 13:00,937.599,1,27.45
2025-06-29 14:00,980.769,1,43.4
2025-06-29 15:00,994.199,0,0.0
2025-06-29 16:00,945.865,1,30.65
2025-06-29 17:00,869.211,1,25.65
2025-06-29 18:00,806.019,0,0.0
2025-06-29 19:00,748.284,0,0.0
2025-06-29 20:00,696.132,0,0.0
2025-06-29 21:00,591.154,0,0.0
2025-06-29 22:00,541.47,0,0.0
2025-06-29 23:00,508.688,0,0.0
2025-06-30 00:00,542.826,0,0.0
2025-06-30 01:00,545.695,0,0.0
2025-06-30 02:00,529.986,0,0.0
2025-06-30 03:00,495.293,0,0.0
2025-06-30 04:00,477.912,0,0.0
2025-06-30 05:00,539.935,0,0.0
2025-06-30 06:00,597.0,0,0.0
2025-06-30 07:00,711.217,0,0.0
2025-06-30 08:00,826.29,1,25.13
2025-06-30 09:00,821.923,1,25.08
2025-06-30 10:00,871.856,1,25.43
2025-06-30 11:00,926.98,1,36.51
2025-06-30 12:00,967.49,1,48.17
2025-06-30 13:00,904.32,1,31.69
2025-06-30 14:00,893.588,1,27.56
2025-06-30 15:00,872.571,1,25.0
2025-06-30 16:00,888.954,1,25.81
2025-06-30 17:00,880.793,1,24.73
2025-06-30 18:00,759.447,0,0.0
2025-06-30 19:00,714.041,0,0.0
2025-06-30 20:00,694.524,0,0.0
2025-06-30 21:00,648.261,0,0.0
2025-06-30 22:00,598.396,0,0.0
2025-06-30 23:00,550.288,0,0.0
2025-07-01 00:00,626.0,0,0.0
2025-07-01 01:00,599.435,0,0.0
2025-07-01 02:00,589.594,0,0.0
2025-07-01 03:00,589.846,0,0.0
2025-07-01 04:00,624.337,0,0.0
2025-07-01 05:00,679.915,0,0.0
2025-07-01 06:00,799.147,0,0.0
2025-07-01 07:00,894.167,0,0.0
2025-07-01 08:00,934.013,0,0.0
2025-07-01 09:00,1008.984,1,24.99
2025-07-01 10:00,1050.882,1,24.73
2025-07-01 11:00,1087.766,1,25.19
2025-07-01 12:00,1054.777,1,25.02
2025-07-01 13:00,1147.769,1,38.29
2025-07-01 14:00,1186.927,1,48.63
2025-07-01 15:00,1183.097,1,47.53
2025-07-01 16:00,1120.3,1,31.1
2025-07-01 17:00,1125.873,1,33.21
2025-07-01 18:00,1023.246,1,24.64
2025-07-01 19:00,1029.241,1,25.05
2025-07-01 20:00,921.149,0,0.0
2025-07-01 21:00,889.701,0,0.0
2025-07-01 22:00,793.73,0,0.0
2025-07-01 23:00,765.392,0,0.0
2025-07-02 00:00,714.617,0,0.0
2025-07-02 01:00,668.971,0,0.0
2025-07-02 02:00,661.225,0,0.0
2025-07-02 03:00,647.837,0,0.0
2025-07-02 04:00,682.054,0,0.0
2025-07-02 05:00,717.955,0,0.0
2025-07-02 06:00,807.63,0,0.0
2025-07-02 07:00,951.569,1,24.49
2025-07-02 08:00,1010.837,1,25.25
2025-07-02 09:00,1078.939,1,27.28
2025-07-02 10:00,1097.574,1,32.81
2025-07-02 11:00,1115.815,1,38.09
2025-07-02 12:00,1129.537,1,43.93
2025-07-02 13:00,1110.245,1,36.92
2025-07-02 14:00,1117.437,1,39.28
2025-07-02 15:00,1142.506,1,46.62
2025-07-02 16:00,1120.312,1,40.27
2025-07-02 17:00,1144.754,1,47.85
2025-07-02 18:00,1114.349,1,37.48
2025-07-02 19:00,1032.39,1,25.51
2025-07-02 20:00,918.873,0,0.0
2025-07-02 21:00,815.315,0,0.0
2025-07-02 22:00,794.317,0,0.0
2025-07-02 23:00,703.358,0,0.0
2025-07-03 00:00,685.019,0,0.0
2025-07-03 01:00,653.611,0,0.0
2025-07-03 02:00,624.907,0,0.0
2025-07-03 03:00,584.075,0,0.0
2025-07-03 04:00,587.495,0,0.0
2025-07-03 05:00,632.188,0,0.0
2025-07-03 06:00,706.625,0,0.0
2025-07-03 07:00,859.33,0,0.0
2025-07-03 08:00,950.738,0,0.0
2025-07-03 09:00,987.902,1,25.02
2025-07-03 10:00,1032.262,1,24.3
2025-07-03 11:00,1078.639,1,25.14
2025-07-03 12:00,1082.194,0,0.0
2025-07-03 13:00,1136.215,1,38.13
2025-07-03 14:00,1099.32,1,27.19
2025-07-03 15:00,1168.45,1,47.64
2025-07-03 16:00,1144.938,1,41.13
2025-07-03 17:00,1102.577,1,27.48
2025-07-03 18:00,1019.886,1,24.91
2025-07-03 19:00,909.31,0,0.0
2025-07-03 20:00,797.466,0,0.0
2025-07-03 21:00,725.637,0,0.0
2025-07-03 22:00,691.249,0,0.0
2025-07-03 23:00,626.198,0,0.0
2025-07-04 00:00,584.377,0,0.0
2025-07-04 01:00,547.334,0,0.0
2025-07-04 02:00,538.664,0,0.0
2025-07-04 03:00,529.19,0,0.0
2025-07-04 04:00,555.281,0,0.0
2025-07-04 05:00,640.524,0,0.0
2025-07-04 06:00,766.596,0,0.0
2025-07-04 07:00,936.179,0,0.0
2025-07-04 08:00,965.967,0,0.0
2025-07-04 09:00,989.295,0,0.0
2025-07-04 10:00,1055.219,1,25.21
2025-07-04 11:00,1055.775,1,25.29
2025-07-04 12:00,1109.029,1,24.13
2025-07-04 13:00,1131.685,1,25.12
2025-07-04 14:00,1207.705,1,34.26
2025-07-04 15:00,1253.617,1,47.42
2025-07-04 16:00,1255.77,1,47.97
2025-07-04 17:00,1176.672,1,24.65
2025-07-04 18:00,1099.151,1,24.84
2025-07-04 19:00,1000.78,0,0.0
2025-07-04 20:00,871.81,0,0.0
2025-07-04 21:00,845.442,0,0.0
2025-07-04 22:00,784.86,0,0.0
2025-07-04 23:00,712.206,0,0.0
2025-07-05 00:00,676.842,0,0.0
2025-07-05 01:00,619.234,0,0.0
2025-07-05 02:00,560.297,0,0.0
2025-07-05 03:00,567.014,0,0.0
2025-07-05 04:00,557.424,0,0.0
2025-07-05 05:00,606.621,0,0.0
2025-07-05 06:00,698.678,0,0.0
2025-07-05 07:00,813.072,0,0.0
2025-07-05 08:00,925.609,1,25.52
2025-07-05 09:00,993.186,1,25.11
2025-07-05 10:00,1040.481,1,33.89
2025-07-05 11:00,1021.094,1,26.34
2025-07-05 12:00,1046.112,1,34.83
2025-07-05 13:00,1004.478,1,25.07
2025-07-05 14:00,1085.184,1,48.16
2025-07-05 15:00,1044.783,1,35.44
2025-07-05 16:00,1020.537,1,26.3
2025-07-05 17:00,946.727,1,24.8
2025-07-05 18:00,887.557,1,24.97
2025-07-05 19:00,839.762,0,0.0
2025-07-05 20:00,771.518,0,0.0
2025-07-05 21:00,749.788,0,0.0
2025-07-05 22:00,691.521,0,0.0
2025-07-05 23:00,631.653,0,0.0
2025-07-06 00:00,614.899,0,0.0
2025-07-06 01:00,609.817,0,0.0
2025-07-06 02:00,608.517,0,0.0
2025-07-06 03:00,563.138,0,0.0
2025-07-06 04:00,566.278,0,0.0
2025-07-06 05:00,629.324,0,0.0
2025-07-06 06:00,723.499,0,0.0
2025-07-06 07:00,795.216,0,0.0
2025-07-06 08:00,906.303,1,24.75
2025-07-06 09:00,927.289,1,25.25
2025-07-06 10:00,1010.604,1,35.0
2025-07-06 11:00,1042.642,1,47.48
2025-07-06 12:00,1013.031,1,36.22
2025-07-06 13:00,1012.435,1,36.36
2025-07-06 14:00,1013.821,0,0.0
2025-07-06 15:00,1044.047,1,47.47
2025-07-06 16:00,1025.212,1,40.82
2025-07-06 17:00,956.643,1,24.45
2025-07-06 18:00,872.699,1,25.56
2025-07-06 19:00,845.368,0,0.0
2025-07-06 20:00,799.594,0,0.0
2025-07-06 21:00,743.045,0,0.0
2025-07-06 22:00,687.555,0,0.0
2025-07-06 23:00,625.102,0,0.0
2025-07-07 00:00,656.041,0,0.0
2025-07-07 01:00,679.505,0,0.0
2025-07-07 02:00,677.597,0,0.0
2025-07-07 03:00,640.96,0,0.0
2025-07-07 04:00,641.197,0,0.0
2025-07-07 05:00,625.772,0,0.0
2025-07-07 06:00,748.052,0,0.0
2025-07-07 07:00,881.668,0,0.0
2025-07-07 08:00,952.978,0,0.0
2025-07-07 09:00,957.575,0,0.0
2025-07-07 10:00,960.042,0,0.0
2025-07-07 11:00,1010.025,1,24.75
2025-07-07 12:00,1034.698,1,25.06
2025-07-07 13:00,1088.474,1,24.56
2025-07-07 14:00,1112.952,1,28.49
2025-07-07 15:00,1171.629,1,49.13
2025-07-07 16:00,1162.399,1,45.93
2025-07-07 17:00,1149.822,1,42.33
2025-07-07 18:00,1006.164,1,25.17
2025-07-07 19:00,898.629,0,0.0
2025-07-07 20:00,829.869,0,0.0
2025-07-07 21:00,802.656,0,0.0
2025-07-07 22:00,782.433,0,0.0
2025-07-07 23:00,714.721,0,0.0
2025-07-08 00:00,677.056,0,0.0
2025-07-08 01:00,595.99,0,0.0
2025-07-08 02:00,604.36,0,0.0
2025-07-08 03:00,577.189,0,0.0
2025-07-08 04:00,662.452,0,0.0
2025-07-08 05:00,694.547,0,0.0
2025-07-08 06:00,839.699,0,0.0
2025-07-08 07:00,966.39,1,25.83
2025-07-08 08:00,1013.391,1,25.21
2025-07-08 09:00,1069.054,1,24.83
2025-07-08 10:00,1125.641,1,29.97
2025-07-08 11:00,1123.083,1,29.19
2025-07-08 12:00,1164.289,1,36.5
2025-07-08 13:00,1201.325,1,43.42
2025-07-08 14:00,1227.071,1,47.71
2025-07-08 15:00,1227.402,1,47.33
2025-07-08 16:00,1146.63,1,33.56
2025-07-08 17:00,1102.824,1,25.39
2025-07-08 18:00,1051.519,1,24.53
2025-07-08 19:00,911.625,0,0.0
2025-07-08 20:00,856.315,0,0.0
2025-07-08 21:00,788.974,0,0.0
2025-07-08 22:00,689.536,0,0.0
2025-07-08 23:00,640.05,0,0.0
2025-07-09 00:00,624.475,0,0.0
2025-07-09 01:00,641.505,0,0.0
2025-07-09 02:00,626.732,0,0.0
2025-07-09 03:00,628.217,0,0.0
2025-07-09 04:00,639.183,0,0.0
2025-07-09 05:00,647.141,0,0.0
2025-07-09 06:00,757.377,0,0.0
2025-07-09 07:00,846.392,0,0.0
2025-07-09 08:00,928.043,0,0.0
2025-07-09 09:00,949.431,0,0.0
2025-07-09 10:00,998.331,0,0.0
2025-07-09 11:00,1065.21,1,24.9
2025-07-09 12:00,1119.637,1,24.87
2025-07-09 13:00,1193.919,0,0.0
2025-07-09 14:00,1265.428,1,48.37
2025-07-09 15:00,1178.218,1,24.67
2025-07-09 16:00,1106.204,1,25.71
2025-07-09 17:00,1004.812,0,0.0
2025-07-09 18:00,991.659,0,0.0
2025-07-09 19:00,905.776,0,0.0
2025-07-09 20:00,831.405,1,25.0
2025-07-09 21:00,766.794,0,0.0
2025-07-09 22:00,716.661,0,0.0
2025-07-09 23:00,632.873,0,0.0
2025-07-10 00:00,596.506,0,0.0
2025-07-10 01:00,576.965,0,0.0
2025-07-10 02:00,596.439,0,0.0
2025-07-10 03:00,581.876,0,0.0
2025-07-10 04:00,585.491,0,0.0
2025-07-10 05:00,592.788,0,0.0
2025-07-10 06:00,714.257,0,0.0
2025-07-10 07:00,803.615,0,0.0
2025-07-10 08:00,862.002,0,0.0
2025-07-10 09:00,868.672,0,0.0
2025-07-10 10:00,874.09,0,0.0
2025-07-10 11:00,885.696,0,0.0
2025-07-10 12:00,925.326,0,0.0
2025-07-10 13:00,923.723,0,0.0
2025-07-10 14:00,979.548,1,24.76
2025-07-10 15:00,1011.964,1,24.53
2025-07-10 16:00,1106.443,1,47.41
2025-07-10 17:00,1008.952,1,25.05
2025-07-10 18:00,977.865,1,25.24
2025-07-10 19:00,924.426,0,0.0
2025-07-10 20:00,828.708,0,0.0
2025-07-10 21:00,773.669,0,0.0
2025-07-10 22:00,731.868,0,0.0
2025-07-10 23:00,682.58,0,0.0
2025-07-11 00:00,698.266,0,0.0
2025-07-11 01:00,607.495,0,0.0
2025-07-11 02:00,576.716,0,0.0
2025-07-11 03:00,597.605,0,0.0
2025-07-11 04:00,635.543,0,0.0
2025-07-11 05:00,700.59,0,0.0
2025-07-11 06:00,822.079,0,0.0
2025-07-11 07:00,868.693,0,0.0
2025-07-11 08:00,986.285,1,25.12
2025-07-11 09:00,1075.147,1,25.81
2025-07-11 10:00,1078.173,1,25.08
2025-07-11 11:00,1190.376,1,48.8
2025-07-11 12:00,1195.972,1,48.92
2025-07-11 13:00,1111.254,1,27.82
2025-07-11 14:00,1143.539,1,35.66
2025-07-11 15:00,1129.677,1,32.04
2025-07-11 16:00,1159.844,1,39.53
2025-07-11 17:00,1137.1,1,34.25
2025-07-11 18:00,1050.22,1,24.85
2025-07-11 19:00,1024.279,1,24.49
2025-07-11 20:00,965.673,1,25.5
2025-07-11 21:00,850.446,0,0.0
2025-07-11 22:00,765.247,0,0.0
2025-07-11 23:00,718.087,0,0.0
2025-07-12 00:00,644.418,0,0.0
2025-07-12 01:00,600.263,0,0.0
2025-07-12 02:00,583.216,0,0.0
2025-07-12 03:00,544.439,0,0.0
2025-07-12 04:00,518.997,0,0.0
2025-07-12 05:00,581.93,0,0.0
2025-07-12 06:00,620.695,0,0.0
2025-07-12 07:00,700.516,0,0.0
2025-07-12 08:00,740.856,0,0.0
2025-07-12 09:00,758.634,0,0.0
2025-07-12 10:00,837.005,1,24.92
2025-07-12 11:00,871.376,1,25.25
2025-07-12 12:00,901.48,1,25.42
2025-07-12 13:00,890.805,1,24.88
2025-07-12 14:00,908.403,1,24.84
2025-07-12 15:00,964.35,1,37.82
2025-07-12 16:00,966.516,1,39.35
2025-07-12 17:00,980.517,1,47.04
2025-07-12 18:00,971.528,1,43.4
2025-07-12 19:00,895.386,1,24.88
2025-07-12 20:00,774.998,0,0.0
2025-07-12 21:00,701.376,0,0.0
2025-07-12 22:00,647.412,0,0.0
2025-07-12 23:00,591.021,0,0.0
2025-07-13 00:00,562.127,0,0.0
2025-07-13 01:00,544.871,0,0.0
2025-07-13 02:00,587.644,0,0.0
2025-07-13 03:00,559.334,0,0.0
2025-07-13 04:00,576.814,0,0.0
2025-07-13 05:00,599.283,0,0.0
2025-07-13 06:00,717.839,0,0.0
2025-07-13 07:00,845.04,0,0.0
2025-07-13 08:00,953.204,1,25.19
2025-07-13 09:00,1043.118,1,28.31
2025-07-13 10:00,1049.073,1,29.93
2025-07-13 11:00,1045.45,1,28.51
2025-07-13 12:00,1117.096,1,43.19
2025-07-13 13:00,1141.472,1,48.28
2025-07-13 14:00,1059.493,1,32.49
2025-07-13 15:00,1093.187,1,38.08
2025-07-13 16:00,1050.896,1,30.03
2025-07-13 17:00,1050.178,1,29.84
2025-07-13 18:00,1006.856,1,24.9
2025-07-13 19:00,875.263,0,0.0
2025-07-13 20:00,821.748,0,0.0
2025-07-13 21:00,762.55,0,0.0
2025-07-13 22:00,704.395,0,0.0
2025-07-13 23:00,664.979,0,0.0
2025-07-14 00:00,720.721,0,0.0
2025-07-14 01:00,682.481,0,0.0
2025-07-14 02:00,655.116,0,0.0
2025-07-14 03:00,653.151,0,0.0
2025-07-14 04:00,711.187,0,0.0
2025-07-14 05:00,776.887,0,0.0
2025-07-14 06:00,865.721,0,0.0
2025-07-14 07:00,981.154,1,25.46
2025-07-14 08:00,1069.96,1,25.17
2025-07-14 09:00,1110.473,1,25.05
2025-07-14 10:00,1212.124,1,46.24
2025-07-14 11:00,1175.608,1,38.08
2025-07-14 12:00,1220.158,1,47.51
2025-07-14 13:00,1211.439,1,45.36
2025-07-14 14:00,1153.78,0,0.0
2025-07-14 15:00,1159.464,0,0.0
2025-07-14 16:00,1116.523,1,24.98
2025-07-14 17:00,1103.851,1,25.04
2025-07-14 18:00,1049.253,1,24.97
2025-07-14 19:00,938.624,0,0.0
2025-07-14 20:00,917.267,0,0.0
2025-07-14 21:00,868.774,0,0.0
2025-07-14 22:00,824.168,0,0.0
2025-07-14 23:00,756.116,0,0.0
2025-07-15 00:00,723.629,0,0.0
2025-07-15 01:00,691.171,0,0.0
2025-07-15 02:00,649.082,0,0.0
2025-07-15 03:00,627.03,0,0.0
2025-07-15 04:00,636.932,0,0.0
2025-07-15 05:00,654.828,0,0.0
2025-07-15 06:00,750.007,0,0.0
2025-07-15 07:00,846.104,0,0.0
2025-07-15 08:00,930.911,1,24.48
2025-07-15 09:00,1002.27,1,29.0
2025-07-15 10:00,1087.371,1,48.42
2025-07-15 11:00,1067.812,1,43.09
2025-07-15 12:00,1073.472,1,43.65
2025-07-15 13:00,1064.404,1,43.03
2025-07-15 14:00,1056.822,1,40.92
2025-07-15 15:00,1062.431,1,41.42
2025-07-15 16:00,1052.005,1,40.26
2025-07-15 17:00,1052.969,1,40.19
2025-07-15 18:00,1017.905,1,33.53
2025-07-15 19:00,913.551,1,25.03
2025-07-15 20:00,892.76,1,25.22
2025-07-15 21:00,846.157,0,0.0
2025-07-15 22:00,742.548,1,25.0
2025-07-15 23:00,717.892,0,0.0
2025-07-16 00:00,701.627,0,0.0
2025-07-16 01:00,655.0,0,0.0
2025-07-16 02:00,640.458,0,0.0
2025-07-16 03:00,616.903,0,0.0
2025-07-16 04:00,643.929,0,0.0
2025-07-16 05:00,699.779,0,0.0
2025-07-16 06:00,779.457,0,0.0
2025-07-16 07:00,825.42,0,0.0
2025-07-16 08:00,938.076,0,0.0
2025-07-16 09:00,982.269,0,0.0
2025-07-16 10:00,1052.177,1,24.82
2025-07-16 11:00,1088.275,1,25.45
2025-07-16 12:00,1090.113,1,25.04
2025-07-16 13:00,1147.502,1,31.57
2025-07-16 14:00,1166.807,1,39.77
2025-07-16 15:00,1184.391,1,46.83
2025-07-16 16:00,1152.72,1,35.12
2025-07-16 17:00,1174.691,1,44.81
2025-07-16 18:00,1075.331,1,25.41
2025-07-16 19:00,982.032,0,0.0
2025-07-16 20:00,865.949,0,0.0
2025-07-16 21:00,819.749,0,0.0
2025-07-16 22:00,731.121,0,0.0
2025-07-16 23:00,668.349,0,0.0
2025-07-17 00:00,642.254,0,0.0
2025-07-17 01:00,613.815,0,0.0
2025-07-17 02:00,572.934,0,0.0
2025-07-17 03:00,516.718,0,0.0
2025-07-17 04:00,557.402,0,0.0
2025-07-17 05:00,568.536,0,0.0
2025-07-17 06:00,689.057,0,0.0
2025-07-17 07:00,849.898,0,0.0
2025-07-17 08:00,936.981,0,0.0
2025-07-17 09:00,1040.786,1,24.72
2025-07-17 10:00,1072.346,1,24.55
2025-07-17 11:00,1146.946,1,36.68
2025-07-17 12:00,1134.905,1,30.27
2025-07-17 13:00,1053.682,1,24.69
2025-07-17 14:00,1077.409,1,24.35
2025-07-17 15:00,1171.651,1,48.12
2025-07-17 16:00,1168.924,1,46.52
2025-07-17 17:00,1103.816,1,25.24
2025-07-17 18:00,1057.821,1,25.32
2025-07-17 19:00,1012.202,1,24.57
2025-07-17 20:00,924.638,0,0.0
2025-07-17 21:00,918.201,0,0.0
2025-07-17 22:00,806.359,0,0.0
2025-07-17 23:00,761.044,0,0.0
2025-07-18 00:00,746.295,0,0.0
2025-07-18 01:00,677.578,0,0.0
2025-07-18 02:00,641.558,0,0.0
2025-07-18 03:00,639.641,0,0.0
2025-07-18 04:00,654.501,0,0.0
2025-07-18 05:00,712.754,0,0.0
2025-07-18 06:00,756.919,0,0.0
2025-07-18 07:00,885.999,0,0.0
2025-07-18 08:00,984.856,1,24.86
2025-07-18 09:00,1033.808,1,24.84
2025-07-18 10:00,1080.597,1,24.61
2025-07-18 11:00,1078.621,1,25.04
2025-07-18 12:00,1072.762,1,25.06
2025-07-18 13:00,1084.067,1,25.17
2025-07-18 14:00,1087.611,0,0.0
2025-07-18 15:00,1199.047,1,45.77
2025-07-18 16:00,1205.863,1,47.91
2025-07-18 17:00,1115.873,1,27.09
2025-07-18 18:00,1128.98,1,30.12
2025-07-18 19:00,1019.231,1,24.74
2025-07-18 20:00,933.546,0,0.0
2025-07-18 21:00,875.529,0,0.0
2025-07-18 22:00,736.681,0,0.0
2025-07-18 23:00,678.194,0,0.0
2025-07-19 00:00,609.862,0,0.0
2025-07-19 01:00,584.724,0,0.0
2025-07-19 02:00,577.599,0,0.0
2025-07-19 03:00,559.43,0,0.0
2025-07-19 04:00,574.444,0,0.0
2025-07-19 05:00,649.641,0,0.0
2025-07-19 06:00,741.111,0,0.0
2025-07-19 07:00,842.986,0,0.0
2025-07-19 08:00,930.543,1,25.21
2025-07-19 09:00,1039.391,1,36.77
2025-07-19 10:00,1066.669,1,47.79
2025-07-19 11:00,1052.664,1,42.31
2025-07-19 12:00,993.573,1,24.84
2025-07-19 13:00,963.284,1,25.31
2025-07-19 14:00,975.795,1,25.07
2025-07-19 15:00,1002.28,1,24.99
2025-07-19 16:00,978.5,1,25.01
2025-07-19 17:00,973.147,1,25.56
2025-07-19 18:00,913.636,1,25.06
2025-07-19 19:00,830.306,0,0.0
2025-07-19 20:00,797.716,0,0.0
2025-07-19 21:00,775.561,0,0.0
2025-07-19 22:00,678.144,0,0.0
2025-07-19 23:00,637.506,0,0.0
2025-07-20 00:00,580.47,0,0.0
2025-07-20 01:00,526.854,0,0.0
2025-07-20 02:00,512.052,0,0.0
2025-07-20 03:00,531.127,0,0.0
2025-07-20 04:00,537.245,0,0.0
2025-07-20 05:00,574.921,0,0.0
2025-07-20 06:00,664.91,0,0.0
2025-07-20 07:00,771.451,0,0.0
2025-07-20 08:00,836.273,0,0.0
2025-07-20 09:00,962.736,0,0.0
2025-07-20 10:00,986.411,0,0.0
2025-07-20 11:00,1007.824,1,25.04
2025-07-20 12:00,1010.132,1,24.86
2025-07-20 13:00,1045.284,0,0.0
2025-07-20 14:00,1107.091,1,24.92
2025-07-20 15:00,1178.282,1,49.16
2025-07-20 16:00,1112.887,1,24.7
2025-07-20 17:00,1106.625,1,25.1
2025-07-20 18:00,1055.64,1,25.19
2025-07-20 19:00,998.307,1,25.16
2025-07-20 20:00,904.485,0,0.0
2025-07-20 21:00,814.18,0,0.0
2025-07-20 22:00,756.966,0,0.0
2025-07-20 23:00,713.529,0,0.0
2025-07-21 00:00,763.597,0,0.0
2025-07-21 01:00,710.955,0,0.0
2025-07-21 02:00,674.996,0,0.0
2025-07-21 03:00,593.411,0,0.0
2025-07-21 04:00,577.55,0,0.0
2025-07-21 05:00,626.889,0,0.0
2025-07-21 06:00,691.255,0,0.0
2025-07-21 07:00,829.279,0,0.0
2025-07-21 08:00,879.771,0,0.0
2025-07-21 09:00,927.215,0,0.0
2025-07-21 10:00,959.777,1,25.03
2025-07-21 11:00,1038.276,1,25.51
2025-07-21 12:00,1038.497,1,25.37
2025-07-21 13:00,1082.381,1,25.54
2025-07-21 14:00,1112.173,1,31.65
2025-07-21 15:00,1168.443,1,46.14
2025-07-21 16:00,1178.74,1,47.69
2025-07-21 17:00,1129.956,1,36.55
2025-07-21 18:00,1004.919,1,25.5
2025-07-21 19:00,931.405,0,0.0
2025-07-21 20:00,865.427,0,0.0
2025-07-21 21:00,806.77,0,0.0
2025-07-21 22:00,717.379,0,0.0
2025-07-21 23:00,696.757,0,0.0
2025-07-22 00:00,677.394,0,0.0
2025-07-22 01:00,619.232,0,0.0
2025-07-22 02:00,594.351,0,0.0
2025-07-22 03:00,621.138,0,0.0
2025-07-22 04:00,650.081,0,0.0
2025-07-22 05:00,725.492,0,0.0
2025-07-22 06:00,784.62,0,0.0
2025-07-22 07:00,870.99,0,0.0
2025-07-22 08:00,938.681,1,25.07
2025-07-22 09:00,1002.626,1,25.12
2025-07-22 10:00,1034.425,1,24.93
2025-07-22 11:00,1037.101,1,25.02
2025-07-22 12:00,1046.815,1,25.06
2025-07-22 13:00,1041.059,1,25.1
2025-07-22 14:00,1062.956,1,28.98
2025-07-22 15:00,1135.828,0,0.0
2025-07-22 16:00,1059.423,1,28.63
2025-07-22 17:00,1049.739,1,25.01
2025-07-22 18:00,1053.723,1,26.19
2025-07-22 19:00,970.249,1,25.64
2025-07-22 20:00,879.049,0,0.0
2025-07-22 21:00,835.255,0,0.0
2025-07-22 22:00,732.243,0,0.0
2025-07-22 23:00,679.99,0,0.0
2025-07-23 00:00,639.269,0,0.0
2025-07-23 01:00,568.565,0,0.0
2025-07-23 02:00,560.6,0,0.0
2025-07-23 03:00,527.424,0,0.0
2025-07-23 04:00,556.318,0,0.0
2025-07-23 05:00,643.385,0,0.0
2025-07-23 06:00,785.387,0,0.0
2025-07-23 07:00,895.542,0,0.0
2025-07-23 08:00,1018.116,1,25.13
2025-07-23 09:00,1079.077,1,24.83
2025-07-23 10:00,1091.655,0,0.0
2025-07-23 11:00,1031.094,1,24.65
2025-07-23 12:00,1117.607,1,25.9
2025-07-23 13:00,1090.201,1,25.45
2025-07-23 14:00,1165.402,1,37.98
2025-07-23 15:00,1198.14,1,48.72
2025-07-23 16:00,1130.844,1,26.85
2025-07-23 17:00,1105.102,1,24.59
2025-07-23 18:00,1124.085,1,24.18
2025-07-23 19:00,1081.715,1,25.03
2025-07-23 20:00,964.055,0,0.0
2025-07-23 21:00,852.539,0,0.0
2025-07-23 22:00,773.374,0,0.0
2025-07-23 23:00,707.806,0,0.0
2025-07-24 00:00,714.069,0,0.0
2025-07-24 01:00,684.556,0,0.0
2025-07-24 02:00,619.758,0,0.0
2025-07-24 03:00,610.574,0,0.0
2025-07-24 04:00,622.955,0,0.0
2025-07-24 05:00,677.536,0,0.0
2025-07-24 06:00,774.383,0,0.0
2025-07-24 07:00,918.899,1,25.05
2025-07-24 08:00,1037.871,1,25.09
2025-07-24 09:00,1055.366,1,28.85
2025-07-24 10:00,1083.463,1,33.25
2025-07-24 11:00,1079.54,1,32.76
2025-07-24 12:00,1032.023,1,24.9
2025-07-24 13:00,1055.235,1,27.88
2025-07-24 14:00,1154.438,1,47.8
2025-07-24 15:00,1099.086,1,36.91
2025-07-24 16:00,1088.368,1,35.02
2025-07-24 17:00,1057.377,1,28.84
2025-07-24 18:00,1020.155,1,25.4
2025-07-24 19:00,918.433,1,25.22
2025-07-24 20:00,811.894,0,0.0
2025-07-24 21:00,718.914,0,0.0
2025-07-24 22:00,705.567,0,0.0
2025-07-24 23:00,636.564,0,0.0
2025-07-25 00:00,617.284,0,0.0
2025-07-25 01:00,639.805,0,0.0
2025-07-25 02:00,604.783,0,0.0
2025-07-25 03:00,596.22,0,0.0
2025-07-25 04:00,637.648,0,0.0
2025-07-25 05:00,713.629,0,0.0
2025-07-25 06:00,765.848,0,0.0
2025-07-25 07:00,852.65,0,0.0
2025-07-25 08:00,955.168,1,25.14
2025-07-25 09:00,1078.918,1,25.35
2025-07-25 10:00,1077.591,1,25.46
2025-07-25 11:00,1072.954,1,24.21
2025-07-25 12:00,1106.554,1,28.84
2025-07-25 13:00,1145.593,1,37.63
2025-07-25 14:00,1183.923,1,48.18
2025-07-25 15:00,1158.268,1,41.5
2025-07-25 16:00,1116.138,1,30.94
2025-07-25 17:00,1089.758,1,24.55
2025-07-25 18:00,1080.637,1,25.39
2025-07-25 19:00,988.909,1,24.52
2025-07-25 20:00,908.949,0,0.0
2025-07-25 21:00,802.075,0,0.0
2025-07-25 22:00,781.548,0,0.0
2025-07-25 23:00,721.73,0,0.0
2025-07-26 00:00,678.983,0,0.0
2025-07-26 01:00,634.681,0,0.0
2025-07-26 02:00,611.617,0,0.0
2025-07-26 03:00,558.488,0,0.0
2025-07-26 04:00,532.53,0,0.0
2025-07-26 05:00,616.362,0,0.0
2025-07-26 06:00,704.536,0,0.0
2025-07-26 07:00,813.435,0,0.0
2025-07-26 08:00,859.617,0,0.0
2025-07-26 09:00,886.433,0,0.0
2025-07-26 10:00,967.548,0,0.0
2025-07-26 11:00,1049.343,1,25.88
2025-07-26 12:00,1036.898,1,25.1
2025-07-26 13:00,1076.023,1,25.4
2025-07-26 14:00,1094.06,1,24.47
2025-07-26 15:00,1100.365,1,24.88
2025-07-26 16:00,1146.706,1,48.56
2025-07-26 17:00,1077.835,1,24.59
2025-07-26 18:00,1056.712,1,24.98
2025-07-26 19:00,980.371,1,24.67
2025-07-26 20:00,893.079,0,0.0
2025-07-26 21:00,847.446,0,0.0
2025-07-26 22:00,766.029,1,25.0
2025-07-26 23:00,696.587,0,0.0
2025-07-27 00:00,700.142,0,0.0
2025-07-27 01:00,676.555,0,0.0
2025-07-27 02:00,667.624,0,0.0
2025-07-27 03:00,556.059,0,0.0
2025-07-27 04:00,583.032,0,0.0
2025-07-27 05:00,638.476,0,0.0
2025-07-27 06:00,722.291,0,0.0
2025-07-27 07:00,841.624,0,0.0
2025-07-27 08:00,932.873,0,0.0
2025-07-27 09:00,1002.719,1,24.69
2025-07-27 10:00,1020.278,1,24.59
2025-07-27 11:00,1084.81,1,24.9
2025-07-27 12:00,1116.595,1,30.57
2025-07-27 13:00,1137.771,1,36.0
2025-07-27 14:00,1156.756,1,39.51
2025-07-27 15:00,1200.631,1,48.08
2025-07-27 16:00,1196.909,1,47.28
2025-07-27 17:00,1129.86,1,33.72
2025-07-27 18:00,1088.724,1,24.51
2025-07-27 19:00,998.221,1,24.29
2025-07-27 20:00,963.143,1,25.28
2025-07-27 21:00,892.845,0,0.0
2025-07-27 22:00,777.547,0,0.0
2025-07-27 23:00,760.365,0,0.0
2025-07-28 00:00,717.249,0,0.0
2025-07-28 01:00,684.752,0,0.0
2025-07-28 02:00,641.406,0,0.0
2025-07-28 03:00,657.618,0,0.0
2025-07-28 04:00,672.02,0,0.0
2025-07-28 05:00,701.807,0,0.0
2025-07-28 06:00,783.235,0,0.0
2025-07-28 07:00,868.927,0,0.0
2025-07-28 08:00,949.449,1,24.9
2025-07-28 09:00,993.722,1,24.88
2025-07-28 10:00,1005.617,1,25.23
2025-07-28 11:00,1041.513,1,32.38
2025-07-28 12:00,1079.256,1,44.91
2025-07-28 13:00,1060.273,1,38.81
2025-07-28 14:00,1020.795,1,24.8
2025-07-28 15:00,1068.62,1,41.85
2025-07-28 16:00,1085.66,1,49.04
2025-07-28 17:00,1085.172,1,48.08
2025-07-28 18:00,1051.338,1,36.78
2025-07-28 19:00,1027.495,1,27.08
2025-07-28 20:00,969.903,1,24.94
2025-07-28 21:00,953.814,1,24.99
2025-07-28 22:00,927.114,1,25.05
2025-07-28 23:00,786.239,0,0.0
2025-07-29 00:00,696.923,0,0.0
2025-07-29 01:00,654.663,0,0.0
2025-07-29 02:00,643.344,0,0.0
2025-07-29 03:00,618.15,0,0.0
2025-07-29 04:00,648.402,0,0.0
2025-07-29 05:00,693.027,0,0.0
2025-07-29 06:00,763.668,0,0.0
2025-07-29 07:00,855.8,0,0.0
2025-07-29 08:00,941.116,0,0.0
2025-07-29 09:00,1028.163,1,24.33
2025-07-29 10:00,1044.6,1,25.36
2025-07-29 11:00,1053.098,1,24.07
2025-07-29 12:00,1095.732,1,26.95
2025-07-29 13:00,1104.885,0,0.0
2025-07-29 14:00,1167.17,1,49.0
2025-07-29 15:00,1141.384,1,39.44
2025-07-29 16:00,1078.733,1,24.81
2025-07-29 17:00,1063.469,1,25.41
2025-07-29 18:00,1029.118,1,25.44
2025-07-29 19:00,928.555,1,25.0
2025-07-29 20:00,905.672,0,0.0
2025-07-29 21:00,883.884,0,0.0
2025-07-29 22:00,777.847,0,0.0
2025-07-29 23:00,751.067,0,0.0
2025-07-30 00:00,664.497,0,0.0
2025-07-30 01:00,653.58,0,0.0
2025-07-30 02:00,613.09,0,0.0
2025-07-30 03:00,616.104,0,0.0
2025-07-30 04:00,610.748,0,0.0
2025-07-30 05:00,664.164,0,0.0
2025-07-30 06:00,733.705,0,0.0
2025-07-30 07:00,837.744,0,0.0
2025-07-30 08:00,993.055,1,25.33
2025-07-30 09:00,1039.348,1,24.77
2025-07-30 10:00,1149.699,1,36.1
2025-07-30 11:00,1137.138,1,32.99
2025-07-30 12:00,1200.906,1,48.83
2025-07-30 13:00,1137.323,1,33.66
2025-07-30 14:00,1138.989,1,33.59
2025-07-30 15:00,1133.233,1,31.67
2025-07-30 16:00,1177.379,1,44.28
2025-07-30 17:00,1137.203,1,34.5
2025-07-30 18:00,996.392,1,25.55
2025-07-30 19:00,888.629,0,0.0
2025-07-30 20:00,802.126,0,0.0
2025-07-30 21:00,777.608,0,0.0
2025-07-30 22:00,735.732,0,0.0
2025-07-30 23:00,675.945,0,0.0
2025-07-31 00:00,647.577,0,0.0
2025-07-31 01:00,632.464,0,0.0
2025-07-31 02:00,590.406,0,0.0
2025-07-31 03:00,587.192,0,0.0
2025-07-31 04:00,615.104,0,0.0
2025-07-31 05:00,663.211,0,0.0
2025-07-31 06:00,765.013,0,0.0
2025-07-31 07:00,876.711,0,0.0
2025-07-31 08:00,983.514,1,25.08
2025-07-31 09:00,987.501,1,25.06
2025-07-31 10:00,1050.604,1,25.46
2025-07-31 11:00,1107.368,1,24.91
2025-07-31 12:00,1131.496,1,26.4
2025-07-31 13:00,1165.673,1,35.93
2025-07-31 14:00,1169.566,1,36.79
2025-07-31 15:00,1215.785,1,47.85
2025-07-31 16:00,1186.057,1,40.62
2025-07-31 17:00,1093.321,1,24.82
2025-07-31 18:00,1067.419,1,24.57
2025-07-31 19:00,931.885,0,0.0
2025-07-31 20:00,875.206,0,0.0
2025-07-31 21:00,794.991,0,0.0
2025-07-31 22:00,716.111,1,25.0
2025-07-31 23:00,672.426,0,0.0
2025-08-01 00:00,696.145,0,0.0
2025-08-01 01:00,676.41,0,0.0
2025-08-01 02:00,660.666,0,0.0
2025-08-01 03:00,628.752,0,0.0
2025-08-01 04:00,683.087,0,0.0
2025-08-01 05:00,745.938,0,0.0
2025-08-01 06:00,861.473,0,0.0
2025-08-01 07:00,1024.346,0,0.0
2025-08-01 08:00,1166.49,1,25.03
2025-08-01 09:00,1231.557,1,25.37
2025-08-01 10:00,1239.447,1,24.66
2025-08-01 11:00,1184.874,1,25.58
2025-08-01 12:00,1209.305,1,24.84
2025-08-01 13:00,1270.418,1,36.13
2025-08-01 14:00,1293.745,1,48.26
2025-08-01 15:00,1151.728,1,25.16
2025-08-01 16:00,1186.391,1,24.36
2025-08-01 17:00,1192.675,1,24.82
2025-08-01 18:00,1119.317,1,24.2
2025-08-01 19:00,1077.416,0,0.0
2025-08-01 20:00,1011.711,1,25.0
2025-08-01 21:00,900.137,0,0.0
2025-08-01 22:00,853.77,0,0.0
2025-08-01 23:00,750.372,0,0.0
2025-08-02 00:00,685.084,0,0.0
2025-08-02 01:00,644.469,0,0.0
2025-08-02 02:00,608.476,0,0.0
2025-08-02 03:00,600.733,0,0.0
2025-08-02 04:00,649.689,0,0.0
2025-08-02 05:00,732.955,0,0.0
2025-08-02 06:00,841.887,0,0.0
2025-08-02 07:00,896.17,0,0.0
2025-08-02 08:00,942.136,0,0.0
2025-08-02 09:00,1008.912,0,0.0
2025-08-02 10:00,1048.835,1,25.05
2025-08-02 11:00,1052.431,1,25.98
2025-08-02 12:00,1151.622,1,25.6
2025-08-02 13:00,1167.516,1,24.71
2025-08-02 14:00,1201.442,1,29.39
2025-08-02 15:00,1251.325,1,44.37
2025-08-02 16:00,1218.603,1,34.02
2025-08-02 17:00,1267.68,1,48.72
2025-08-02 18:00,1142.728,1,26.05
2025-08-02 19:00,1027.073,0,0.0
2025-08-02 20:00,911.981,0,0.0
2025-08-02 21:00,882.288,0,0.0
2025-08-02 22:00,817.094,0,0.0
2025-08-02 23:00,734.217,0,0.0
2025-08-03 00:00,688.795,0,0.0
2025-08-03 01:00,682.314,0,0.0
2025-08-03 02:00,664.773,0,0.0
2025-08-03 03:00,669.2,0,0.0
2025-08-03 04:00,677.342,0,0.0
2025-08-03 05:00,739.982,0,0.0
2025-08-03 06:00,836.905,0,0.0
2025-08-03 07:00,924.834,0,0.0
2025-08-03 08:00,1009.016,0,0.0
2025-08-03 09:00,1017.858,0,0.0
2025-08-03 10:00,1076.287,1,24.66
2025-08-03 11:00,1123.472,1,24.69
2025-08-03 12:00,1175.285,1,25.21
2025-08-03 13:00,1209.403,1,27.61
2025-08-03 14:00,1209.413,1,27.24
2025-08-03 15:00,1280.992,1,46.83
2025-08-03 16:00,1276.181,1,47.44
2025-08-03 17:00,1266.623,1,43.56
2025-08-03 18:00,1230.232,1,34.41
2025-08-03 19:00,1110.29,1,24.95
2025-08-03 20:00,1017.317,0,0.0
2025-08-03 21:00,938.634,0,0.0
2025-08-03 22:00,807.357,0,0.0
2025-08-03 23:00,712.467,0,0.0
2025-08-04 00:00,703.181,0,0.0
2025-08-04 01:00,666.903,0,0.0
2025-08-04 02:00,643.951,0,0.0
2025-08-04 03:00,596.834,0,0.0
2025-08-04 04:00,628.26,0,0.0
2025-08-04 05:00,689.351,0,0.0
2025-08-04 06:00,824.766,0,0.0
2025-08-04 07:00,1009.678,0,0.0
2025-08-04 08:00,1118.733,1,25.34
2025-08-04 09:00,1140.91,1,25.05
2025-08-04 10:00,1200.417,0,0.0
2025-08-04 11:00,1210.839,1,37.68
2025-08-04 12:00,1212.478,0,0.0
2025-08-04 13:00,1190.813,1,29.61
2025-08-04 14:00,1192.418,1,30.18
2025-08-04 15:00,1209.16,1,37.98
2025-08-04 16:00,1229.919,1,49.07
2025-08-04 17:00,1209.827,1,38.32
2025-08-04 18:00,1216.238,1,42.0
2025-08-04 19:00,1139.842,1,24.87
2025-08-04 20:00,1052.158,1,24.53
2025-08-04 21:00,942.361,1,25.0
2025-08-04 22:00,820.069,1,25.0
2025-08-04 23:00,743.03,0,0.0
2025-08-05 00:00,706.563,0,0.0
2025-08-05 01:00,610.353,0,0.0
2025-08-05 02:00,583.078,0,0.0
2025-08-05 03:00,617.486,0,0.0
2025-08-05 04:00,650.847,0,0.0
2025-08-05 05:00,702.343,0,0.0
2025-08-05 06:00,814.169,0,0.0
2025-08-05 07:00,868.517,0,0.0
2025-08-05 08:00,984.554,0,0.0
2025-08-05 09:00,1100.856,0,0.0
2025-08-05 10:00,1135.702,1,25.2
2025-08-05 11:00,1084.417,1,25.0
2025-08-05 12:00,1099.867,1,24.98
2025-08-05 13:00,1186.948,1,29.99
2025-08-05 14:00,1220.088,1,37.41
2025-08-05 15:00,1178.346,1,28.69
2025-08-05 16:00,1271.871,1,48.34
2025-08-05 17:00,1170.13,1,27.04
2025-08-05 18:00,1104.045,1,25.15
2025-08-05 19:00,991.766,0,0.0
2025-08-05 20:00,890.579,0,0.0
2025-08-05 21:00,816.156,0,0.0
2025-08-05 22:00,773.077,0,0.0
2025-08-05 23:00,756.046,0,0.0
2025-08-06 00:00,724.955,0,0.0
2025-08-06 01:00,662.031,0,0.0
2025-08-06 02:00,659.098,0,0.0
2025-08-06 03:00,653.1,0,0.0
2025-08-06 04:00,677.929,0,0.0
2025-08-06 05:00,743.145,0,0.0
2025-08-06 06:00,837.353,0,0.0
2025-08-06 07:00,958.121,0,0.0
2025-08-06 08:00,1048.741,1,25.78
2025-08-06 09:00,1148.469,1,25.19
2025-08-06 10:00,1270.071,0,0.0
2025-08-06 11:00,1275.868,1,41.64
2025-08-06 12:00,1276.365,1,42.32
2025-08-06 13:00,1291.059,1,45.57
2025-08-06 14:00,1267.689,1,40.31
2025-08-06 15:00,1312.817,1,46.13
2025-08-06 16:00,1298.059,1,46.57
2025-08-06 17:00,1225.376,1,33.82
2025-08-06 18:00,1192.067,1,27.15
2025-08-06 19:00,1097.471,1,25.13
2025-08-06 20:00,972.943,0,0.0
2025-08-06 21:00,903.111,0,0.0
2025-08-06 22:00,826.761,0,0.0
2025-08-06 23:00,788.2,0,0.0
2025-08-07 00:00,781.683,0,0.0
2025-08-07 01:00,727.768,0,0.0
2025-08-07 02:00,689.181,0,0.0
2025-08-07 03:00,665.528,0,0.0
2025-08-07 04:00,691.31,0,0.0
2025-08-07 05:00,760.391,0,0.0
2025-08-07 06:00,865.39,0,0.0
2025-08-07 07:00,978.146,0,0.0
2025-08-07 08:00,1109.923,1,25.54
2025-08-07 09:00,1134.139,1,25.51
2025-08-07 10:00,1267.934,1,28.7
2025-08-07 11:00,1297.811,1,43.5
2025-08-07 12:00,1248.306,1,25.29
2025-08-07 13:00,1264.697,1,27.8
2025-08-07 14:00,1306.855,0,0.0
2025-08-07 15:00,1297.062,1,42.51
2025-08-07 16:00,1202.595,1,25.1
2025-08-07 17:00,1124.037,1,24.58
2025-08-07 18:00,1098.981,0,0.0
2025-08-07 19:00,961.704,0,0.0
2025-08-07 20:00,853.828,0,0.0
2025-08-07 21:00,819.156,0,0.0
2025-08-07 22:00,751.051,0,0.0
2025-08-07 23:00,687.279,0,0.0
2025-08-08 00:00,667.281,0,0.0
2025-08-08 01:00,606.181,0,0.0
2025-08-08 02:00,614.746,0,0.0
2025-08-08 03:00,587.901,0,0.0
2025-08-08 04:00,604.657,0,0.0
2025-08-08 05:00,679.572,0,0.0
2025-08-08 06:00,774.008,0,0.0
2025-08-08 07:00,872.197,0,0.0
2025-08-08 08:00,904.902,0,0.0
2025-08-08 09:00,996.716,0,0.0
2025-08-08 10:00,1055.258,1,24.52
2025-08-08 11:00,1068.337,1,24.74
2025-08-08 12:00,1060.674,1,25.3
2025-08-08 13:00,1101.022,1,24.97
2025-08-08 14:00,1157.954,1,26.08
2025-08-08 15:00,1192.41,1,33.66
2025-08-08 16:00,1252.041,1,48.7
2025-08-08 17:00,1235.395,1,44.54
2025-08-08 18:00,1160.216,1,25.97
2025-08-08 19:00,1099.463,1,24.51
2025-08-08 20:00,1008.86,1,24.96
2025-08-08 21:00,920.654,0,0.0
2025-08-08 22:00,869.807,0,0.0
2025-08-08 23:00,772.236,0,0.0
2025-08-09 00:00,703.425,0,0.0
2025-08-09 01:00,689.235,0,0.0
2025-08-09 02:00,669.126,0,0.0
2025-08-09 03:00,634.617,0,0.0
2025-08-09 04:00,611.864,0,0.0
2025-08-09 05:00,614.862,0,0.0
2025-08-09 06:00,768.77,0,0.0
2025-08-09 07:00,889.987,1,24.83
2025-08-09 08:00,962.358,1,25.0
2025-08-09 09:00,1033.083,1,41.88
2025-08-09 10:00,1035.036,1,42.79
2025-08-09 11:00,1047.301,1,49.49
2025-08-09 12:00,1036.694,1,43.5
2025-08-09 13:00,1011.663,1,33.36
2025-08-09 14:00,965.198,1,25.13
2025-08-09 15:00,948.941,1,24.74
2025-08-09 16:00,1013.402,1,35.22
2025-08-09 17:00,965.749,1,24.97
2025-08-09 18:00,962.007,1,25.21
2025-08-09 19:00,942.945,1,24.96
2025-08-09 20:00,878.663,1,24.92
2025-08-09 21:00,802.93,0,0.0
2025-08-09 22:00,740.031,0,0.0
2025-08-09 23:00,678.789,0,0.0
2025-08-10 00:00,694.112,0,0.0
2025-08-10 01:00,697.587,0,0.0
2025-08-10 02:00,700.91,0,0.0
2025-08-10 03:00,621.801,0,0.0
2025-08-10 04:00,628.994,0,0.0
2025-08-10 05:00,684.675,0,0.0
2025-08-10 06:00,789.856,0,0.0
2025-08-10 07:00,846.432,0,0.0
2025-08-10 08:00,883.11,1,24.61
2025-08-10 09:00,999.157,1,29.88
2025-08-10 10:00,1020.825,1,34.75
2025-08-10 11:00,991.248,1,27.29
2025-08-10 12:00,983.626,1,26.81
2025-08-10 13:00,1038.713,1,37.57
2025-08-10 14:00,1039.26,1,37.64
2025-08-10 15:00,1085.729,1,48.34
2025-08-10 16:00,1043.444,1,39.29
2025-08-10 17:00,960.148,1,24.97
2025-08-10 18:00,990.494,1,27.49
2025-08-10 19:00,945.488,1,25.44
2025-08-10 20:00,869.468,1,24.77
2025-08-10 21:00,789.51,0,0.0
2025-08-10 22:00,765.386,0,0.0
2025-08-10 23:00,722.88,0,0.0
2025-08-11 00:00,774.411,0,0.0
2025-08-11 01:00,710.681,0,0.0
2025-08-11 02:00,687.821,0,0.0
2025-08-11 03:00,673.554,0,0.0
2025-08-11 04:00,676.686,0,0.0
2025-08-11 05:00,732.567,0,0.0
2025-08-11 06:00,813.87,0,0.0
2025-08-11 07:00,946.07,0,0.0
2025-08-11 08:00,996.193,0,0.0
2025-08-11 09:00,1083.707,1,24.99
2025-08-11 10:00,1138.402,1,25.11
2025-08-11 11:00,1150.464,1,25.02
2025-08-11 12:00,1190.653,1,34.96
2025-08-11 13:00,1193.501,1,34.89
2025-08-11 14:00,1185.858,1,34.02
2025-08-11 15:00,1235.026,1,45.38
2025-08-11 16:00,1241.515,1,48.15
2025-08-11 17:00,1176.916,1,30.59
2025-08-11 18:00,1095.575,1,25.02
2025-08-11 19:00,1016.522,1,25.37
2025-08-11 20:00,925.694,0,0.0
2025-08-11 21:00,903.929,0,0.0
2025-08-11 22:00,829.619,0,0.0
2025-08-11 23:00,765.598,0,0.0
2025-08-12 00:00,718.642,0,0.0
2025-08-12 01:00,699.332,0,0.0
2025-08-12 02:00,663.26,0,0.0
2025-08-12 03:00,630.011,0,0.0
2025-08-12 04:00,670.896,0,0.0
2025-08-12 05:00,739.714,0,0.0
2025-08-12 06:00,764.945,0,0.0
2025-08-12 07:00,881.796,1,25.52
2025-08-12 08:00,990.857,1,26.63
2025-08-12 09:00,1043.898,1,38.16
2025-08-12 10:00,1098.582,1,47.97
2025-08-12 11:00,1051.921,1,38.34
2025-08-12 12:00,972.805,1,25.11
2025-08-12 13:00,986.218,1,26.07
2025-08-12 14:00,1053.8,1,38.45
2025-08-12 15:00,961.338,1,24.59
2025-08-12 16:00,959.517,1,25.62
2025-08-12 17:00,894.597,1,25.1
2025-08-12 18:00,889.416,1,25.56
2025-08-12 19:00,937.545,1,24.84
2025-08-12 20:00,877.129,1,24.7
2025-08-12 21:00,816.717,0,0.0
2025-08-12 22:00,779.235,0,0.0
2025-08-12 23:00,727.482,0,0.0
2025-08-13 00:00,706.514,0,0.0
2025-08-13 01:00,694.452,0,0.0
2025-08-13 02:00,684.765,0,0.0
2025-08-13 03:00,668.539,0,0.0
2025-08-13 04:00,682.087,0,0.0
2025-08-13 05:00,730.997,0,0.0
2025-08-13 06:00,855.857,0,0.0
2025-08-13 07:00,961.082,0,0.0
2025-08-13 08:00,1103.038,1,24.47
2025-08-13 09:00,1113.782,1,25.03
2025-08-13 10:00,1208.842,1,39.64
2025-08-13 11:00,1236.686,0,0.0
2025-08-13 12:00,1203.907,1,38.52
2025-08-13 13:00,1241.295,1,47.66
2025-08-13 14:00,1226.54,1,43.83
2025-08-13 15:00,1246.763,1,47.61
2025-08-13 16:00,1205.104,1,38.18
2025-08-13 17:00,1163.504,1,28.56
2025-08-13 18:00,1145.416,1,24.82
2025-08-13 19:00,1080.15,1,24.81
2025-08-13 20:00,954.566,0,0.0
2025-08-13 21:00,845.236,0,0.0
2025-08-13 22:00,784.477,0,0.0
2025-08-13 23:00,739.897,0,0.0
2025-08-14 00:00,704.709,0,0.0
2025-08-14 01:00,709.087,0,0.0
2025-08-14 02:00,704.429,0,0.0
2025-08-14 03:00,663.394,0,0.0
2025-08-14 04:00,664.066,0,0.0
2025-08-14 05:00,717.932,0,0.0
2025-08-14 06:00,807.537,0,0.0
2025-08-14 07:00,968.492,0,0.0
2025-08-14 08:00,1100.733,1,25.44
2025-08-14 09:00,1153.559,1,24.5
2025-08-14 10:00,1212.405,1,25.38
2025-08-14 11:00,1253.929,1,32.4
2025-08-14 12:00,1260.752,1,34.44
2025-08-14 13:00,1284.213,1,38.09
2025-08-14 14:00,1315.493,1,44.13
2025-08-14 15:00,1340.604,1,48.9
2025-08-14 16:00,1268.346,1,34.96
2025-08-14 17:00,1191.158,1,24.99
2025-08-14 18:00,1118.632,1,24.59
2025-08-14 19:00,1014.97,0,0.0
2025-08-14 20:00,893.407,0,0.0
2025-08-14 21:00,853.276,0,0.0
2025-08-14 22:00,792.622,0,0.0
2025-08-14 23:00,702.016,0,0.0
2025-08-15 00:00,685.521,0,0.0
2025-08-15 01:00,651.367,0,0.0
2025-08-15 02:00,643.65,0,0.0
2025-08-15 03:00,604.641,0,0.0
2025-08-15 04:00,599.624,0,0.0
2025-08-15 05:00,679.491,0,0.0
2025-08-15 06:00,736.955,0,0.0
2025-08-15 07:00,853.088,0,0.0
2025-08-15 08:00,948.366,1,25.04
2025-08-15 09:00,1015.433,1,25.32
2025-08-15 10:00,1078.099,0,0.0
2025-08-15 11:00,1173.441,1,42.82
2025-08-15 12:00,1125.073,1,33.11
2025-08-15 13:00,1191.03,0,0.0
2025-08-15 14:00,1105.079,1,29.53
2025-08-15 15:00,1204.629,1,49.37
2025-08-15 16:00,1104.596,1,29.53
2025-08-15 17:00,1190.005,1,44.38
2025-08-15 18:00,1113.758,1,30.72
2025-08-15 19:00,1084.21,1,25.68
2025-08-15 20:00,1032.27,1,25.48
2025-08-15 21:00,923.343,0,0.0
2025-08-15 22:00,825.013,0,0.0
2025-08-15 23:00,739.788,0,0.0
2025-08-16 00:00,697.389,0,0.0
2025-08-16 01:00,647.971,0,0.0
2025-08-16 02:00,611.408,0,0.0
2025-08-16 03:00,608.058,0,0.0
2025-08-16 04:00,607.247,0,0.0
2025-08-16 05:00,657.283,0,0.0
2025-08-16 06:00,754.672,0,0.0
2025-08-16 07:00,847.201,0,0.0
2025-08-16 08:00,926.796,1,24.67
2025-08-16 09:00,1045.287,1,24.8
2025-08-16 10:00,1073.339,1,30.96
2025-08-16 11:00,1078.164,1,31.3
2025-08-16 12:00,1092.202,1,34.91
2025-08-16 13:00,1131.757,1,44.17
2025-08-16 14:00,1108.318,1,36.38
2025-08-16 15:00,1150.845,1,48.92
2025-08-16 16:00,1145.586,1,46.21
2025-08-16 17:00,1039.474,1,24.87
2025-08-16 18:00,1065.95,1,29.3
2025-08-16 19:00,1039.51,1,25.55
2025-08-16 20:00,925.927,1,25.19
2025-08-16 21:00,814.502,0,0.0
2025-08-16 22:00,751.201,0,0.0
2025-08-16 23:00,662.429,0,0.0
2025-08-17 00:00,684.894,0,0.0
2025-08-17 01:00,637.259,0,0.0
2025-08-17 02:00,656.644,0,0.0
2025-08-17 03:00,614.946,0,0.0
2025-08-17 04:00,630.359,0,0.0
2025-08-17 05:00,716.173,0,0.0
2025-08-17 06:00,797.777,0,0.0
2025-08-17 07:00,916.038,1,25.16
2025-08-17 08:00,1043.523,1,27.97
2025-08-17 09:00,1070.551,1,32.51
2025-08-17 10:00,1055.055,1,30.34
2025-08-17 11:00,1020.897,1,25.46
2025-08-17 12:00,1073.937,1,33.37
2025-08-17 13:00,1113.934,1,39.04
2025-08-17 14:00,1177.644,1,49.28
2025-08-17 15:00,1179.985,1,47.63
2025-08-17 16:00,1101.35,1,36.99
2025-08-17 17:00,982.441,1,25.08
2025-08-17 18:00,1061.175,1,31.22
2025-08-17 19:00,1003.799,1,24.53
2025-08-17 20:00,928.613,1,24.56
2025-08-17 21:00,857.375,0,0.0
2025-08-17 22:00,739.151,0,0.0
2025-08-17 23:00,668.807,0,0.0
2025-08-18 00:00,743.695,0,0.0
2025-08-18 01:00,716.819,0,0.0
2025-08-18 02:00,673.628,0,0.0
2025-08-18 03:00,625.204,0,0.0
2025-08-18 04:00,636.643,0,0.0
2025-08-18 05:00,691.226,0,0.0
2025-08-18 06:00,851.608,0,0.0
2025-08-18 07:00,962.003,1,25.18
2025-08-18 08:00,1015.436,1,24.9
2025-08-18 09:00,1076.04,1,24.67
2025-08-18 10:00,1130.036,1,28.39
2025-08-18 11:00,1099.677,1,24.34
2025-08-18 12:00,1146.343,1,31.49
2025-08-18 13:00,1222.736,1,42.25
2025-08-18 14:00,1244.789,0,0.0
2025-08-18 15:00,1225.905,1,45.21
2025-08-18 16:00,1186.467,1,39.04
2025-08-18 17:00,1085.607,1,25.83
2025-08-18 18:00,1042.487,1,25.35
2025-08-18 19:00,994.083,1,24.77
2025-08-18 20:00,897.043,0,0.0
2025-08-18 21:00,895.212,0,0.0
2025-08-18 22:00,836.553,0,0.0
2025-08-18 23:00,723.528,0,0.0
2025-08-19 00:00,663.642,0,0.0
2025-08-19 01:00,615.102,0,0.0
2025-08-19 02:00,647.367,0,0.0
2025-08-19 03:00,652.474,0,0.0
2025-08-19 04:00,709.82,0,0.0
2025-08-19 05:00,764.831,0,0.0
2025-08-19 06:00,854.733,0,0.0
2025-08-19 07:00,929.886,0,0.0
2025-08-19 08:00,1042.588,0,0.0
2025-08-19 09:00,1094.255,0,0.0
2025-08-19 10:00,1125.556,1,25.34
2025-08-19 11:00,1213.819,1,24.79
2025-08-19 12:00,1219.669,1,24.18
2025-08-19 13:00,1288.997,1,26.54
2025-08-19 14:00,1226.22,1,24.97
2025-08-19 15:00,1361.776,1,48.64
2025-08-19 16:00,1302.762,1,31.52
2025-08-19 17:00,1275.744,1,25.31
2025-08-19 18:00,1229.898,1,25.34
2025-08-19 19:00,1107.452,0,0.0
2025-08-19 20:00,1040.936,0,0.0
2025-08-19 21:00,970.424,0,0.0
2025-08-19 22:00,850.201,0,0.0
2025-08-19 23:00,762.489,0,0.0
2025-08-20 00:00,741.103,0,0.0
2025-08-20 01:00,696.14,0,0.0
2025-08-20 02:00,707.7,0,0.0
2025-08-20 03:00,696.21,0,0.0
2025-08-20 04:00,707.067,0,0.0
2025-08-20 05:00,777.571,0,0.0
2025-08-20 06:00,813.406,0,0.0
2025-08-20 07:00,912.074,0,0.0
2025-08-20 08:00,1024.2,0,0.0
2025-08-20 09:00,1128.948,1,25.39
2025-08-20 10:00,1172.389,1,24.86
2025-08-20 11:00,1246.385,0,0.0
2025-08-20 12:00,1287.946,1,45.76
2025-08-20 13:00,1269.423,1,40.35
2025-08-20 14:00,1271.789,1,41.35
2025-08-20 15:00,1300.75,1,48.64
2025-08-20 16:00,1250.294,1,34.99
2025-08-20 17:00,1268.191,1,39.62
2025-08-20 18:00,1146.418,1,25.39
2025-08-20 19:00,1073.52,1,25.7
2025-08-20 20:00,1012.388,0,0.0
2025-08-20 21:00,912.187,0,0.0
2025-08-20 22:00,811.618,0,0.0
2025-08-20 23:00,749.542,0,0.0
2025-08-21 00:00,750.32,0,0.0
2025-08-21 01:00,694.017,0,0.0
2025-08-21 02:00,648.309,0,0.0
2025-08-21 03:00,659.13,0,0.0
2025-08-21 04:00,686.748,0,0.0
2025-08-21 05:00,769.686,0,0.0
2025-08-21 06:00,887.299,0,0.0
2025-08-21 07:00,1073.803,1,25.06
2025-08-21 08:00,1200.85,1,39.58
2025-08-21 09:00,1210.998,1,40.3
2025-08-21 10:00,1252.887,1,47.85
2025-08-21 11:00,1231.556,1,44.75
2025-08-21 12:00,1220.904,1,43.06
2025-08-21 13:00,1174.674,1,33.82
2025-08-21 14:00,1186.579,1,36.78
2025-08-21 15:00,1235.683,1,44.5
2025-08-21 16:00,1214.137,1,41.91
2025-08-21 17:00,1130.703,1,27.77
2025-08-21 18:00,1023.037,1,24.04
2025-08-21 19:00,1045.049,1,24.76
2025-08-21 20:00,976.947,1,25.1
2025-08-21 21:00,869.66,0,0.0
2025-08-21 22:00,808.122,0,0.0
2025-08-21 23:00,806.219,0,0.0
2025-08-22 00:00,790.687,0,0.0
2025-08-22 01:00,670.149,0,0.0
2025-08-22 02:00,716.506,0,0.0
2025-08-22 03:00,645.172,0,0.0
2025-08-22 04:00,660.77,0,0.0
2025-08-22 05:00,691.895,0,0.0
2025-08-22 06:00,771.485,0,0.0
2025-08-22 07:00,902.555,0,0.0
2025-08-22 08:00,929.409,1,24.62
2025-08-22 09:00,1000.283,1,24.74
2025-08-22 10:00,1100.998,1,38.09
2025-08-22 11:00,1093.239,1,35.63
2025-08-22 12:00,1066.845,1,28.23
2025-08-22 13:00,1099.773,0,0.0
2025-08-22 14:00,1121.921,1,44.04
2025-08-22 15:00,1132.293,1,48.81
2025-08-22 16:00,1082.74,1,33.16
2025-08-22 17:00,1093.371,1,36.17
2025-08-22 18:00,1077.181,1,31.84
2025-08-22 19:00,970.252,1,24.94
2025-08-22 20:00,877.942,0,0.0
2025-08-22 21:00,824.897,0,0.0
2025-08-22 22:00,734.359,0,0.0
2025-08-22 23:00,697.498,0,0.0
2025-08-23 00:00,681.968,0,0.0
2025-08-23 01:00,644.256,0,0.0
2025-08-23 02:00,599.754,0,0.0
2025-08-23 03:00,595.68,0,0.0
2025-08-23 04:00,612.64,0,0.0
2025-08-23 05:00,666.382,0,0.0
2025-08-23 06:00,773.162,0,0.0
2025-08-23 07:00,906.0,0,0.0
2025-08-23 08:00,998.132,1,25.25
2025-08-23 09:00,1049.197,1,25.1
2025-08-23 10:00,1161.882,1,30.45
2025-08-23 11:00,1211.663,1,40.36
2025-08-23 12:00,1242.739,1,45.65
2025-08-23 13:00,1244.479,1,45.46
2025-08-23 14:00,1203.395,0,0.0
2025-08-23 15:00,1258.646,1,48.07
2025-08-23 16:00,1228.1,1,41.56
2025-08-23 17:00,1152.05,1,28.54
2025-08-23 18:00,1078.402,1,25.17
2025-08-23 19:00,965.661,0,0.0
2025-08-23 20:00,928.926,0,0.0
2025-08-23 21:00,869.401,0,0.0
2025-08-23 22:00,790.984,0,0.0
2025-08-23 23:00,726.717,0,0.0
2025-08-24 00:00,687.199,0,0.0
2025-08-24 01:00,601.366,0,0.0
2025-08-24 02:00,561.199,0,0.0
2025-08-24 03:00,540.732,0,0.0
2025-08-24 04:00,550.459,0,0.0
2025-08-24 05:00,621.431,0,0.0
2025-08-24 06:00,740.47,0,0.0
2025-08-24 07:00,849.876,0,0.0
2025-08-24 08:00,994.48,1,25.18
2025-08-24 09:00,1019.828,1,24.78
2025-08-24 10:00,1054.299,1,24.69
2025-08-24 11:00,1074.08,1,24.73
2025-08-24 12:00,1138.064,1,35.96
2025-08-24 13:00,1156.214,1,41.68
2025-08-24 14:00,1175.599,1,48.37
2025-08-24 15:00,1121.918,1,30.8
2025-08-24 16:00,1075.815,1,25.61
2025-08-24 17:00,1096.248,1,25.61
2025-08-24 18:00,967.265,1,25.09
2025-08-24 19:00,960.222,0,0.0
2025-08-24 20:00,907.097,0,0.0
2025-08-24 21:00,811.253,0,0.0
2025-08-24 22:00,720.612,0,0.0
2025-08-24 23:00,720.969,0,0.0
2025-08-25 00:00,779.535,0,0.0
2025-08-25 01:00,725.856,0,0.0
2025-08-25 02:00,701.876,0,0.0
2025-08-25 03:00,660.893,0,0.0
2025-08-25 04:00,682.039,0,0.0
2025-08-25 05:00,722.593,0,0.0
2025-08-25 06:00,819.209,0,0.0
2025-08-25 07:00,997.765,1,25.0
2025-08-25 08:00,1087.779,1,25.72
2025-08-25 09:00,1100.528,1,28.62
2025-08-25 10:00,1085.64,1,25.85
2025-08-25 11:00,1119.891,1,33.29
2025-08-25 12:00,1115.099,1,33.27
2025-08-25 13:00,1156.227,1,42.42
2025-08-25 14:00,1114.221,1,31.76
2025-08-25 15:00,1181.699,1,48.84
2025-08-25 16:00,1128.088,1,35.03
2025-08-25 17:00,1109.8,1,32.05
2025-08-25 18:00,1053.3,1,25.08
2025-08-25 19:00,1053.75,1,25.2
2025-08-25 20:00,978.352,1,25.01
2025-08-25 21:00,956.623,1,25.1
2025-08-25 22:00,875.89,0,0.0
2025-08-25 23:00,837.717,0,0.0
2025-08-26 00:00,794.686,0,0.0
2025-08-26 01:00,748.825,0,0.0
2025-08-26 02:00,745.578,0,0.0
2025-08-26 03:00,730.957,0,0.0
2025-08-26 04:00,750.518,0,0.0
2025-08-26 05:00,792.524,0,0.0
2025-08-26 06:00,881.978,0,0.0
2025-08-26 07:00,1034.334,1,25.71
2025-08-26 08:00,1173.55,1,25.35
2025-08-26 09:00,1192.41,1,29.29
2025-08-26 10:00,1188.566,1,27.91
2025-08-26 11:00,1163.806,1,25.21
2025-08-26 12:00,1217.502,1,34.06
2025-08-26 13:00,1192.148,1,28.66
2025-08-26 14:00,1248.31,1,40.19
2025-08-26 15:00,1287.147,0,0.0
2025-08-26 16:00,1235.195,1,38.38
2025-08-26 17:00,1257.556,1,41.84
2025-08-26 18:00,1124.243,1,24.51
2025-08-26 19:00,1105.69,1,25.62
2025-08-26 20:00,1022.708,1,25.63
2025-08-26 21:00,865.367,0,0.0
2025-08-26 22:00,836.852,0,0.0
2025-08-26 23:00,796.178,0,0.0
2025-08-27 00:00,755.925,0,0.0
2025-08-27 01:00,687.149,0,0.0
2025-08-27 02:00,631.117,0,0.0
2025-08-27 03:00,674.219,0,0.0
2025-08-27 04:00,668.498,0,0.0
2025-08-27 05:00,695.471,0,0.0
2025-08-27 06:00,803.993,0,0.0
2025-08-27 07:00,869.42,0,0.0
2025-08-27 08:00,939.208,0,0.0
2025-08-27 09:00,1050.662,1,24.73
2025-08-27 10:00,1116.474,1,32.31
2025-08-27 11:00,1124.728,1,34.97
2025-08-27 12:00,1151.358,1,40.75
2025-08-27 13:00,1157.482,1,42.42
2025-08-27 14:00,1181.828,1,49.13
2025-08-27 15:00,1174.975,1,48.4
2025-08-27 16:00,1143.172,1,39.23
2025-08-27 17:00,1094.599,1,27.59
2025-08-27 18:00,1026.232,1,24.56
2025-08-27 19:00,1008.471,1,25.14
2025-08-27 20:00,964.245,1,25.02
2025-08-27 21:00,856.735,0,0.0
2025-08-27 22:00,751.662,0,0.0
2025-08-27 23:00,701.849,0,0.0
2025-08-28 00:00,746.499,0,0.0
2025-08-28 01:00,678.318,0,0.0
2025-08-28 02:00,657.076,0,0.0
2025-08-28 03:00,641.954,0,0.0
2025-08-28 04:00,660.334,0,0.0
2025-08-28 05:00,708.725,0,0.0
2025-08-28 06:00,842.013,0,0.0
2025-08-28 07:00,974.277,0,0.0
2025-08-28 08:00,1100.904,0,0.0
2025-08-28 09:00,1175.103,0,0.0
2025-08-28 10:00,1239.339,0,0.0
2025-08-28 11:00,1307.361,1,25.09
2025-08-28 12:00,1357.947,1,25.13
2025-08-28 13:00,1446.062,1,31.89
2025-08-28 14:00,1477.015,1,46.47
2025-08-28 15:00,1424.944,1,24.53
2025-08-28 16:00,1405.9,1,25.23
2025-08-28 17:00,1357.723,1,24.66
2025-08-28 18:00,1335.171,1,24.96
2025-08-28 19:00,1170.555,0,0.0
2025-08-28 20:00,1079.957,0,0.0
2025-08-28 21:00,951.668,0,0.0
2025-08-28 22:00,870.826,0,0.0
2025-08-28 23:00,790.909,0,0.0
2025-08-29 00:00,774.867,0,0.0
2025-08-29 01:00,691.092,0,0.0
2025-08-29 02:00,689.619,0,0.0
2025-08-29 03:00,670.524,0,0.0
2025-08-29 04:00,690.584,0,0.0
2025-08-29 05:00,797.142,0,0.0
2025-08-29 06:00,879.8,0,0.0
2025-08-29 07:00,1005.977,0,0.0
2025-08-29 08:00,1102.37,1,25.09
2025-08-29 09:00,1161.267,1,24.91
2025-08-29 10:00,1280.674,1,37.0
2025-08-29 11:00,1280.001,1,36.38
2025-08-29 12:00,1256.623,1,32.5
2025-08-29 13:00,1342.506,1,48.72
2025-08-29 14:00,1325.535,0,0.0
2025-08-29 15:00,1258.093,1,32.85
2025-08-29 16:00,1203.383,1,25.03
2025-08-29 17:00,1116.08,1,24.42
2025-08-29 18:00,1000.765,0,0.0
2025-08-29 19:00,937.656,0,0.0
2025-08-29 20:00,882.177,0,0.0
2025-08-29 21:00,860.47,0,0.0
2025-08-29 22:00,805.994,1,25.0
2025-08-29 23:00,762.553,0,0.0
2025-08-30 00:00,674.186,0,0.0
2025-08-30 01:00,659.644,0,0.0
2025-08-30 02:00,669.396,0,0.0
2025-08-30 03:00,651.159,0,0.0
2025-08-30 04:00,672.732,0,0.0
2025-08-30 05:00,693.287,0,0.0
2025-08-30 06:00,813.965,0,0.0
2025-08-30 07:00,978.131,0,0.0
2025-08-30 08:00,1073.312,1,24.74
2025-08-30 09:00,1094.97,1,25.32
2025-08-30 10:00,1117.121,1,24.79
2025-08-30 11:00,1112.36,1,24.97
2025-08-30 12:00,1113.514,1,24.82
2025-08-30 13:00,1157.173,0,0.0
2025-08-30 14:00,1182.259,1,34.29
2025-08-30 15:00,1235.996,1,47.1
2025-08-30 16:00,1218.924,1,44.03
2025-08-30 17:00,1133.615,1,25.4
2025-08-30 18:00,1054.529,1,24.93
2025-08-30 19:00,961.31,0,0.0
2025-08-30 20:00,886.138,0,0.0
2025-08-30 21:00,869.592,0,0.0
2025-08-30 22:00,838.233,0,0.0
2025-08-30 23:00,784.278,0,0.0
2025-08-31 00:00,752.322,0,0.0
2025-08-31 01:00,669.306,0,0.0
2025-08-31 02:00,651.291,0,0.0
2025-08-31 03:00,611.421,0,0.0
2025-08-31 04:00,665.772,0,0.0
2025-08-31 05:00,678.891,0,0.0
2025-08-31 06:00,782.334,0,0.0
2025-08-31 07:00,865.914,0,0.0
2025-08-31 08:00,960.292,0,0.0
2025-08-31 09:00,1042.781,1,24.37
2025-08-31 10:00,1117.291,1,24.9
2025-08-31 11:00,1126.254,1,25.24
2025-08-31 12:00,1168.705,1,29.16
2025-08-31 13:00,1151.39,0,0.0
2025-08-31 14:00,1176.077,1,30.65
2025-08-31 15:00,1230.774,1,47.38
2025-08-31 16:00,1213.151,1,42.21
2025-08-31 17:00,1142.047,1,24.3
2025-08-31 18:00,1069.283,1,24.8
2025-08-31 19:00,1026.765,1,25.02
2025-08-31 20:00,907.017,0,0.0
2025-08-31 21:00,805.454,0,0.0
2025-08-31 22:00,754.365,0,0.0
2025-08-31 23:00,689.128,0,0.0
2025-09-01 00:00,543.222,0,0.0
2025-09-01 01:00,545.748,0,0.0
2025-09-01 02:00,509.925,0,0.0
2025-09-01 03:00,510.537,0,0.0
2025-09-01 04:00,533.684,0,0.0
2025-09-01 05:00,594.663,0,0.0
2025-09-01 06:00,671.176,0,0.0
2025-09-01 07:00,777.391,0,0.0
2025-09-01 08:00,817.695,0,0.0
2025-09-01 09:00,818.224,0,0.0
2025-09-01 10:00,767.365,0,0.0
2025-09-01 11:00,809.82,0,0.0
2025-09-01 12:00,734.293,0,0.0
2025-09-01 13:00,709.92,0,0.0
2025-09-01 14:00,798.294,0,0.0
2025-09-01 15:00,876.653,1,25.04
2025-09-01 16:00,966.836,1,24.31
2025-09-01 17:00,1060.054,1,38.66
2025-09-01 18:00,1107.209,1,48.53
2025-09-01 19:00,1057.136,1,38.5
2025-09-01 20:00,915.449,1,24.95
2025-09-01 21:00,822.276,0,0.0
2025-09-01 22:00,733.05,0,0.0
2025-09-01 23:00,672.641,0,0.0
2025-09-02 00:00,663.374,0,0.0
2025-09-02 01:00,619.15,0,0.0
2025-09-02 02:00,565.953,0,0.0
2025-09-02 03:00,593.338,0,0.0
2025-09-02 04:00,597.793,0,0.0
2025-09-02 05:00,667.281,0,0.0
2025-09-02 06:00,755.889,0,0.0
2025-09-02 07:00,822.149,1,24.93
2025-09-02 08:00,875.112,1,24.69
2025-09-02 09:00,842.561,1,25.22
2025-09-02 10:00,817.038,1,25.2
2025-09-02 11:00,771.206,0,0.0
2025-09-02 12:00,748.393,0,0.0
2025-09-02 13:00,743.445,0,0.0
2025-09-02 14:00,772.774,0,0.0
2025-09-02 15:00,836.223,1,25.27
2025-09-02 16:00,979.929,1,34.89
2025-09-02 17:00,1047.071,1,47.25
2025-09-02 18:00,996.939,1,38.61
2025-09-02 19:00,1009.352,1,41.96
2025-09-02 20:00,924.945,1,25.39
2025-09-02 21:00,802.745,1,25.4
2025-09-02 22:00,692.256,1,25.0
2025-09-02 23:00,591.954,0,0.0
2025-09-03 00:00,604.238,0,0.0
2025-09-03 01:00,567.986,0,0.0
2025-09-03 02:00,515.696,0,0.0
2025-09-03 03:00,525.123,0,0.0
2025-09-03 04:00,582.561,0,0.0
2025-09-03 05:00,649.354,0,0.0
2025-09-03 06:00,722.491,0,0.0
2025-09-03 07:00,775.848,0,0.0
2025-09-03 08:00,786.097,0,0.0
2025-09-03 09:00,808.547,1,25.24
2025-09-03 10:00,774.36,0,0.0
2025-09-03 11:00,713.965,0,0.0
2025-09-03 12:00,716.998,0,0.0
2025-09-03 13:00,741.381,0,0.0
2025-09-03 14:00,764.077,0,0.0
2025-09-03 15:00,801.442,0,0.0
2025-09-03 16:00,853.18,1,24.69
2025-09-03 17:00,982.207,1,36.28
2025-09-03 18:00,1029.431,1,47.12
2025-09-03 19:00,1002.583,1,41.95
2025-09-03 20:00,913.445,1,24.9
2025-09-03 21:00,807.225,0,0.0
2025-09-03 22:00,694.72,0,0.0
2025-09-03 23:00,609.691,0,0.0
2025-09-04 00:00,602.252,0,0.0
2025-09-04 01:00,592.691,0,0.0
2025-09-04 02:00,544.997,0,0.0
2025-09-04 03:00,539.131,0,0.0
2025-09-04 04:00,587.471,0,0.0
2025-09-04 05:00,691.959,0,0.0
2025-09-04 06:00,831.2,0,0.0
2025-09-04 07:00,880.426,1,24.58
2025-09-04 08:00,939.853,1,24.95
2025-09-04 09:00,888.344,1,24.94
2025-09-04 10:00,867.52,0,0.0
2025-09-04 11:00,854.438,0,0.0
2025-09-04 12:00,786.794,0,0.0
2025-09-04 13:00,810.745,0,0.0
2025-09-04 14:00,863.746,0,0.0
2025-09-04 15:00,919.869,1,24.75
2025-09-04 16:00,986.31,1,25.57
2025-09-04 17:00,1005.928,1,27.41
2025-09-04 18:00,1065.555,1,48.6
2025-09-04 19:00,1021.36,1,32.83
2025-09-04 20:00,890.339,1,25.18
2025-09-04 21:00,772.508,0,0.0
2025-09-04 22:00,684.909,0,0.0
2025-09-04 23:00,594.987,0,0.0
2025-09-05 00:00,567.131,0,0.0
2025-09-05 01:00,504.551,0,0.0
2025-09-05 02:00,522.912,0,0.0
2025-09-05 03:00,525.212,0,0.0
2025-09-05 04:00,536.934,0,0.0
2025-09-05 05:00,549.874,0,0.0
2025-09-05 06:00,677.577,0,0.0
2025-09-05 07:00,778.799,0,0.0
2025-09-05 08:00,821.837,0,0.0
2025-09-05 09:00,818.092,0,0.0
2025-09-05 10:00,807.228,0,0.0
2025-09-05 11:00,790.22,0,0.0
2025-09-05 12:00,761.564,0,0.0
2025-09-05 13:00,763.861,0,0.0
2025-09-05 14:00,807.436,0,0.0
2025-09-05 15:00,912.469,1,25.11
2025-09-05 16:00,984.381,1,24.09
2025-09-05 17:00,1112.977,1,42.02
2025-09-05 18:00,1144.692,1,47.4
2025-09-05 19:00,1089.295,1,35.52
2025-09-05 20:00,1046.191,1,25.69
2025-09-05 21:00,939.243,1,25.09
2025-09-05 22:00,842.01,0,0.0
2025-09-05 23:00,703.688,0,0.0
2025-09-06 00:00,654.446,0,0.0
2025-09-06 01:00,598.441,0,0.0
2025-09-06 02:00,562.65,0,0.0
2025-09-06 03:00,513.794,0,0.0
2025-09-06 04:00,548.761,0,0.0
2025-09-06 05:00,585.703,0,0.0
2025-09-06 06:00,687.163,0,0.0
2025-09-06 07:00,732.067,0,0.0
2025-09-06 08:00,816.461,1,25.15
2025-09-06 09:00,795.339,1,25.16
2025-09-06 10:00,815.786,1,24.14
2025-09-06 11:00,758.102,1,24.47
2025-09-06 12:00,772.313,1,25.6
2025-09-06 13:00,730.646,0,0.0
2025-09-06 14:00,764.222,1,25.76
2025-09-06 15:00,805.117,1,25.5
2025-09-06 16:00,867.458,1,29.53
2025-09-06 17:00,927.815,1,46.78
2025-09-06 18:00,931.284,1,49.2
2025-09-06 19:00,856.591,1,27.34
2025-09-06 20:00,774.575,1,24.89
2025-09-06 21:00,692.954,0,0.0
2025-09-06 22:00,643.026,0,0.0
2025-09-06 23:00,575.994,0,0.0
2025-09-07 00:00,568.389,0,0.0
2025-09-07 01:00,506.524,0,0.0
2025-09-07 02:00,485.885,0,0.0
2025-09-07 03:00,501.277,0,0.0
2025-09-07 04:00,538.19,0,0.0
2025-09-07 05:00,580.657,0,0.0
2025-09-07 06:00,694.987,0,0.0
2025-09-07 07:00,755.975,0,0.0
2025-09-07 08:00,765.557,0,0.0
2025-09-07 09:00,753.483,0,0.0
2025-09-07 10:00,724.73,0,0.0
2025-09-07 11:00,697.506,0,0.0
2025-09-07 12:00,672.102,0,0.0
2025-09-07 13:00,665.027,0,0.0
2025-09-07 14:00,692.372,0,0.0
2025-09-07 15:00,790.254,0,0.0
2025-09-07 16:00,875.505,1,25.02
2025-09-07 17:00,984.46,1,30.31
2025-09-07 18:00,1028.723,1,48.43
2025-09-07 19:00,954.175,1,24.98
2025-09-07 20:00,810.871,0,0.0
2025-09-07 21:00,691.789,0,0.0
2025-09-07 22:00,600.179,0,0.0
2025-09-07 23:00,523.825,0,0.0
2025-09-08 00:00,557.772,0,0.0
2025-09-08 01:00,549.694,0,0.0
2025-09-08 02:00,574.961,0,0.0
2025-09-08 03:00,553.319,0,0.0
2025-09-08 04:00,614.84,0,0.0
2025-09-08 05:00,710.543,0,0.0
2025-09-08 06:00,797.444,1,24.95
2025-09-08 07:00,885.618,1,25.3
2025-09-08 08:00,943.27,1,35.64
2025-09-08 09:00,887.709,1,24.97
2025-09-08 10:00,834.917,1,24.87
2025-09-08 11:00,790.576,1,24.64
2025-09-08 12:00,706.984,0,0.0
2025-09-08 13:00,731.113,0,0.0
2025-09-08 14:00,748.055,0,0.0
2025-09-08 15:00,785.583,1,24.89
2025-09-08 16:00,887.769,1,24.92
2025-09-08 17:00,922.453,1,30.67
2025-09-08 18:00,999.441,1,47.02
2025-09-08 19:00,979.3,1,42.66
2025-09-08 20:00,875.744,1,24.6
2025-09-08 21:00,769.322,0,0.0
2025-09-08 22:00,649.866,0,0.0
2025-09-08 23:00,597.767,0,0.0
2025-09-09 00:00,573.056,0,0.0
2025-09-09 01:00,547.882,0,0.0
2025-09-09 02:00,541.557,0,0.0
2025-09-09 03:00,528.195,0,0.0
2025-09-09 04:00,531.208,0,0.0
2025-09-09 05:00,620.123,0,0.0
2025-09-09 06:00,735.368,0,0.0
2025-09-09 07:00,800.486,1,24.99
2025-09-09 08:00,846.176,1,24.67
2025-09-09 09:00,848.449,1,25.54
2025-09-09 10:00,838.678,1,25.11
2025-09-09 11:00,795.267,1,25.26
2025-09-09 12:00,733.449,0,0.0
2025-09-09 13:00,716.345,0,0.0
2025-09-09 14:00,746.48,0,0.0
2025-09-09 15:00,860.365,1,25.39
2025-09-09 16:00,917.075,1,25.88
2025-09-09 17:00,979.064,1,43.64
2025-09-09 18:00,994.947,1,48.4
2025-09-09 19:00,940.13,1,33.58
2025-09-09 20:00,859.07,1,24.84
2025-09-09 21:00,723.59,0,0.0
2025-09-09 22:00,672.355,0,0.0
2025-09-09 23:00,594.797,0,0.0
2025-09-10 00:00,617.479,0,0.0
2025-09-10 01:00,554.642,0,0.0
2025-09-10 02:00,567.273,0,0.0
2025-09-10 03:00,587.296,0,0.0
2025-09-10 04:00,604.561,0,0.0
2025-09-10 05:00,657.273,0,0.0
2025-09-10 06:00,729.481,0,0.0
2025-09-10 07:00,784.518,0,0.0
2025-09-10 08:00,820.491,1,24.86
2025-09-10 09:00,793.158,1,25.55
2025-09-10 10:00,720.63,0,0.0
2025-09-10 11:00,776.568,0,0.0
2025-09-10 12:00,750.47,0,0.0
2025-09-10 13:00,767.418,0,0.0
2025-09-10 14:00,781.413,0,0.0
2025-09-10 15:00,839.435,1,25.12
2025-09-10 16:00,910.467,1,25.05
2025-09-10 17:00,994.353,1,41.02
2025-09-10 18:00,1030.057,1,48.81
2025-09-10 19:00,1014.528,1,46.1
2025-09-10 20:00,921.736,1,27.47
2025-09-10 21:00,823.625,1,24.74
2025-09-10 22:00,717.691,0,0.0
2025-09-10 23:00,635.744,0,0.0
2025-09-11 00:00,593.817,0,0.0
2025-09-11 01:00,578.235,0,0.0
2025-09-11 02:00,562.364,0,0.0
2025-09-11 03:00,554.31,0,0.0
2025-09-11 04:00,580.309,0,0.0
2025-09-11 05:00,641.428,0,0.0
2025-09-11 06:00,738.747,0,0.0
2025-09-11 07:00,817.13,0,0.0
2025-09-11 08:00,831.861,1,25.03
2025-09-11 09:00,823.199,1,24.82
2025-09-11 10:00,810.355,0,0.0
2025-09-11 11:00,835.043,1,25.14
2025-09-11 12:00,788.433,0,0.0
2025-09-11 13:00,815.219,0,0.0
2025-09-11 14:00,786.673,0,0.0
2025-09-11 15:00,877.003,1,24.82
2025-09-11 16:00,908.085,1,24.71
2025-09-11 17:00,957.211,1,30.63
2025-09-11 18:00,1011.402,1,47.31
2025-09-11 19:00,949.848,1,28.92
2025-09-11 20:00,842.57,1,24.63
2025-09-11 21:00,733.822,0,0.0
2025-09-11 22:00,671.078,0,0.0
2025-09-11 23:00,576.91,0,0.0
2025-09-12 00:00,551.929,0,0.0
2025-09-12 01:00,519.185,0,0.0
2025-09-12 02:00,524.662,0,0.0
2025-09-12 03:00,542.198,0,0.0
2025-09-12 04:00,537.117,0,0.0
2025-09-12 05:00,627.462,0,0.0
2025-09-12 06:00,709.19,0,0.0
2025-09-12 07:00,798.489,0,0.0
2025-09-12 08:00,804.769,0,0.0
2025-09-12 09:00,790.686,0,0.0
2025-09-12 10:00,831.613,1,25.06
2025-09-12 11:00,808.008,0,0.0
2025-09-12 12:00,770.483,0,0.0
2025-09-12 13:00,776.258,0,0.0
2025-09-12 14:00,765.58,0,0.0
2025-09-12 15:00,876.904,1,25.16
2025-09-12 16:00,966.125,1,35.76
2025-09-12 17:00,1006.604,1,47.28
2025-09-12 18:00,1003.542,1,47.05
2025-09-12 19:00,966.062,1,36.76
2025-09-12 20:00,908.194,1,25.6
2025-09-12 21:00,762.418,0,0.0
2025-09-12 22:00,701.003,0,0.0
2025-09-12 23:00,616.701,0,0.0
2025-09-13 00:00,531.078,0,0.0
2025-09-13 01:00,495.921,0,0.0
2025-09-13 02:00,515.775,0,0.0
2025-09-13 03:00,488.904,0,0.0
2025-09-13 04:00,507.395,0,0.0
2025-09-13 05:00,590.181,0,0.0
2025-09-13 06:00,686.805,0,0.0
2025-09-13 07:00,741.6,0,0.0
2025-09-13 08:00,801.531,0,0.0
2025-09-13 09:00,795.832,0,0.0
2025-09-13 10:00,766.379,0,0.0
2025-09-13 11:00,728.707,0,0.0
2025-09-13 12:00,699.556,0,0.0
2025-09-13 13:00,721.923,0,0.0
2025-09-13 14:00,717.11,0,0.0
2025-09-13 15:00,818.622,0,0.0
2025-09-13 16:00,945.913,1,25.13
2025-09-13 17:00,1007.104,1,35.21
2025-09-13 18:00,1042.345,1,48.72
2025-09-13 19:00,1024.182,1,41.71
2025-09-13 20:00,970.198,1,24.9
2025-09-13 21:00,870.905,1,25.35
2025-09-13 22:00,704.703,0,0.0
2025-09-13 23:00,608.329,0,0.0
2025-09-14 00:00,580.746,0,0.0
2025-09-14 01:00,533.906,0,0.0
2025-09-14 02:00,546.608,0,0.0
2025-09-14 03:00,567.205,0,0.0
2025-09-14 04:00,573.927,0,0.0
2025-09-14 05:00,627.821,0,0.0
2025-09-14 06:00,699.273,1,24.82
2025-09-14 07:00,768.829,1,30.3
2025-09-14 08:00,791.799,1,35.94
2025-09-14 09:00,786.614,1,35.29
2025-09-14 10:00,727.948,1,25.49
2025-09-14 11:00,647.694,1,25.05
2025-09-14 12:00,606.466,0,0.0
2025-09-14 13:00,611.074,0,0.0
2025-09-14 14:00,639.467,0,0.0
2025-09-14 15:00,717.571,1,25.51
2025-09-14 16:00,769.387,1,30.79
2025-09-14 17:00,817.165,1,42.96
2025-09-14 18:00,837.162,1,47.73
2025-09-14 19:00,787.727,1,35.81
2025-09-14 20:00,720.23,1,25.34
2025-09-14 21:00,635.352,0,0.0
2025-09-14 22:00,590.709,0,0.0
2025-09-14 23:00,512.088,0,0.0
2025-09-15 00:00,520.777,0,0.0
2025-09-15 01:00,491.856,0,0.0
2025-09-15 02:00,502.705,0,0.0
2025-09-15 03:00,505.461,0,0.0
2025-09-15 04:00,562.379,0,0.0
2025-09-15 05:00,602.002,0,0.0
2025-09-15 06:00,699.41,0,0.0
2025-09-15 07:00,766.577,1,24.58
2025-09-15 08:00,769.098,1,24.76
2025-09-15 09:00,750.139,0,0.0
2025-09-15 10:00,777.443,1,24.52
2025-09-15 11:00,738.424,0,0.0
2025-09-15 12:00,723.298,0,0.0
2025-09-15 13:00,707.973,0,0.0
2025-09-15 14:00,707.476,0,0.0
2025-09-15 15:00,758.24,1,24.34
2025-09-15 16:00,834.58,1,24.71
2025-09-15 17:00,912.393,1,36.82
2025-09-15 18:00,952.932,1,48.1
2025-09-15 19:00,868.056,1,24.72
2025-09-15 20:00,786.191,1,25.28
2025-09-15 21:00,720.751,0,0.0
2025-09-15 22:00,610.822,0,0.0
2025-09-15 23:00,545.68,0,0.0
2025-09-16 00:00,534.743,0,0.0
2025-09-16 01:00,498.104,0,0.0
2025-09-16 02:00,498.942,0,0.0
2025-09-16 03:00,476.827,0,0.0
2025-09-16 04:00,534.26,0,0.0
2025-09-16 05:00,609.845,0,0.0
2025-09-16 06:00,709.508,0,0.0
2025-09-16 07:00,823.941,0,0.0
2025-09-16 08:00,844.429,0,0.0
2025-09-16 09:00,793.948,0,0.0
2025-09-16 10:00,802.132,0,0.0
2025-09-16 11:00,829.955,0,0.0
2025-09-16 12:00,782.01,0,0.0
2025-09-16 13:00,789.068,0,0.0
2025-09-16 14:00,846.306,1,25.41
2025-09-16 15:00,902.661,1,24.44
2025-09-16 16:00,998.493,1,28.95
2025-09-16 17:00,1100.709,1,47.98
2025-09-16 18:00,1099.872,1,47.44
2025-09-16 19:00,1055.594,1,39.24
2025-09-16 20:00,944.748,1,25.4
2025-09-16 21:00,786.817,0,0.0
2025-09-16 22:00,667.34,0,0.0
2025-09-16 23:00,580.237,0,0.0
2025-09-17 00:00,574.551,0,0.0
2025-09-17 01:00,562.511,0,0.0
2025-09-17 02:00,557.835,0,0.0
2025-09-17 03:00,561.778,0,0.0
2025-09-17 04:00,598.712,0,0.0
2025-09-17 05:00,666.787,0,0.0
2025-09-17 06:00,772.354,0,0.0
2025-09-17 07:00,862.808,0,0.0
2025-09-17 08:00,845.911,0,0.0
2025-09-17 09:00,790.234,0,0.0
2025-09-17 10:00,733.919,0,0.0
2025-09-17 11:00,755.656,0,0.0
2025-09-17 12:00,783.545,0,0.0
2025-09-17 13:00,735.64,0,0.0
2025-09-17 14:00,815.057,0,0.0
2025-09-17 15:00,879.893,0,0.0
2025-09-17 16:00,991.798,1,24.89
2025-09-17 17:00,1084.971,1,31.31
2025-09-17 18:00,1160.29,1,47.24
2025-09-17 19:00,1095.492,1,32.47
2025-09-17 20:00,931.247,1,25.62
2025-09-17 21:00,807.97,0,0.0
2025-09-17 22:00,719.223,0,0.0
2025-09-17 23:00,627.229,0,0.0
2025-09-18 00:00,605.534,0,0.0
2025-09-18 01:00,566.727,0,0.0
2025-09-18 02:00,536.044,0,0.0
2025-09-18 03:00,515.384,0,0.0
2025-09-18 04:00,542.413,0,0.0
2025-09-18 05:00,613.733,0,0.0
2025-09-18 06:00,661.826,0,0.0
2025-09-18 07:00,726.551,0,0.0
2025-09-18 08:00,712.267,0,0.0
2025-09-18 09:00,689.765,0,0.0
2025-09-18 10:00,715.355,0,0.0
2025-09-18 11:00,679.703,0,0.0
2025-09-18 12:00,697.812,0,0.0
2025-09-18 13:00,797.391,0,0.0
2025-09-18 14:00,864.758,0,0.0
2025-09-18 15:00,925.381,1,24.77
2025-09-18 16:00,1027.548,1,36.33
2025-09-18 17:00,1049.866,1,48.18
2025-09-18 18:00,1019.633,1,32.85
2025-09-18 19:00,979.119,1,25.0
2025-09-18 20:00,900.946,1,24.51
2025-09-18 21:00,819.536,0,0.0
2025-09-18 22:00,701.135,0,0.0
2025-09-18 23:00,622.932,0,0.0
2025-09-19 00:00,592.029,0,0.0
2025-09-19 01:00,555.003,0,0.0
2025-09-19 02:00,536.488,0,0.0
2025-09-19 03:00,520.071,0,0.0
2025-09-19 04:00,559.802,0,0.0
2025-09-19 05:00,629.411,0,0.0
2025-09-19 06:00,715.386,0,0.0
2025-09-19 07:00,816.297,0,0.0
2025-09-19 08:00,877.883,0,0.0
2025-09-19 09:00,857.006,0,0.0
2025-09-19 10:00,786.114,0,0.0
2025-09-19 11:00,770.744,0,0.0
2025-09-19 12:00,728.811,0,0.0
2025-09-19 13:00,750.094,0,0.0
2025-09-19 14:00,758.797,0,0.0
2025-09-19 15:00,865.73,0,0.0
2025-09-19 16:00,971.553,1,25.64
2025-09-19 17:00,1090.009,1,35.04
2025-09-19 18:00,1150.243,1,49.16
2025-09-19 19:00,1070.765,1,29.7
2025-09-19 20:00,942.681,1,24.75
2025-09-19 21:00,867.446,0,0.0
2025-09-19 22:00,745.441,0,0.0
2025-09-19 23:00,621.721,0,0.0
2025-09-20 00:00,571.884,0,0.0
2025-09-20 01:00,538.592,0,0.0
2025-09-20 02:00,545.474,0,0.0
2025-09-20 03:00,541.916,0,0.0
2025-09-20 04:00,566.765,0,0.0
2025-09-20 05:00,656.338,0,0.0
2025-09-20 06:00,707.353,0,0.0
2025-09-20 07:00,765.802,0,0.0
2025-09-20 08:00,770.892,1,24.67
2025-09-20 09:00,686.291,0,0.0
2025-09-20 10:00,693.994,0,0.0
2025-09-20 11:00,671.964,0,0.0
2025-09-20 12:00,687.415,0,0.0
2025-09-20 13:00,714.364,0,0.0
2025-09-20 14:00,760.713,0,0.0
2025-09-20 15:00,806.977,1,24.9
2025-09-20 16:00,859.36,1,24.91
2025-09-20 17:00,940.937,1,34.19
2025-09-20 18:00,1005.852,1,48.86
2025-09-20 19:00,954.833,1,37.68
2025-09-20 20:00,839.6,1,24.94
2025-09-20 21:00,705.302,0,0.0
2025-09-20 22:00,629.944,0,0.0
2025-09-20 23:00,549.329,0,0.0
2025-09-21 00:00,523.94,0,0.0
2025-09-21 01:00,494.537,0,0.0
2025-09-21 02:00,476.144,0,0.0
2025-09-21 03:00,485.959,0,0.0
2025-09-21 04:00,528.805,0,0.0
2025-09-21 05:00,630.772,0,0.0
2025-09-21 06:00,738.184,0,0.0
2025-09-21 07:00,851.9,1,25.01
2025-09-21 08:00,846.22,1,24.99
2025-09-21 09:00,761.501,0,0.0
2025-09-21 10:00,730.516,0,0.0
2025-09-21 11:00,736.707,0,0.0
2025-09-21 12:00,734.374,0,0.0
2025-09-21 13:00,774.283,0,0.0
2025-09-21 14:00,729.925,0,0.0
2025-09-21 15:00,827.877,1,24.81
2025-09-21 16:00,912.074,1,30.19
2025-09-21 17:00,933.088,1,32.98
2025-09-21 18:00,992.441,1,49.57
2025-09-21 19:00,951.601,1,38.82
2025-09-21 20:00,869.502,1,24.58
2025-09-21 21:00,784.102,1,25.89
2025-09-21 22:00,691.824,0,0.0
2025-09-21 23:00,575.583,0,0.0
2025-09-22 00:00,577.626,0,0.0
2025-09-22 01:00,515.227,0,0.0
2025-09-22 02:00,518.318,0,0.0
2025-09-22 03:00,547.277,0,0.0
2025-09-22 04:00,553.307,0,0.0
2025-09-22 05:00,604.336,0,0.0
2025-09-22 06:00,680.386,0,0.0
2025-09-22 07:00,752.699,0,0.0
2025-09-22 08:00,805.521,0,0.0
2025-09-22 09:00,768.22,0,0.0
2025-09-22 10:00,762.304,0,0.0
2025-09-22 11:00,777.335,0,0.0
2025-09-22 12:00,786.553,0,0.0
2025-09-22 13:00,766.135,0,0.0
2025-09-22 14:00,836.162,0,0.0
2025-09-22 15:00,940.019,1,25.56
2025-09-22 16:00,1063.491,1,37.41
2025-09-22 17:00,1125.123,1,49.03
2025-09-22 18:00,1113.55,1,45.09
2025-09-22 19:00,1017.005,1,28.86
2025-09-22 20:00,881.417,1,25.31
2025-09-22 21:00,775.474,0,0.0
2025-09-22 22:00,703.93,0,0.0
2025-09-22 23:00,648.916,0,0.0
2025-09-23 00:00,599.07,0,0.0
2025-09-23 01:00,562.241,0,0.0
2025-09-23 02:00,541.656,0,0.0
2025-09-23 03:00,528.41,0,0.0
2025-09-23 04:00,576.095,0,0.0
2025-09-23 05:00,648.005,0,0.0
2025-09-23 06:00,747.809,0,0.0
2025-09-23 07:00,837.13,0,0.0
2025-09-23 08:00,883.503,1,24.63
2025-09-23 09:00,859.401,1,25.22
2025-09-23 10:00,793.544,0,0.0
2025-09-23 11:00,797.918,0,0.0
2025-09-23 12:00,781.02,0,0.0
2025-09-23 13:00,779.696,0,0.0
2025-09-23 14:00,815.791,0,0.0
2025-09-23 15:00,888.282,1,25.01
2025-09-23 16:00,1001.595,1,26.58
2025-09-23 17:00,1038.294,1,33.08
2025-09-23 18:00,1116.551,1,47.68
2025-09-23 19:00,1054.729,1,36.46
2025-09-23 20:00,928.249,1,24.7
2025-09-23 21:00,793.855,0,0.0
2025-09-23 22:00,672.119,0,0.0
2025-09-23 23:00,560.272,0,0.0
2025-09-24 00:00,553.921,0,0.0
2025-09-24 01:00,566.167,0,0.0
2025-09-24 02:00,516.494,0,0.0
2025-09-24 03:00,501.887,0,0.0
2025-09-24 04:00,553.341,0,0.0
2025-09-24 05:00,618.191,0,0.0
2025-09-24 06:00,737.253,0,0.0
2025-09-24 07:00,814.485,0,0.0
2025-09-24 08:00,828.964,0,0.0
2025-09-24 09:00,792.856,0,0.0
2025-09-24 10:00,699.194,0,0.0
2025-09-24 11:00,667.861,0,0.0
2025-09-24 12:00,694.696,0,0.0
2025-09-24 13:00,750.671,0,0.0
2025-09-24 14:00,823.503,0,0.0
2025-09-24 15:00,898.016,1,25.12
2025-09-24 16:00,900.677,1,25.52
2025-09-24 17:00,963.079,1,25.1
2025-09-24 18:00,1052.904,1,45.52
2025-09-24 19:00,1061.13,1,46.99
2025-09-24 20:00,992.266,1,26.43
2025-09-24 21:00,848.127,0,0.0
2025-09-24 22:00,703.739,0,0.0
2025-09-24 23:00,619.782,0,0.0
2025-09-25 00:00,586.64,0,0.0
2025-09-25 01:00,583.508,0,0.0
2025-09-25 02:00,564.788,0,0.0
2025-09-25 03:00,559.564,0,0.0
2025-09-25 04:00,590.061,0,0.0
2025-09-25 05:00,661.584,0,0.0
2025-09-25 06:00,773.008,0,0.0
2025-09-25 07:00,829.423,1,25.08
2025-09-25 08:00,827.654,1,25.24
2025-09-25 09:00,837.034,1,25.73
2025-09-25 10:00,754.118,0,0.0
2025-09-25 11:00,785.999,0,0.0
2025-09-25 12:00,715.019,0,0.0
2025-09-25 13:00,720.408,0,0.0
2025-09-25 14:00,785.578,0,0.0
2025-09-25 15:00,851.154,1,24.94
2025-09-25 16:00,889.492,1,24.07
2025-09-25 17:00,990.992,1,40.34
2025-09-25 18:00,1030.217,1,47.91
2025-09-25 19:00,978.803,1,37.98
2025-09-25 20:00,868.279,1,24.73
2025-09-25 21:00,764.763,0,0.0
2025-09-25 22:00,661.4,0,0.0
2025-09-25 23:00,642.374,0,0.0
2025-09-26 00:00,598.995,0,0.0
2025-09-26 01:00,555.73,0,0.0
2025-09-26 02:00,528.298,0,0.0
2025-09-26 03:00,562.544,0,0.0
2025-09-26 04:00,558.702,0,0.0
2025-09-26 05:00,632.038,0,0.0
2025-09-26 06:00,722.988,0,0.0
2025-09-26 07:00,764.057,0,0.0
2025-09-26 08:00,778.936,0,0.0
2025-09-26 09:00,768.783,0,0.0
2025-09-26 10:00,721.506,0,0.0
2025-09-26 11:00,723.126,0,0.0
2025-09-26 12:00,759.394,0,0.0
2025-09-26 13:00,777.689,0,0.0
2025-09-26 14:00,767.234,0,0.0
2025-09-26 15:00,809.454,0,0.0
2025-09-26 16:00,885.944,1,24.95
2025-09-26 17:00,960.046,1,32.77
2025-09-26 18:00,1007.166,1,47.2
2025-09-26 19:00,979.332,1,38.88
2025-09-26 20:00,943.351,1,28.01
2025-09-26 21:00,819.484,1,24.5
2025-09-26 22:00,686.888,0,0.0
2025-09-26 23:00,633.279,0,0.0
2025-09-27 00:00,585.222,0,0.0
2025-09-27 01:00,550.526,0,0.0
2025-09-27 02:00,524.184,0,0.0
2025-09-27 03:00,531.128,0,0.0
2025-09-27 04:00,553.822,0,0.0
2025-09-27 05:00,570.137,0,0.0
2025-09-27 06:00,676.154,0,0.0
2025-09-27 07:00,776.712,0,0.0
2025-09-27 08:00,844.661,1,24.91
2025-09-27 09:00,783.436,0,0.0
2025-09-27 10:00,753.932,0,0.0
2025-09-27 11:00,740.238,0,0.0
2025-09-27 12:00,722.126,0,0.0
2025-09-27 13:00,736.583,0,0.0
2025-09-27 14:00,764.838,0,0.0
2025-09-27 15:00,829.462,0,0.0
2025-09-27 16:00,926.009,1,25.59
2025-09-27 17:00,1038.221,1,48.22
2025-09-27 18:00,1030.173,1,45.07
2025-09-27 19:00,969.831,1,29.02
2025-09-27 20:00,859.037,1,24.94
2025-09-27 21:00,735.771,1,25.0
2025-09-27 22:00,610.197,1,25.0
2025-09-27 23:00,546.72,0,0.0
2025-09-28 00:00,532.475,0,0.0
2025-09-28 01:00,502.662,0,0.0
2025-09-28 02:00,490.261,0,0.0
2025-09-28 03:00,499.725,0,0.0
2025-09-28 04:00,556.74,0,0.0
2025-09-28 05:00,606.773,0,0.0
2025-09-28 06:00,669.247,0,0.0
2025-09-28 07:00,744.258,1,24.98
2025-09-28 08:00,829.234,1,24.7
2025-09-28 09:00,759.823,1,24.21
2025-09-28 10:00,746.178,1,24.05
2025-09-28 11:00,756.787,1,25.05
2025-09-28 12:00,675.382,0,0.0
2025-09-28 13:00,704.811,0,0.0
2025-09-28 14:00,752.449,1,25.24
2025-09-28 15:00,804.954,1,25.59
2025-09-28 16:00,861.183,1,26.16
2025-09-28 17:00,919.738,1,41.64
2025-09-28 18:00,944.736,1,48.2
2025-09-28 19:00,898.722,1,34.76
2025-09-28 20:00,804.338,1,25.34
2025-09-28 21:00,702.294,0,0.0
2025-09-28 22:00,650.368,0,0.0
2025-09-28 23:00,550.769,0,0.0
2025-09-29 00:00,524.372,0,0.0
2025-09-29 01:00,528.376,0,0.0
2025-09-29 02:00,513.063,0,0.0
2025-09-29 03:00,509.581,0,0.0
2025-09-29 04:00,542.929,0,0.0
2025-09-29 05:00,614.308,0,0.0
2025-09-29 06:00,698.955,0,0.0
2025-09-29 07:00,796.799,0,0.0
2025-09-29 08:00,802.641,0,0.0
2025-09-29 09:00,769.95,0,0.0
2025-09-29 10:00,685.713,0,0.0
2025-09-29 11:00,718.684,0,0.0
2025-09-29 12:00,706.189,0,0.0
2025-09-29 13:00,746.409,0,0.0
2025-09-29 14:00,794.06,0,0.0
2025-09-29 15:00,875.173,1,24.59
2025-09-29 16:00,954.038,1,25.25
2025-09-29 17:00,1047.119,1,47.31
2025-09-29 18:00,1039.845,1,46.25
2025-09-29 19:00,952.792,1,24.61
2025-09-29 20:00,865.597,1,24.8
2025-09-29 21:00,744.933,0,0.0
2025-09-29 22:00,696.021,0,0.0
2025-09-29 23:00,623.138,0,0.0
2025-09-30 00:00,574.335,0,0.0
2025-09-30 01:00,538.601,0,0.0
2025-09-30 02:00,527.275,0,0.0
2025-09-30 03:00,527.221,0,0.0
2025-09-30 04:00,565.862,0,0.0
2025-09-30 05:00,632.157,0,0.0
2025-09-30 06:00,693.754,0,0.0
2025-09-30 07:00,716.819,0,0.0
2025-09-30 08:00,751.771,0,0.0
2025-09-30 09:00,754.262,0,0.0
2025-09-30 10:00,723.724,0,0.0
2025-09-30 11:00,750.915,0,0.0
2025-09-30 12:00,735.422,0,0.0
2025-09-30 13:00,789.193,0,0.0
2025-09-30 14:00,849.379,0,0.0
2025-09-30 15:00,939.291,1,24.52
2025-09-30 16:00,972.293,1,25.06
2025-09-30 17:00,1050.137,1,33.15
2025-09-30 18:00,1122.807,1,47.22
2025-09-30 19:00,1068.373,1,37.91
2025-09-30 20:00,971.992,1,24.62
2025-09-30 21:00,801.619,0,0.0
2025-09-30 22:00,748.826,1,25.0
2025-09-30 23:00,636.296,0,0.0
2025-10-01 00:00,688.689,0,0.0
2025-10-01 01:00,647.139,0,0.0
2025-10-01 02:00,577.171,0,0.0
2025-10-01 03:00,566.804,0,0.0
2025-10-01 04:00,681.209,0,0.0
2025-10-01 05:00,752.164,0,0.0
2025-10-01 06:00,828.425,0,0.0
2025-10-01 07:00,935.268,0,0.0
2025-10-01 08:00,951.771,0,0.0
2025-10-01 09:00,960.222,0,0.0
2025-10-01 10:00,898.478,0,0.0
2025-10-01 11:00,899.112,0,0.0
2025-10-01 12:00,849.962,0,0.0
2025-10-01 13:00,966.258,0,0.0
2025-10-01 14:00,1019.288,0,0.0
2025-10-01 15:00,1089.033,1,25.37
2025-10-01 16:00,1173.718,1,25.37
2025-10-01 17:00,1247.352,1,46.08
2025-10-01 18:00,1254.231,1,48.13
2025-10-01 19:00,1169.562,1,25.8
2025-10-01 20:00,1133.023,1,24.8
2025-10-01 21:00,970.037,0,0.0
2025-10-01 22:00,788.532,0,0.0
2025-10-01 23:00,676.959,0,0.0
2025-10-02 00:00,678.526,0,0.0
2025-10-02 01:00,641.615,0,0.0
2025-10-02 02:00,626.094,0,0.0
2025-10-02 03:00,658.893,0,0.0
2025-10-02 04:00,679.757,0,0.0
2025-10-02 05:00,778.416,0,0.0
2025-10-02 06:00,877.148,0,0.0
2025-10-02 07:00,998.887,0,0.0
2025-10-02 08:00,1024.426,0,0.0
2025-10-02 09:00,978.882,0,0.0
2025-10-02 10:00,970.484,0,0.0
2025-10-02 11:00,972.594,0,0.0
2025-10-02 12:00,940.473,0,0.0
2025-10-02 13:00,941.292,0,0.0
2025-10-02 14:00,1035.438,0,0.0
2025-10-02 15:00,1130.558,1,25.21
2025-10-02 16:00,1207.004,1,24.84
2025-10-02 17:00,1272.621,1,33.19
2025-10-02 18:00,1356.683,1,47.84
2025-10-02 19:00,1288.832,1,36.68
2025-10-02 20:00,1149.319,1,25.69
2025-10-02 21:00,1004.576,0,0.0
2025-10-02 22:00,887.483,0,0.0
2025-10-02 23:00,778.105,0,0.0
2025-10-03 00:00,764.04,0,0.0
2025-10-03 01:00,743.737,0,0.0
2025-10-03 02:00,722.721,0,0.0
2025-10-03 03:00,742.85,0,0.0
2025-10-03 04:00,771.98,0,0.0
2025-10-03 05:00,864.259,0,0.0
2025-10-03 06:00,1010.929,0,0.0
2025-10-03 07:00,1136.252,1,25.09
2025-10-03 08:00,1189.044,1,28.18
2025-10-03 09:00,1139.155,1,24.74
2025-10-03 10:00,1134.768,1,25.99
2025-10-03 11:00,1062.229,1,24.67
2025-10-03 12:00,1012.738,0,0.0
2025-10-03 13:00,1010.278,0,0.0
2025-10-03 14:00,1027.089,1,24.92
2025-10-03 15:00,1027.719,1,25.39
2025-10-03 16:00,1186.26,1,28.12
2025-10-03 17:00,1237.735,1,37.24
2025-10-03 18:00,1288.348,1,47.46
2025-10-03 19:00,1168.816,1,24.67
2025-10-03 20:00,1091.104,1,25.3
2025-10-03 21:00,931.994,0,0.0
2025-10-03 22:00,790.993,0,0.0
2025-10-03 23:00,714.845,0,0.0
2025-10-04 00:00,626.992,0,0.0
2025-10-04 01:00,587.553,0,0.0
2025-10-04 02:00,582.767,0,0.0
2025-10-04 03:00,606.623,0,0.0
2025-10-04 04:00,626.947,0,0.0
2025-10-04 05:00,679.152,0,0.0
2025-10-04 06:00,795.215,0,0.0
2025-10-04 07:00,911.053,0,0.0
2025-10-04 08:00,1002.457,1,24.62
2025-10-04 09:00,924.052,0,0.0
2025-10-04 10:00,879.462,0,0.0
2025-10-04 11:00,901.108,0,0.0
2025-10-04 12:00,938.09,0,0.0
2025-10-04 13:00,914.005,0,0.0
2025-10-04 14:00,923.054,0,0.0
2025-10-04 15:00,1010.904,1,24.94
2025-10-04 16:00,1080.976,1,24.95
2025-10-04 17:00,1144.126,1,35.44
2025-10-04 18:00,1197.867,1,45.51
2025-10-04 19:00,1209.324,1,46.78
2025-10-04 20:00,1036.616,1,25.03
2025-10-04 21:00,957.418,1,25.66
2025-10-04 22:00,817.91,0,0.0
2025-10-04 23:00,729.63,0,0.0
2025-10-05 00:00,725.959,0,0.0
2025-10-05 01:00,684.275,0,0.0
2025-10-05 02:00,649.579,0,0.0
2025-10-05 03:00,659.636,0,0.0
2025-10-05 04:00,687.88,0,0.0
2025-10-05 05:00,773.555,0,0.0
2025-10-05 06:00,877.794,0,0.0
2025-10-05 07:00,996.858,1,24.78
2025-10-05 08:00,978.096,1,24.89
2025-10-05 09:00,906.742,0,0.0
2025-10-05 10:00,831.456,0,0.0
2025-10-05 11:00,824.54,0,0.0
2025-10-05 12:00,770.861,0,0.0
2025-10-05 13:00,783.191,0,0.0
2025-10-05 14:00,799.362,0,0.0
2025-10-05 15:00,939.422,0,0.0
2025-10-05 16:00,1001.107,1,24.6
2025-10-05 17:00,1051.178,1,24.75
2025-10-05 18:00,1119.395,1,37.92
2025-10-05 19:00,1153.539,1,46.78
2025-10-05 20:00,1039.176,1,24.83
2025-10-05 21:00,909.808,0,0.0
2025-10-05 22:00,836.315,1,25.0
2025-10-05 23:00,756.251,0,0.0
2025-10-06 00:00,764.993,0,0.0
2025-10-06 01:00,700.742,0,0.0
2025-10-06 02:00,686.751,0,0.0
2025-10-06 03:00,650.306,0,0.0
2025-10-06 04:00,676.042,0,0.0
2025-10-06 05:00,796.786,0,0.0
2025-10-06 06:00,956.441,0,0.0
2025-10-06 07:00,1066.298,1,25.17
2025-10-06 08:00,1026.049,1,24.68
2025-10-06 09:00,946.404,0,0.0
2025-10-06 10:00,894.643,0,0.0
2025-10-06 11:00,881.509,0,0.0
2025-10-06 12:00,832.514,0,0.0
2025-10-06 13:00,858.238,0,0.0
2025-10-06 14:00,970.19,0,0.0
2025-10-06 15:00,1065.709,1,24.47
2025-10-06 16:00,1173.52,1,33.16
2025-10-06 17:00,1226.761,1,48.67
2025-10-06 18:00,1196.948,1,39.55
2025-10-06 19:00,1105.713,1,24.83
2025-10-06 20:00,954.405,0,0.0
2025-10-06 21:00,863.359,0,0.0
2025-10-06 22:00,787.249,0,0.0
2025-10-06 23:00,681.355,0,0.0
2025-10-07 00:00,662.334,0,0.0
2025-10-07 01:00,669.951,0,0.0
2025-10-07 02:00,696.858,0,0.0
2025-10-07 03:00,707.714,0,0.0
2025-10-07 04:00,736.941,0,0.0
2025-10-07 05:00,833.544,0,0.0
2025-10-07 06:00,992.785,1,25.1
2025-10-07 07:00,1014.039,1,25.1
2025-10-07 08:00,1105.38,1,24.64
2025-10-07 09:00,1032.129,1,24.78
2025-10-07 10:00,966.97,1,25.02
2025-10-07 11:00,933.567,0,0.0
2025-10-07 12:00,924.75,0,0.0
2025-10-07 13:00,907.122,0,0.0
2025-10-07 14:00,941.751,0,0.0
2025-10-07 15:00,1045.093,1,25.36
2025-10-07 16:00,1155.009,1,30.97
2025-10-07 17:00,1271.804,1,45.13
2025-10-07 18:00,1294.755,1,47.83
2025-10-07 19:00,1265.437,1,44.01
2025-10-07 20:00,1179.708,1,33.48
2025-10-07 21:00,1056.547,1,24.89
2025-10-07 22:00,927.578,0,0.0
2025-10-07 23:00,833.583,0,0.0
2025-10-08 00:00,798.774,0,0.0
2025-10-08 01:00,804.29,0,0.0
2025-10-08 02:00,786.729,0,0.0
2025-10-08 03:00,761.606,0,0.0
2025-10-08 04:00,765.798,0,0.0
2025-10-08 05:00,832.694,0,0.0
2025-10-08 06:00,939.066,0,0.0
2025-10-08 07:00,1053.05,1,25.52
2025-10-08 08:00,1059.39,1,25.06
2025-10-08 09:00,1056.518,0,0.0
2025-10-08 10:00,957.519,1,24.55
2025-10-08 11:00,884.04,0,0.0
2025-10-08 12:00,870.377,0,0.0
2025-10-08 13:00,870.388,0,0.0
2025-10-08 14:00,877.033,0,0.0
2025-10-08 15:00,944.665,1,24.85
2025-10-08 16:00,1025.189,1,24.49
2025-10-08 17:00,1139.863,1,40.47
2025-10-08 18:00,1169.669,1,48.43
2025-10-08 19:00,1114.215,1,34.05
2025-10-08 20:00,1026.196,1,25.63
2025-10-08 21:00,947.012,1,25.06
2025-10-08 22:00,880.086,0,0.0
2025-10-08 23:00,778.171,0,0.0
2025-10-09 00:00,739.497,0,0.0
2025-10-09 01:00,690.475,0,0.0
2025-10-09 02:00,679.163,0,0.0
2025-10-09 03:00,684.441,0,0.0
2025-10-09 04:00,753.385,0,0.0
2025-10-09 05:00,777.018,0,0.0
2025-10-09 06:00,889.446,0,0.0
2025-10-09 07:00,1001.826,1,25.18
2025-10-09 08:00,1040.184,1,24.97
2025-10-09 09:00,966.945,1,25.29
2025-10-09 10:00,890.031,0,0.0
2025-10-09 11:00,909.911,0,0.0
2025-10-09 12:00,871.162,0,0.0
2025-10-09 13:00,841.097,0,0.0
2025-10-09 14:00,924.368,0,0.0
2025-10-09 15:00,1027.221,1,25.12
2025-10-09 16:00,1125.424,1,31.21
2025-10-09 17:00,1188.454,1,40.18
2025-10-09 18:00,1233.796,1,46.7
2025-10-09 19:00,1240.357,1,47.49
2025-10-09 20:00,1056.659,1,24.91
2025-10-09 21:00,880.633,0,0.0
2025-10-09 22:00,769.297,0,0.0
2025-10-09 23:00,693.258,0,0.0
2025-10-10 00:00,655.384,0,0.0
2025-10-10 01:00,644.949,0,0.0
2025-10-10 02:00,656.933,0,0.0
2025-10-10 03:00,663.645,0,0.0
2025-10-10 04:00,716.587,0,0.0
2025-10-10 05:00,802.254,0,0.0
2025-10-10 06:00,920.992,0,0.0
2025-10-10 07:00,973.549,1,24.98
2025-10-10 08:00,979.689,1,24.93
2025-10-10 09:00,904.868,0,0.0
2025-10-10 10:00,879.746,0,0.0
2025-10-10 11:00,882.809,0,0.0
2025-10-10 12:00,827.169,0,0.0
2025-10-10 13:00,864.228,0,0.0
2025-10-10 14:00,884.875,0,0.0
2025-10-10 15:00,935.625,1,24.96
2025-10-10 16:00,1022.591,1,24.45
2025-10-10 17:00,1087.801,1,26.91
2025-10-10 18:00,1181.332,1,48.59
2025-10-10 19:00,1139.408,1,37.82
2025-10-10 20:00,1076.931,1,25.15
2025-10-10 21:00,933.525,0,0.0
2025-10-10 22:00,814.027,0,0.0
2025-10-10 23:00,776.1,0,0.0
2025-10-11 00:00,649.923,0,0.0
2025-10-11 01:00,646.8,0,0.0
2025-10-11 02:00,662.044,0,0.0
2025-10-11 03:00,670.89,0,0.0
2025-10-11 04:00,694.052,0,0.0
2025-10-11 05:00,802.381,0,0.0
2025-10-11 06:00,901.609,1,25.23
2025-10-11 07:00,967.119,1,25.16
2025-10-11 08:00,987.078,1,24.8
2025-10-11 09:00,928.377,1,24.64
2025-10-11 10:00,863.055,0,0.0
2025-10-11 11:00,885.905,0,0.0
2025-10-11 12:00,842.943,0,0.0
2025-10-11 13:00,864.017,0,0.0
2025-10-11 14:00,857.641,0,0.0
2025-10-11 15:00,940.698,1,25.16
2025-10-11 16:00,995.96,1,25.52
2025-10-11 17:00,1050.98,1,32.14
2025-10-11 18:00,1103.966,1,45.13
2025-10-11 19:00,1115.833,1,49.18
2025-10-11 20:00,1031.708,1,26.36
2025-10-11 21:00,922.074,1,24.59
2025-10-11 22:00,805.035,0,0.0
2025-10-11 23:00,703.3,0,0.0
2025-10-12 00:00,686.603,0,0.0
2025-10-12 01:00,633.963,0,0.0
2025-10-12 02:00,634.061,0,0.0
2025-10-12 03:00,658.129,0,0.0
2025-10-12 04:00,671.214,0,0.0
2025-10-12 05:00,727.197,0,0.0
2025-10-12 06:00,823.858,0,0.0
2025-10-12 07:00,871.292,0,0.0
2025-10-12 08:00,902.587,0,0.0
2025-10-12 09:00,923.198,0,0.0
2025-10-12 10:00,855.86,0,0.0
2025-10-12 11:00,886.768,0,0.0
2025-10-12 12:00,853.904,0,0.0
2025-10-12 13:00,939.347,0,0.0
2025-10-12 14:00,946.553,0,0.0
2025-10-12 15:00,1013.475,1,25.31
2025-10-12 16:00,1070.625,1,25.07
2025-10-12 17:00,1137.865,1,27.38
2025-10-12 18:00,1239.243,1,48.24
2025-10-12 19:00,1197.933,1,38.98
2025-10-12 20:00,1114.148,1,25.17
2025-10-12 21:00,922.524,0,0.0
2025-10-12 22:00,827.513,0,0.0
2025-10-12 23:00,703.727,0,0.0
2025-10-13 00:00,677.264,0,0.0
2025-10-13 01:00,652.3,0,0.0
2025-10-13 02:00,642.955,0,0.0
2025-10-13 03:00,646.987,0,0.0
2025-10-13 04:00,705.941,0,0.0
2025-10-13 05:00,808.909,0,0.0
2025-10-13 06:00,973.183,0,0.0
2025-10-13 07:00,1024.706,1,25.04
2025-10-13 08:00,1115.201,1,25.8
2025-10-13 09:00,1124.624,1,24.99
2025-10-13 10:00,1045.439,1,25.17
2025-10-13 11:00,953.451,0,0.0
2025-10-13 12:00,885.976,0,0.0
2025-10-13 13:00,895.954,0,0.0
2025-10-13 14:00,1010.881,1,24.59
2025-10-13 15:00,1087.595,0,0.0
2025-10-13 16:00,1159.293,1,29.07
2025-10-13 17:00,1228.704,1,48.19
2025-10-13 18:00,1212.95,1,43.44
2025-10-13 19:00,1209.285,1,42.57
2025-10-13 20:00,1093.199,1,25.35
2025-10-13 21:00,1032.238,1,25.18
2025-10-13 22:00,916.111,0,0.0
2025-10-13 23:00,822.381,0,0.0
2025-10-14 00:00,762.083,0,0.0
2025-10-14 01:00,686.408,0,0.0
2025-10-14 02:00,644.7,0,0.0
2025-10-14 03:00,615.629,0,0.0
2025-10-14 04:00,683.383,0,0.0
2025-10-14 05:00,754.018,0,0.0
2025-10-14 06:00,904.991,0,0.0
2025-10-14 07:00,1008.891,0,0.0
2025-10-14 08:00,1036.528,0,0.0
2025-10-14 09:00,956.015,0,0.0
2025-10-14 10:00,935.101,0,0.0
2025-10-14 11:00,912.452,0,0.0
2025-10-14 12:00,926.506,0,0.0
2025-10-14 13:00,921.588,0,0.0
2025-10-14 14:00,984.95,0,0.0
2025-10-14 15:00,1124.702,0,0.0
2025-10-14 16:00,1228.635,1,25.54
2025-10-14 17:00,1355.178,1,35.85
2025-10-14 18:00,1405.963,1,47.96
2025-10-14 19:00,1404.572,1,46.57
2025-10-14 20:00,1255.971,1,25.15
2025-10-14 21:00,1101.119,0,0.0
2025-10-14 22:00,945.72,0,0.0
2025-10-14 23:00,801.259,0,0.0
2025-10-15 00:00,721.383,0,0.0
2025-10-15 01:00,710.883,0,0.0
2025-10-15 02:00,661.072,0,0.0
2025-10-15 03:00,677.804,0,0.0
2025-10-15 04:00,725.372,0,0.0
2025-10-15 05:00,827.868,0,0.0
2025-10-15 06:00,928.75,0,0.0
2025-10-15 07:00,998.178,1,24.7
2025-10-15 08:00,1051.769,1,24.72
2025-10-15 09:00,998.668,0,0.0
2025-10-15 10:00,917.294,0,0.0
2025-10-15 11:00,968.967,0,0.0
2025-10-15 12:00,917.45,0,0.0
2025-10-15 13:00,904.868,0,0.0
2025-10-15 14:00,941.284,0,0.0
2025-10-15 15:00,1071.611,0,0.0
2025-10-15 16:00,1082.18,1,24.97
2025-10-15 17:00,1241.655,1,47.42
2025-10-15 18:00,1242.576,1,48.67
2025-10-15 19:00,1206.041,1,40.66
2025-10-15 20:00,1067.957,1,24.68
2025-10-15 21:00,1010.434,1,25.51
2025-10-15 22:00,885.296,0,0.0
2025-10-15 23:00,759.232,0,0.0
2025-10-16 00:00,711.542,0,0.0
2025-10-16 01:00,675.305,0,0.0
2025-10-16 02:00,660.092,0,0.0
2025-10-16 03:00,669.922,0,0.0
2025-10-16 04:00,708.313,0,0.0
2025-10-16 05:00,749.769,0,0.0
2025-10-16 06:00,860.34,0,0.0
2025-10-16 07:00,984.648,0,0.0
2025-10-16 08:00,1002.159,0,0.0
2025-10-16 09:00,993.256,0,0.0
2025-10-16 10:00,955.368,0,0.0
2025-10-16 11:00,928.754,0,0.0
2025-10-16 12:00,948.969,0,0.0
2025-10-16 13:00,906.836,0,0.0
2025-10-16 14:00,928.142,0,0.0
2025-10-16 15:00,1059.199,0,0.0
2025-10-16 16:00,1232.947,1,24.92
2025-10-16 17:00,1425.052,1,46.61
2025-10-16 18:00,1441.402,1,47.58
2025-10-16 19:00,1369.926,1,35.75
2025-10-16 20:00,1247.749,1,25.31
2025-10-16 21:00,1114.903,0,0.0
2025-10-16 22:00,966.131,0,0.0
2025-10-16 23:00,861.182,0,0.0
2025-10-17 00:00,809.873,0,0.0
2025-10-17 01:00,761.729,0,0.0
2025-10-17 02:00,703.614,0,0.0
2025-10-17 03:00,687.909,0,0.0
2025-10-17 04:00,711.212,0,0.0
2025-10-17 05:00,757.546,0,0.0
2025-10-17 06:00,826.483,0,0.0
2025-10-17 07:00,917.821,0,0.0
2025-10-17 08:00,959.915,0,0.0
2025-10-17 09:00,940.121,0,0.0
2025-10-17 10:00,931.108,0,0.0
2025-10-17 11:00,922.598,0,0.0
2025-10-17 12:00,897.41,0,0.0
2025-10-17 13:00,890.654,0,0.0
2025-10-17 14:00,967.436,0,0.0
2025-10-17 15:00,1044.66,1,24.81
2025-10-17 16:00,1128.195,1,24.46
2025-10-17 17:00,1222.959,1,46.31
2025-10-17 18:00,1234.873,1,47.54
2025-10-17 19:00,1165.582,1,31.98
2025-10-17 20:00,1042.432,1,25.82
2025-10-17 21:00,914.117,0,0.0
2025-10-17 22:00,831.938,0,0.0
2025-10-17 23:00,750.164,0,0.0
2025-10-18 00:00,705.902,0,0.0
2025-10-18 01:00,688.528,0,0.0
2025-10-18 02:00,701.796,0,0.0
2025-10-18 03:00,699.009,0,0.0
2025-10-18 04:00,738.581,0,0.0
2025-10-18 05:00,794.052,0,0.0
2025-10-18 06:00,927.638,0,0.0
2025-10-18 07:00,992.465,0,0.0
2025-10-18 08:00,971.748,0,0.0
2025-10-18 09:00,985.111,0,0.0
2025-10-18 10:00,898.182,0,0.0
2025-10-18 11:00,893.398,0,0.0
2025-10-18 12:00,845.729,0,0.0
2025-10-18 13:00,902.031,0,0.0
2025-10-18 14:00,977.214,0,0.0
2025-10-18 15:00,1064.093,0,0.0
2025-10-18 16:00,1198.165,1,25.37
2025-10-18 17:00,1280.212,1,32.22
2025-10-18 18:00,1397.909,1,46.77
2025-10-18 19:00,1333.091,1,38.93
2025-10-18 20:00,1143.318,1,24.64
2025-10-18 21:00,988.015,0,0.0
2025-10-18 22:00,851.848,0,0.0
2025-10-18 23:00,739.349,0,0.0
2025-10-19 00:00,656.743,0,0.0
2025-10-19 01:00,632.045,0,0.0
2025-10-19 02:00,584.432,0,0.0
2025-10-19 03:00,535.943,0,0.0
2025-10-19 04:00,576.378,0,0.0
2025-10-19 05:00,638.971,0,0.0
2025-10-19 06:00,731.051,0,0.0
2025-10-19 07:00,733.026,0,0.0
2025-10-19 08:00,771.652,0,0.0
2025-10-19 09:00,771.539,0,0.0
2025-10-19 10:00,749.439,0,0.0
2025-10-19 11:00,772.382,0,0.0
2025-10-19 12:00,817.252,0,0.0
2025-10-19 13:00,859.34,0,0.0
2025-10-19 14:00,933.108,0,0.0
2025-10-19 15:00,1045.153,1,25.33
2025-10-19 16:00,1094.913,1,25.15
2025-10-19 17:00,1206.105,1,32.95
2025-10-19 18:00,1282.338,1,48.13
2025-10-19 19:00,1194.578,1,30.71
2025-10-19 20:00,1044.771,1,24.96
2025-10-19 21:00,932.131,0,0.0
2025-10-19 22:00,774.113,0,0.0
2025-10-19 23:00,662.122,0,0.0
2025-10-20 00:00,659.741,0,0.0
2025-10-20 01:00,643.757,0,0.0
2025-10-20 02:00,635.935,0,0.0
2025-10-20 03:00,663.795,0,0.0
2025-10-20 04:00,680.483,0,0.0
2025-10-20 05:00,735.282,0,0.0
2025-10-20 06:00,873.794,0,0.0
2025-10-20 07:00,947.829,0,0.0
2025-10-20 08:00,973.171,0,0.0
2025-10-20 09:00,882.064,0,0.0
2025-10-20 10:00,876.525,0,0.0
2025-10-20 11:00,923.192,0,0.0
2025-10-20 12:00,873.071,0,0.0
2025-10-20 13:00,933.842,0,0.0
2025-10-20 14:00,972.308,0,0.0
2025-10-20 15:00,987.4,0,0.0
2025-10-20 16:00,1058.14,1,24.84
2025-10-20 17:00,1126.681,1,28.6
2025-10-20 18:00,1172.314,1,46.46
2025-10-20 19:00,1157.797,1,41.8
2025-10-20 20:00,1130.981,1,30.5
2025-10-20 21:00,938.505,0,0.0
2025-10-20 22:00,815.235,0,0.0
2025-10-20 23:00,703.475,0,0.0
2025-10-21 00:00,643.917,0,0.0
2025-10-21 01:00,623.071,0,0.0
2025-10-21 02:00,614.459,0,0.0
2025-10-21 03:00,580.586,0,0.0
2025-10-21 04:00,631.095,0,0.0
2025-10-21 05:00,683.893,0,0.0
2025-10-21 06:00,809.077,0,0.0
2025-10-21 07:00,961.089,0,0.0
2025-10-21 08:00,1023.215,1,25.41
2025-10-21 09:00,992.562,1,25.14
2025-10-21 10:00,936.031,0,0.0
2025-10-21 11:00,922.572,0,0.0
2025-10-21 12:00,923.738,0,0.0
2025-10-21 13:00,957.99,0,0.0
2025-10-21 14:00,991.589,1,24.82
2025-10-21 15:00,1077.898,1,25.18
2025-10-21 16:00,1122.261,1,24.71
2025-10-21 17:00,1193.567,1,35.77
2025-10-21 18:00,1275.394,1,48.18
2025-10-21 19:00,1256.717,1,44.71
2025-10-21 20:00,1135.591,1,26.61
2025-10-21 21:00,1041.406,1,24.79
2025-10-21 22:00,919.098,0,0.0
2025-10-21 23:00,796.332,0,0.0
2025-10-22 00:00,717.265,0,0.0
2025-10-22 01:00,711.773,0,0.0
2025-10-22 02:00,702.776,0,0.0
2025-10-22 03:00,736.259,0,0.0
2025-10-22 04:00,819.009,0,0.0
2025-10-22 05:00,853.371,0,0.0
2025-10-22 06:00,928.692,0,0.0
2025-10-22 07:00,925.751,0,0.0
2025-10-22 08:00,1009.615,0,0.0
2025-10-22 09:00,998.565,0,0.0
2025-10-22 10:00,961.761,0,0.0
2025-10-22 11:00,900.786,0,0.0
2025-10-22 12:00,885.298,0,0.0
2025-10-22 13:00,916.61,0,0.0
2025-10-22 14:00,986.396,0,0.0
2025-10-22 15:00,1075.351,0,0.0
2025-10-22 16:00,1200.198,1,24.84
2025-10-22 17:00,1289.834,1,30.93
2025-10-22 18:00,1378.354,1,48.37
2025-10-22 19:00,1328.141,1,38.27
2025-10-22 20:00,1138.406,1,24.48
2025-10-22 21:00,1040.355,0,0.0
2025-10-22 22:00,939.892,0,0.0
2025-10-22 23:00,829.941,0,0.0
2025-10-23 00:00,781.102,0,0.0
2025-10-23 01:00,766.432,0,0.0
2025-10-23 02:00,690.879,0,0.0
2025-10-23 03:00,713.663,0,0.0
2025-10-23 04:00,734.747,0,0.0
2025-10-23 05:00,841.266,0,0.0
2025-10-23 06:00,961.388,0,0.0
2025-10-23 07:00,1012.123,0,0.0
2025-10-23 08:00,1031.887,0,0.0
2025-10-23 09:00,1028.881,0,0.0
2025-10-23 10:00,975.301,0,0.0
2025-10-23 11:00,931.505,0,0.0
2025-10-23 12:00,892.63,0,0.0
2025-10-23 13:00,937.773,0,0.0
2025-10-23 14:00,1037.613,0,0.0
2025-10-23 15:00,1031.423,0,0.0
2025-10-23 16:00,1247.342,1,25.05
2025-10-23 17:00,1346.252,1,38.03
2025-10-23 18:00,1398.79,1,48.09
2025-10-23 19:00,1297.878,1,30.35
2025-10-23 20:00,1162.278,1,25.35
2025-10-23 21:00,1016.528,0,0.0
2025-10-23 22:00,854.432,0,0.0
2025-10-23 23:00,734.275,0,0.0
2025-10-24 00:00,729.51,0,0.0
2025-10-24 01:00,650.228,0,0.0
2025-10-24 02:00,646.204,0,0.0
2025-10-24 03:00,639.882,0,0.0
2025-10-24 04:00,658.737,0,0.0
2025-10-24 05:00,795.696,0,0.0
2025-10-24 06:00,884.489,0,0.0
2025-10-24 07:00,945.999,0,0.0
2025-10-24 08:00,986.739,0,0.0
2025-10-24 09:00,930.763,0,0.0
2025-10-24 10:00,905.324,0,0.0
2025-10-24 11:00,900.822,0,0.0
2025-10-24 12:00,895.726,0,0.0
2025-10-24 13:00,915.217,0,0.0
2025-10-24 14:00,934.388,0,0.0
2025-10-24 15:00,1042.935,0,0.0
2025-10-24 16:00,1139.694,1,24.77
2025-10-24 17:00,1219.598,1,25.5
2025-10-24 18:00,1332.484,1,47.58
2025-10-24 19:00,1259.655,1,25.68
2025-10-24 20:00,1176.816,1,24.68
2025-10-24 21:00,1062.357,0,0.0
2025-10-24 22:00,957.589,0,0.0
2025-10-24 23:00,848.755,0,0.0
2025-10-25 00:00,741.324,0,0.0
2025-10-25 01:00,687.483,0,0.0
2025-10-25 02:00,653.289,0,0.0
2025-10-25 03:00,600.172,0,0.0
2025-10-25 04:00,656.66,0,0.0
2025-10-25 05:00,737.94,0,0.0
2025-10-25 06:00,874.533,0,0.0
2025-10-25 07:00,961.777,1,24.52
2025-10-25 08:00,1018.474,1,24.4
2025-10-25 09:00,926.63,0,0.0
2025-10-25 10:00,854.664,0,0.0
2025-10-25 11:00,768.508,0,0.0
2025-10-25 12:00,768.027,0,0.0
2025-10-25 13:00,778.327,0,0.0
2025-10-25 14:00,801.77,0,0.0
2025-10-25 15:00,901.716,0,0.0
2025-10-25 16:00,988.793,1,24.88
2025-10-25 17:00,1034.148,1,24.99
2025-10-25 18:00,1202.985,1,48.48
2025-10-25 19:00,1148.752,1,36.53
2025-10-25 20:00,1000.074,1,25.59
2025-10-25 21:00,861.449,1,25.0
2025-10-25 22:00,760.19,1,25.0
2025-10-25 23:00,674.805,0,0.0
2025-10-26 00:00,676.545,0,0.0
2025-10-26 01:00,636.972,0,0.0
2025-10-26 02:00,658.57,0,0.0
2025-10-26 03:00,642.081,0,0.0
2025-10-26 04:00,686.39,0,0.0
2025-10-26 05:00,785.012,0,0.0
2025-10-26 06:00,929.99,0,0.0
2025-10-26 07:00,1059.21,1,25.42
2025-10-26 08:00,1069.582,1,25.61
2025-10-26 09:00,1011.965,1,25.48
2025-10-26 10:00,880.553,0,0.0
2025-10-26 11:00,859.654,0,0.0
2025-10-26 12:00,878.19,0,0.0
2025-10-26 13:00,922.136,0,0.0
2025-10-26 14:00,950.991,0,0.0
2025-10-26 15:00,1081.544,1,25.41
2025-10-26 16:00,1151.743,1,33.6
2025-10-26 17:00,1208.94,1,45.66
2025-10-26 18:00,1222.291,1,46.42
2025-10-26 19:00,1119.668,1,26.88
2025-10-26 20:00,1041.239,1,25.36
2025-10-26 21:00,921.814,0,0.0
2025-10-26 22:00,825.736,0,0.0
2025-10-26 23:00,716.337,0,0.0
2025-10-27 00:00,719.851,0,0.0
2025-10-27 01:00,627.88,0,0.0
2025-10-27 02:00,626.924,0,0.0
2025-10-27 03:00,634.89,0,0.0
2025-10-27 04:00,650.977,0,0.0
2025-10-27 05:00,732.042,0,0.0
2025-10-27 06:00,846.158,0,0.0
2025-10-27 07:00,1012.154,1,24.67
2025-10-27 08:00,1011.407,1,25.07
2025-10-27 09:00,988.626,0,0.0
2025-10-27 10:00,914.092,0,0.0
2025-10-27 11:00,884.448,0,0.0
2025-10-27 12:00,883.94,0,0.0
2025-10-27 13:00,902.471,0,0.0
2025-10-27 14:00,947.316,0,0.0
2025-10-27 15:00,1042.901,1,24.67
2025-10-27 16:00,1124.19,1,24.9
2025-10-27 17:00,1266.5,1,43.05
2025-10-27 18:00,1291.107,1,48.32
2025-10-27 19:00,1228.32,1,38.21
2025-10-27 20:00,1125.03,1,25.04
2025-10-27 21:00,990.983,0,0.0
2025-10-27 22:00,886.904,0,0.0
2025-10-27 23:00,787.602,0,0.0
2025-10-28 00:00,752.946,0,0.0
2025-10-28 01:00,697.514,0,0.0
2025-10-28 02:00,649.04,0,0.0
2025-10-28 03:00,617.842,0,0.0
2025-10-28 04:00,622.213,0,0.0
2025-10-28 05:00,756.625,0,0.0
2025-10-28 06:00,807.975,0,0.0
2025-10-28 07:00,957.439,0,0.0
2025-10-28 08:00,973.472,0,0.0
2025-10-28 09:00,988.575,0,0.0
2025-10-28 10:00,876.779,0,0.0
2025-10-28 11:00,865.085,0,0.0
2025-10-28 12:00,906.221,0,0.0
2025-10-28 13:00,951.489,0,0.0
2025-10-28 14:00,977.884,0,0.0
2025-10-28 15:00,985.773,0,0.0
2025-10-28 16:00,1039.352,1,25.25
2025-10-28 17:00,1213.156,1,41.87
2025-10-28 18:00,1244.036,1,47.63
2025-10-28 19:00,1192.617,1,36.15
2025-10-28 20:00,1095.545,1,24.97
2025-10-28 21:00,917.471,0,0.0
2025-10-28 22:00,826.89,0,0.0
2025-10-28 23:00,724.564,0,0.0
2025-10-29 00:00,699.566,0,0.0
2025-10-29 01:00,650.174,0,0.0
2025-10-29 02:00,599.739,0,0.0
2025-10-29 03:00,600.47,0,0.0
2025-10-29 04:00,663.609,0,0.0
2025-10-29 05:00,757.168,0,0.0
2025-10-29 06:00,879.007,0,0.0
2025-10-29 07:00,1011.834,0,0.0
2025-10-29 08:00,1042.279,0,0.0
2025-10-29 09:00,1003.359,0,0.0
2025-10-29 10:00,946.173,0,0.0
2025-10-29 11:00,959.922,0,0.0
2025-10-29 12:00,944.984,0,0.0
2025-10-29 13:00,942.271,0,0.0
2025-10-29 14:00,930.587,0,0.0
2025-10-29 15:00,1056.649,0,0.0
2025-10-29 16:00,1126.384,1,24.98
2025-10-29 17:00,1232.722,1,24.7
2025-10-29 18:00,1383.202,1,48.59
2025-10-29 19:00,1339.284,1,37.99
2025-10-29 20:00,1256.099,1,24.36
2025-10-29 21:00,1058.84,0,0.0
2025-10-29 22:00,948.55,0,0.0
2025-10-29 23:00,824.57,0,0.0
2025-10-30 00:00,779.073,0,0.0
2025-10-30 01:00,773.463,0,0.0
2025-10-30 02:00,727.698,0,0.0
2025-10-30 03:00,715.69,0,0.0
2025-10-30 04:00,726.072,0,0.0
2025-10-30 05:00,827.709,0,0.0
2025-10-30 06:00,927.157,0,0.0
2025-10-30 07:00,1060.055,1,25.72
2025-10-30 08:00,1030.873,1,25.48
2025-10-30 09:00,1011.56,1,24.95
2025-10-30 10:00,947.134,0,0.0
2025-10-30 11:00,953.271,0,0.0
2025-10-30 12:00,929.844,0,0.0
2025-10-30 13:00,930.296,0,0.0
2025-10-30 14:00,958.08,0,0.0
2025-10-30 15:00,1008.652,1,25.24
2025-10-30 16:00,1147.393,1,32.44
2025-10-30 17:00,1202.122,1,40.74
2025-10-30 18:00,1238.385,1,47.73
2025-10-30 19:00,1206.258,1,42.42
2025-10-30 20:00,1157.665,1,33.7
2025-10-30 21:00,1006.312,1,24.96
2025-10-30 22:00,871.304,0,0.0
2025-10-30 23:00,775.147,0,0.0
2025-10-31 00:00,679.343,0,0.0
2025-10-31 01:00,619.775,0,0.0
2025-10-31 02:00,603.151,0,0.0
2025-10-31 03:00,596.685,0,0.0
2025-10-31 04:00,605.52,0,0.0
2025-10-31 05:00,716.723,0,0.0
2025-10-31 06:00,847.932,0,0.0
2025-10-31 07:00,957.056,0,0.0
2025-10-31 08:00,977.753,0,0.0
2025-10-31 09:00,953.29,0,0.0
2025-10-31 10:00,940.09,0,0.0
2025-10-31 11:00,914.94,0,0.0
2025-10-31 12:00,913.8,0,0.0
2025-10-31 13:00,908.295,0,0.0
2025-10-31 14:00,955.837,0,0.0
2025-10-31 15:00,1080.434,0,0.0
2025-10-31 16:00,1227.777,1,25.03
2025-10-31 17:00,1378.276,1,38.73
2025-10-31 18:00,1412.506,1,48.5
2025-10-31 19:00,1328.866,1,25.56
2025-10-31 20:00,1167.814,1,24.48
2025-10-31 21:00,952.054,0,0.0
2025-10-31 22:00,799.153,0,0.0
2025-10-31 23:00,711.14,0,0.0
2025-11-01 00:00,735.1,0,0.0
2025-11-01 01:00,737.809,0,0.0
2025-11-01 02:00,748.337,0,0.0
2025-11-01 03:00,724.83,0,0.0
2025-11-01 04:00,788.137,0,0.0
2025-11-01 05:00,857.717,0,0.0
2025-11-01 06:00,1009.742,0,0.0
2025-11-01 07:00,1144.886,1,24.99
2025-11-01 08:00,1227.399,1,24.79
2025-11-01 09:00,1143.559,1,25.26
2025-11-01 10:00,1123.672,1,25.66
2025-11-01 11:00,1018.422,0,0.0
2025-11-01 12:00,1041.294,0,0.0
2025-11-01 13:00,1054.295,0,0.0
2025-11-01 14:00,1091.711,0,0.0
2025-11-01 15:00,1092.726,0,0.0
2025-11-01 16:00,1189.057,1,25.52
2025-11-01 17:00,1368.627,1,43.21
2025-11-01 18:00,1389.686,1,48.2
2025-11-01 19:00,1361.483,1,43.04
2025-11-01 20:00,1227.597,1,24.48
2025-11-01 21:00,1110.71,0,0.0
2025-11-01 22:00,972.691,0,0.0
2025-11-01 23:00,825.854,0,0.0
2025-11-02 00:00,783.082,0,0.0
2025-11-02 01:00,779.827,0,0.0
2025-11-02 02:00,761.389,0,0.0
2025-11-02 03:00,749.755,0,0.0
2025-11-02 04:00,847.854,0,0.0
2025-11-02 05:00,960.532,0,0.0
2025-11-02 06:00,1111.585,0,0.0
2025-11-02 07:00,1219.201,1,24.38
2025-11-02 08:00,1270.651,1,25.09
2025-11-02 09:00,1225.122,1,25.51
2025-11-02 10:00,1071.845,0,0.0
2025-11-02 11:00,1057.398,0,0.0
2025-11-02 12:00,1021.898,0,0.0
2025-11-02 13:00,1021.174,0,0.0
2025-11-02 14:00,1056.292,0,0.0
2025-11-02 15:00,1080.611,0,0.0
2025-11-02 16:00,1116.091,0,0.0
2025-11-02 17:00,1298.445,1,26.71
2025-11-02 18:00,1373.994,1,46.6
2025-11-02 19:00,1202.646,1,24.56
2025-11-02 20:00,1084.087,0,0.0
2025-11-02 21:00,1000.994,0,0.0
2025-11-02 22:00,878.41,0,0.0
2025-11-02 23:00,820.077,0,0.0
2025-11-03 00:00,857.055,0,0.0
2025-11-03 01:00,767.287,0,0.0
2025-11-03 02:00,743.378,0,0.0
2025-11-03 03:00,734.188,0,0.0
2025-11-03 04:00,744.196,0,0.0
2025-11-03 05:00,795.695,0,0.0
2025-11-03 06:00,909.828,0,0.0
2025-11-03 07:00,1010.015,0,0.0
2025-11-03 08:00,1088.298,0,0.0
2025-11-03 09:00,1106.914,0,0.0
2025-11-03 10:00,1089.758,0,0.0
2025-11-03 11:00,1097.78,0,0.0
2025-11-03 12:00,1061.452,0,0.0
2025-11-03 13:00,1106.536,0,0.0
2025-11-03 14:00,1142.822,1,24.83
2025-11-03 15:00,1214.04,1,25.77
2025-11-03 16:00,1417.866,1,48.51
2025-11-03 17:00,1405.397,1,45.42
2025-11-03 18:00,1359.955,1,37.89
2025-11-03 19:00,1339.257,1,33.52
2025-11-03 20:00,1211.636,1,24.84
2025-11-03 21:00,1015.412,0,0.0
2025-11-03 22:00,872.086,0,0.0
2025-11-03 23:00,760.899,0,0.0
2025-11-04 00:00,765.86,0,0.0
2025-11-04 01:00,766.923,0,0.0
2025-11-04 02:00,790.414,0,0.0
2025-11-04 03:00,742.473,0,0.0
2025-11-04 04:00,752.024,0,0.0
2025-11-04 05:00,803.432,0,0.0
2025-11-04 06:00,992.976,0,0.0
2025-11-04 07:00,1128.328,0,0.0
2025-11-04 08:00,1180.704,1,25.75
2025-11-04 09:00,1147.012,0,0.0
2025-11-04 10:00,1099.299,0,0.0
2025-11-04 11:00,1034.687,0,0.0
2025-11-04 12:00,1039.67,0,0.0
2025-11-04 13:00,1058.452,0,0.0
2025-11-04 14:00,1060.255,0,0.0
2025-11-04 15:00,1184.111,1,24.59
2025-11-04 16:00,1282.639,1,25.04
2025-11-04 17:00,1414.576,1,39.04
2025-11-04 18:00,1459.13,1,47.65
2025-11-04 19:00,1442.196,1,44.17
2025-11-04 20:00,1309.73,1,24.74
2025-11-04 21:00,1107.602,0,0.0
2025-11-04 22:00,986.038,0,0.0
2025-11-04 23:00,882.571,0,0.0
2025-11-05 00:00,849.348,0,0.0
2025-11-05 01:00,826.752,0,0.0
2025-11-05 02:00,778.159,0,0.0
2025-11-05 03:00,792.333,0,0.0
2025-11-05 04:00,785.317,0,0.0
2025-11-05 05:00,875.124,0,0.0
2025-11-05 06:00,1004.214,0,0.0
2025-11-05 07:00,1180.017,1,25.27
2025-11-05 08:00,1214.89,1,24.92
2025-11-05 09:00,1189.184,1,25.17
2025-11-05 10:00,1066.667,0,0.0
2025-11-05 11:00,1037.574,0,0.0
2025-11-05 12:00,991.682,0,0.0
2025-11-05 13:00,1118.871,0,0.0
2025-11-05 14:00,1132.935,1,24.71
2025-11-05 15:00,1227.216,1,24.95
2025-11-05 16:00,1347.088,1,36.07
2025-11-05 17:00,1379.906,1,41.58
2025-11-05 18:00,1408.829,1,48.33
2025-11-05 19:00,1378.585,1,42.63
2025-11-05 20:00,1256.561,1,25.31
2025-11-05 21:00,1013.615,0,0.0
2025-11-05 22:00,887.658,0,0.0
2025-11-05 23:00,831.641,0,0.0
2025-11-06 00:00,812.01,0,0.0
2025-11-06 01:00,802.817,0,0.0
2025-11-06 02:00,749.297,0,0.0
2025-11-06 03:00,784.937,0,0.0
2025-11-06 04:00,826.193,0,0.0
2025-11-06 05:00,966.186,0,0.0
2025-11-06 06:00,1100.434,0,0.0
2025-11-06 07:00,1127.109,0,0.0
2025-11-06 08:00,1211.831,0,0.0
2025-11-06 09:00,1144.482,0,0.0
2025-11-06 10:00,1084.973,0,0.0
2025-11-06 11:00,1010.635,0,0.0
2025-11-06 12:00,1061.402,0,0.0
2025-11-06 13:00,1063.997,0,0.0
2025-11-06 14:00,1174.383,0,0.0
2025-11-06 15:00,1242.468,0,0.0
2025-11-06 16:00,1311.588,1,24.74
2025-11-06 17:00,1495.7,1,35.99
2025-11-06 18:00,1530.464,1,48.39
2025-11-06 19:00,1450.366,1,25.12
2025-11-06 20:00,1248.134,0,0.0
2025-11-06 21:00,1080.2,0,0.0
2025-11-06 22:00,970.01,0,0.0
2025-11-06 23:00,820.405,0,0.0
2025-11-07 00:00,770.637,0,0.0
2025-11-07 01:00,725.966,0,0.0
2025-11-07 02:00,716.06,0,0.0
2025-11-07 03:00,762.955,0,0.0
2025-11-07 04:00,799.881,0,0.0
2025-11-07 05:00,870.535,0,0.0
2025-11-07 06:00,1109.222,0,0.0
2025-11-07 07:00,1200.04,0,0.0
2025-11-07 08:00,1230.53,0,0.0
2025-11-07 09:00,1162.671,0,0.0
2025-11-07 10:00,1103.132,0,0.0
2025-11-07 11:00,1083.089,0,0.0
2025-11-07 12:00,1093.597,0,0.0
2025-11-07 13:00,1125.944,0,0.0
2025-11-07 14:00,1207.715,0,0.0
2025-11-07 15:00,1334.925,1,24.59
2025-11-07 16:00,1447.567,1,24.98
2025-11-07 17:00,1569.018,1,32.01
2025-11-07 18:00,1654.296,1,48.06
2025-11-07 19:00,1494.975,1,25.43
2025-11-07 20:00,1451.434,1,25.45
2025-11-07 21:00,1223.902,0,0.0
2025-11-07 22:00,1046.45,0,0.0
2025-11-07 23:00,878.465,0,0.0
2025-11-08 00:00,749.292,0,0.0
2025-11-08 01:00,737.536,0,0.0
2025-11-08 02:00,771.958,0,0.0
2025-11-08 03:00,747.174,0,0.0
2025-11-08 04:00,795.105,0,0.0
2025-11-08 05:00,884.644,0,0.0
2025-11-08 06:00,1046.026,0,0.0
2025-11-08 07:00,1231.352,1,24.85
2025-11-08 08:00,1312.102,1,24.47
2025-11-08 09:00,1219.946,1,25.54
2025-11-08 10:00,1166.182,0,0.0
2025-11-08 11:00,1141.428,0,0.0
2025-11-08 12:00,1094.23,0,0.0
2025-11-08 13:00,1060.59,0,0.0
2025-11-08 14:00,1067.636,0,0.0
2025-11-08 15:00,1199.031,0,0.0
2025-11-08 16:00,1356.37,1,24.58
2025-11-08 17:00,1443.196,1,39.53
2025-11-08 18:00,1486.574,1,46.87
2025-11-08 19:00,1459.945,1,42.39
2025-11-08 20:00,1226.897,1,24.9
2025-11-08 21:00,1054.3,0,0.0
2025-11-08 22:00,991.479,0,0.0
2025-11-08 23:00,874.841,0,0.0
2025-11-09 00:00,788.863,0,0.0
2025-11-09 01:00,746.156,0,0.0
2025-11-09 02:00,747.661,0,0.0
2025-11-09 03:00,677.864,0,0.0
2025-11-09 04:00,730.3,0,0.0
2025-11-09 05:00,807.957,0,0.0
2025-11-09 06:00,883.567,0,0.0
2025-11-09 07:00,1002.552,0,0.0
2025-11-09 08:00,1051.814,1,24.96
2025-11-09 09:00,1022.831,0,0.0
2025-11-09 10:00,979.183,0,0.0
2025-11-09 11:00,932.669,0,0.0
2025-11-09 12:00,876.79,0,0.0
2025-11-09 13:00,892.813,0,0.0
2025-11-09 14:00,985.633,0,0.0
2025-11-09 15:00,1089.629,1,24.78
2025-11-09 16:00,1200.289,1,28.24
2025-11-09 17:00,1264.534,1,40.64
2025-11-09 18:00,1304.214,1,48.6
2025-11-09 19:00,1295.743,1,46.13
2025-11-09 20:00,1198.817,1,28.1
2025-11-09 21:00,1033.01,1,25.01
2025-11-09 22:00,825.649,0,0.0
2025-11-09 23:00,726.682,0,0.0
2025-11-10 00:00,735.496,0,0.0
2025-11-10 01:00,685.442,0,0.0
2025-11-10 02:00,671.076,0,0.0
2025-11-10 03:00,708.47,0,0.0
2025-11-10 04:00,759.89,0,0.0
2025-11-10 05:00,886.702,0,0.0
2025-11-10 06:00,970.512,0,0.0
2025-11-10 07:00,1078.813,0,0.0
2025-11-10 08:00,1054.018,0,0.0
2025-11-10 09:00,1020.734,0,0.0
2025-11-10 10:00,961.713,0,0.0
2025-11-10 11:00,1015.04,0,0.0
2025-11-10 12:00,1020.074,0,0.0
2025-11-10 13:00,1087.437,0,0.0
2025-11-10 14:00,1115.421,0,0.0
2025-11-10 15:00,1165.085,0,0.0
2025-11-10 16:00,1236.372,1,24.93
2025-11-10 17:00,1375.289,1,24.88
2025-11-10 18:00,1527.069,1,47.76
2025-11-10 19:00,1471.447,1,37.82
2025-11-10 20:00,1304.596,1,25.41
2025-11-10 21:00,1131.308,0,0.0
2025-11-10 22:00,990.877,0,0.0
2025-11-10 23:00,937.183,0,0.0
2025-11-11 00:00,912.688,0,0.0
2025-11-11 01:00,854.585,0,0.0
2025-11-11 02:00,819.574,0,0.0
2025-11-11 03:00,816.509,0,0.0
2025-11-11 04:00,868.817,0,0.0
2025-11-11 05:00,942.221,0,0.0
2025-11-11 06:00,1047.087,0,0.0
2025-11-11 07:00,1202.364,0,0.0
2025-11-11 08:00,1241.406,0,0.0
2025-11-11 09:00,1223.794,0,0.0
2025-11-11 10:00,1225.492,0,0.0
2025-11-11 11:00,1198.077,0,0.0
2025-11-11 12:00,1165.077,0,0.0
2025-11-11 13:00,1291.545,0,0.0
2025-11-11 14:00,1314.993,1,24.8
2025-11-11 15:00,1339.074,1,25.93
2025-11-11 16:00,1428.441,1,25.11
2025-11-11 17:00,1611.544,1,47.58
2025-11-11 18:00,1564.641,1,39.48
2025-11-11 19:00,1442.743,1,25.47
2025-11-11 20:00,1350.056,1,24.71
2025-11-11 21:00,1160.66,0,0.0
2025-11-11 22:00,1009.268,0,0.0
2025-11-11 23:00,921.372,0,0.0
2025-11-12 00:00,843.926,0,0.0
2025-11-12 01:00,754.059,0,0.0
2025-11-12 02:00,699.788,0,0.0
2025-11-12 03:00,725.782,0,0.0
2025-11-12 04:00,783.291,0,0.0
2025-11-12 05:00,855.312,0,0.0
2025-11-12 06:00,953.465,0,0.0
2025-11-12 07:00,1064.668,0,0.0
2025-11-12 08:00,1169.76,0,0.0
2025-11-12 09:00,1095.533,0,0.0
2025-11-12 10:00,1035.381,0,0.0
2025-11-12 11:00,980.744,0,0.0
2025-11-12 12:00,963.795,0,0.0
2025-11-12 13:00,1014.7,0,0.0
2025-11-12 14:00,1153.528,0,0.0
2025-11-12 15:00,1251.641,0,0.0
2025-11-12 16:00,1360.597,1,25.1
2025-11-12 17:00,1516.214,1,31.0
2025-11-12 18:00,1588.054,1,48.78
2025-11-12 19:00,1469.772,1,24.62
2025-11-12 20:00,1423.933,1,24.81
2025-11-12 21:00,1223.411,0,0.0
2025-11-12 22:00,1066.412,0,0.0
2025-11-12 23:00,946.825,0,0.0
2025-11-13 00:00,894.472,0,0.0
2025-11-13 01:00,875.085,0,0.0
2025-11-13 02:00,817.319,0,0.0
2025-11-13 03:00,827.508,0,0.0
2025-11-13 04:00,869.1,0,0.0
2025-11-13 05:00,986.271,0,0.0
2025-11-13 06:00,1111.536,0,0.0
2025-11-13 07:00,1205.476,1,24.52
2025-11-13 08:00,1273.761,1,25.47
2025-11-13 09:00,1225.547,1,25.66
2025-11-13 10:00,1131.643,0,0.0
2025-11-13 11:00,1153.913,0,0.0
2025-11-13 12:00,1143.47,0,0.0
2025-11-13 13:00,1149.651,0,0.0
2025-11-13 14:00,1167.075,0,0.0
2025-11-13 15:00,1269.894,1,25.37
2025-11-13 16:00,1410.295,1,32.93
2025-11-13 17:00,1435.97,1,36.99
2025-11-13 18:00,1503.407,1,48.26
2025-11-13 19:00,1464.917,1,42.01
2025-11-13 20:00,1210.676,1,25.24
2025-11-13 21:00,1079.093,0,0.0
2025-11-13 22:00,978.412,0,0.0
2025-11-13 23:00,883.958,0,0.0
2025-11-14 00:00,858.855,0,0.0
2025-11-14 01:00,796.827,0,0.0
2025-11-14 02:00,743.089,0,0.0
2025-11-14 03:00,698.073,0,0.0
2025-11-14 04:00,782.647,0,0.0
2025-11-14 05:00,898.504,0,0.0
2025-11-14 06:00,1078.572,0,0.0
2025-11-14 07:00,1160.372,0,0.0
2025-11-14 08:00,1238.298,0,0.0
2025-11-14 09:00,1122.752,0,0.0
2025-11-14 10:00,1048.823,0,0.0
2025-11-14 11:00,1041.307,0,0.0
2025-11-14 12:00,1050.534,0,0.0
2025-11-14 13:00,1138.067,0,0.0
2025-11-14 14:00,1166.165,0,0.0
2025-11-14 15:00,1216.656,0,0.0
2025-11-14 16:00,1288.92,1,25.05
2025-11-14 17:00,1373.785,1,25.22
2025-11-14 18:00,1547.278,1,47.62
2025-11-14 19:00,1504.433,1,40.09
2025-11-14 20:00,1396.022,1,25.39
2025-11-14 21:00,1194.927,0,0.0
2025-11-14 22:00,1037.683,0,0.0
2025-11-14 23:00,930.528,0,0.0
2025-11-15 00:00,805.72,0,0.0
2025-11-15 01:00,748.707,0,0.0
2025-11-15 02:00,707.37,0,0.0
2025-11-15 03:00,697.199,0,0.0
2025-11-15 04:00,743.747,0,0.0
2025-11-15 05:00,806.995,0,0.0
2025-11-15 06:00,948.256,0,0.0
2025-11-15 07:00,1069.152,0,0.0
2025-11-15 08:00,1106.929,0,0.0
2025-11-15 09:00,1035.916,0,0.0
2025-11-15 10:00,1005.932,0,0.0
2025-11-15 11:00,972.498,0,0.0
2025-11-15 12:00,960.975,0,0.0
2025-11-15 13:00,1026.915,0,0.0
2025-11-15 14:00,1022.021,0,0.0
2025-11-15 15:00,1199.662,1,25.11
2025-11-15 16:00,1298.882,1,24.73
2025-11-15 17:00,1421.496,1,48.17
2025-11-15 18:00,1418.39,1,47.34
2025-11-15 19:00,1404.034,1,44.61
2025-11-15 20:00,1252.33,1,25.7
2025-11-15 21:00,1074.483,0,0.0
2025-11-15 22:00,921.685,0,0.0
2025-11-15 23:00,807.95,0,0.0
2025-11-16 00:00,779.024,0,0.0
2025-11-16 01:00,739.964,0,0.0
2025-11-16 02:00,716.251,0,0.0
2025-11-16 03:00,697.897,0,0.0
2025-11-16 04:00,722.703,0,0.0
2025-11-16 05:00,798.406,0,0.0
2025-11-16 06:00,946.06,0,0.0
2025-11-16 07:00,1081.43,1,24.78
2025-11-16 08:00,1155.785,1,25.14
2025-11-16 09:00,1105.663,1,25.91
2025-11-16 10:00,1070.949,1,24.7
2025-11-16 11:00,1036.658,1,25.03
2025-11-16 12:00,950.247,0,0.0
2025-11-16 13:00,971.23,0,0.0
2025-11-16 14:00,1006.931,0,0.0
2025-11-16 15:00,1057.54,1,24.83
2025-11-16 16:00,1149.645,1,26.05
2025-11-16 17:00,1275.39,1,48.37
2025-11-16 18:00,1276.08,1,47.67
2025-11-16 19:00,1205.86,1,30.72
2025-11-16 20:00,1176.413,1,25.1
2025-11-16 21:00,975.236,0,0.0
2025-11-16 22:00,863.023,0,0.0
2025-11-16 23:00,739.645,0,0.0
2025-11-17 00:00,738.421,0,0.0
2025-11-17 01:00,707.107,0,0.0
2025-11-17 02:00,673.072,0,0.0
2025-11-17 03:00,703.666,0,0.0
2025-11-17 04:00,794.801,0,0.0
2025-11-17 05:00,913.958,0,0.0
2025-11-17 06:00,1087.985,0,0.0
2025-11-17 07:00,1142.622,0,0.0
2025-11-17 08:00,1179.372,0,0.0
2025-11-17 09:00,1155.525,0,0.0
2025-11-17 10:00,1141.829,0,0.0
2025-11-17 11:00,1177.507,0,0.0
2025-11-17 12:00,1174.857,0,0.0
2025-11-17 13:00,1212.645,0,0.0
2025-11-17 14:00,1343.183,1,25.3
2025-11-17 15:00,1414.674,1,25.97
2025-11-17 16:00,1495.916,1,34.72
2025-11-17 17:00,1601.999,1,48.26
2025-11-17 18:00,1576.388,1,46.33
2025-11-17 19:00,1492.829,1,34.04
2025-11-17 20:00,1259.529,1,25.18
2025-11-17 21:00,1085.542,0,0.0
2025-11-17 22:00,955.038,0,0.0
2025-11-17 23:00,878.292,0,0.0
2025-11-18 00:00,863.391,0,0.0
2025-11-18 01:00,782.944,0,0.0
2025-11-18 02:00,814.75,0,0.0
2025-11-18 03:00,808.546,0,0.0
2025-11-18 04:00,854.734,0,0.0
2025-11-18 05:00,891.568,0,0.0
2025-11-18 06:00,1007.27,0,0.0
2025-11-18 07:00,1166.794,0,0.0
2025-11-18 08:00,1217.254,1,24.55
2025-11-18 09:00,1170.931,1,25.5
2025-11-18 10:00,1129.092,0,0.0
2025-11-18 11:00,1046.433,0,0.0
2025-11-18 12:00,1026.534,0,0.0
2025-11-18 13:00,1107.726,0,0.0
2025-11-18 14:00,1192.519,1,24.89
2025-11-18 15:00,1271.602,1,24.91
2025-11-18 16:00,1453.964,1,39.92
2025-11-18 17:00,1491.84,1,47.64
2025-11-18 18:00,1480.228,1,45.12
2025-11-18 19:00,1507.185,1,48.51
2025-11-18 20:00,1373.981,1,28.39
2025-11-18 21:00,1177.146,1,25.43
2025-11-18 22:00,1023.031,0,0.0
2025-11-18 23:00,873.881,0,0.0
2025-11-19 00:00,835.8,0,0.0
2025-11-19 01:00,793.328,0,0.0
2025-11-19 02:00,768.436,0,0.0
2025-11-19 03:00,735.845,0,0.0
2025-11-19 04:00,792.202,0,0.0
2025-11-19 05:00,868.568,0,0.0
2025-11-19 06:00,972.264,0,0.0
2025-11-19 07:00,1143.624,0,0.0
2025-11-19 08:00,1281.146,1,25.17
2025-11-19 09:00,1295.1,1,25.28
2025-11-19 10:00,1243.168,1,25.41
2025-11-19 11:00,1182.546,1,24.59
2025-11-19 12:00,1136.743,0,0.0
2025-11-19 13:00,1162.154,0,0.0
2025-11-19 14:00,1179.655,1,25.28
2025-11-19 15:00,1321.752,1,24.76
2025-11-19 16:00,1331.043,1,24.87
2025-11-19 17:00,1431.175,1,35.2
2025-11-19 18:00,1521.591,1,47.49
2025-11-19 19:00,1404.447,1,32.49
2025-11-19 20:00,1261.037,1,25.07
2025-11-19 21:00,1130.892,1,25.0
2025-11-19 22:00,1044.174,0,0.0
2025-11-19 23:00,874.308,0,0.0
2025-11-20 00:00,788.506,0,0.0
2025-11-20 01:00,725.431,0,0.0
2025-11-20 02:00,673.058,0,0.0
2025-11-20 03:00,649.496,0,0.0
2025-11-20 04:00,682.268,0,0.0
2025-11-20 05:00,823.426,0,0.0
2025-11-20 06:00,953.945,0,0.0
2025-11-20 07:00,1077.249,0,0.0
2025-11-20 08:00,1093.824,0,0.0
2025-11-20 09:00,1094.755,0,0.0
2025-11-20 10:00,1132.777,0,0.0
2025-11-20 11:00,1070.396,0,0.0
2025-11-20 12:00,1113.157,0,0.0
2025-11-20 13:00,1140.836,0,0.0
2025-11-20 14:00,1178.658,0,0.0
2025-11-20 15:00,1281.703,0,0.0
2025-11-20 16:00,1408.297,1,24.67
2025-11-20 17:00,1609.08,1,40.12
2025-11-20 18:00,1657.42,1,47.9
2025-11-20 19:00,1579.821,1,34.71
2025-11-20 20:00,1382.758,1,25.46
2025-11-20 21:00,1227.9,0,0.0
2025-11-20 22:00,1028.372,0,0.0
2025-11-20 23:00,905.739,0,0.0
2025-11-21 00:00,936.031,0,0.0
2025-11-21 01:00,797.067,0,0.0
2025-11-21 02:00,777.073,0,0.0
2025-11-21 03:00,780.922,0,0.0
2025-11-21 04:00,817.53,0,0.0
2025-11-21 05:00,901.906,0,0.0
2025-11-21 06:00,1042.804,0,0.0
2025-11-21 07:00,1146.812,0,0.0
2025-11-21 08:00,1202.397,1,24.96
2025-11-21 09:00,1135.27,0,0.0
2025-11-21 10:00,1170.332,1,24.79
2025-11-21 11:00,1124.578,0,0.0
2025-11-21 12:00,1113.9,0,0.0
2025-11-21 13:00,1102.389,0,0.0
2025-11-21 14:00,1181.904,1,25.22
2025-11-21 15:00,1298.793,1,24.49
2025-11-21 16:00,1424.974,1,36.25
2025-11-21 17:00,1477.764,1,44.79
2025-11-21 18:00,1479.785,1,45.36
2025-11-21 19:00,1497.988,1,48.72
2025-11-21 20:00,1306.745,1,25.66
2025-11-21 21:00,1165.55,1,25.68
2025-11-21 22:00,983.926,0,0.0
2025-11-21 23:00,901.022,0,0.0
2025-11-22 00:00,779.258,0,0.0
2025-11-22 01:00,710.941,0,0.0
2025-11-22 02:00,676.373,0,0.0
2025-11-22 03:00,669.13,0,0.0
2025-11-22 04:00,728.748,0,0.0
2025-11-22 05:00,819.567,0,0.0
2025-11-22 06:00,913.158,0,0.0
2025-11-22 07:00,1025.359,0,0.0
2025-11-22 08:00,1031.67,0,0.0
2025-11-22 09:00,1032.189,0,0.0
2025-11-22 10:00,1029.2,0,0.0
2025-11-22 11:00,1008.272,0,0.0
2025-11-22 12:00,997.513,0,0.0
2025-11-22 13:00,1080.769,1,25.01
2025-11-22 14:00,1108.642,1,24.79
2025-11-22 15:00,1151.55,1,25.44
2025-11-22 16:00,1284.288,1,31.55
2025-11-22 17:00,1334.927,1,40.89
2025-11-22 18:00,1371.797,1,47.82
2025-11-22 19:00,1285.966,1,32.15
2025-11-22 20:00,1140.486,1,25.21
2025-11-22 21:00,999.571,0,0.0
2025-11-22 22:00,915.748,0,0.0
2025-11-22 23:00,843.131,0,0.0
2025-11-23 00:00,820.178,0,0.0
2025-11-23 01:00,776.039,0,0.0
2025-11-23 02:00,739.527,0,0.0
2025-11-23 03:00,675.903,0,0.0
2025-11-23 04:00,733.659,0,0.0
2025-11-23 05:00,754.795,0,0.0
2025-11-23 06:00,823.694,0,0.0
2025-11-23 07:00,938.792,0,0.0
2025-11-23 08:00,1013.208,0,0.0
2025-11-23 09:00,976.249,0,0.0
2025-11-23 10:00,1010.882,0,0.0
2025-11-23 11:00,1010.837,0,0.0
2025-11-23 12:00,981.449,0,0.0
2025-11-23 13:00,1054.31,0,0.0
2025-11-23 14:00,1149.847,1,25.33
2025-11-23 15:00,1246.477,1,26.97
2025-11-23 16:00,1310.073,1,37.45
2025-11-23 17:00,1385.635,1,47.87
2025-11-23 18:00,1353.943,1,43.79
2025-11-23 19:00,1298.093,1,34.4
2025-11-23 20:00,1134.724,1,25.15
2025-11-23 21:00,992.511,0,0.0
2025-11-23 22:00,889.882,0,0.0
2025-11-23 23:00,735.623,0,0.0
2025-11-24 00:00,720.268,0,0.0
2025-11-24 01:00,684.595,0,0.0
2025-11-24 02:00,679.975,0,0.0
2025-11-24 03:00,680.982,0,0.0
2025-11-24 04:00,729.418,0,0.0
2025-11-24 05:00,805.66,0,0.0
2025-11-24 06:00,895.968,0,0.0
2025-11-24 07:00,1001.657,0,0.0
2025-11-24 08:00,1060.407,0,0.0
2025-11-24 09:00,1030.444,0,0.0
2025-11-24 10:00,1014.046,0,0.0
2025-11-24 11:00,1024.457,0,0.0
2025-11-24 12:00,1037.696,0,0.0
2025-11-24 13:00,1039.884,0,0.0
2025-11-24 14:00,1029.582,0,0.0
2025-11-24 15:00,1186.634,1,24.48
2025-11-24 16:00,1322.749,1,25.25
2025-11-24 17:00,1390.396,1,35.51
2025-11-24 18:00,1459.727,1,47.43
2025-11-24 19:00,1451.471,1,45.89
2025-11-24 20:00,1384.572,1,35.01
2025-11-24 21:00,1206.009,1,25.01
2025-11-24 22:00,1082.366,0,0.0
2025-11-24 23:00,904.561,0,0.0
2025-11-25 00:00,850.584,0,0.0
2025-11-25 01:00,790.217,0,0.0
2025-11-25 02:00,774.526,0,0.0
2025-11-25 03:00,814.391,0,0.0
2025-11-25 04:00,860.095,0,0.0
2025-11-25 05:00,917.798,0,0.0
2025-11-25 06:00,1008.8,1,25.22
2025-11-25 07:00,1192.156,1,33.35
2025-11-25 08:00,1253.272,1,43.64
2025-11-25 09:00,1213.015,1,37.88
2025-11-25 10:00,1140.178,1,25.43
2025-11-25 11:00,1120.021,1,25.13
2025-11-25 12:00,1052.648,1,24.74
2025-11-25 13:00,1091.001,1,24.79
2025-11-25 14:00,1089.084,1,24.33
2025-11-25 15:00,1169.881,1,29.4
2025-11-25 16:00,1259.741,1,44.93
2025-11-25 17:00,1217.585,1,37.85
2025-11-25 18:00,1280.874,1,48.45
2025-11-25 19:00,1213.491,1,36.52
2025-11-25 20:00,1120.947,1,25.21
2025-11-25 21:00,1007.048,1,25.31
2025-11-25 22:00,963.692,0,0.0
2025-11-25 23:00,864.851,0,0.0
2025-11-26 00:00,830.45,0,0.0
2025-11-26 01:00,797.341,0,0.0
2025-11-26 02:00,794.243,0,0.0
2025-11-26 03:00,799.851,0,0.0
2025-11-26 04:00,848.345,0,0.0
2025-11-26 05:00,958.79,0,0.0
2025-11-26 06:00,1005.48,0,0.0
2025-11-26 07:00,1206.959,1,25.35
2025-11-26 08:00,1310.899,1,25.29
2025-11-26 09:00,1249.164,1,25.13
2025-11-26 10:00,1127.35,0,0.0
2025-11-26 11:00,1145.352,0,0.0
2025-11-26 12:00,1083.822,0,0.0
2025-11-26 13:00,1122.663,0,0.0
2025-11-26 14:00,1111.894,0,0.0
2025-11-26 15:00,1300.344,1,25.22
2025-11-26 16:00,1339.522,1,24.71
2025-11-26 17:00,1457.209,1,47.7
2025-11-26 18:00,1390.777,1,30.37
2025-11-26 19:00,1342.224,1,25.64
2025-11-26 20:00,1206.612,1,24.42
2025-11-26 21:00,1113.266,0,0.0
2025-11-26 22:00,964.264,0,0.0
2025-11-26 23:00,890.754,0,0.0
2025-11-27 00:00,811.242,0,0.0
2025-11-27 01:00,761.2,0,0.0
2025-11-27 02:00,735.386,0,0.0
2025-11-27 03:00,752.684,0,0.0
2025-11-27 04:00,809.764,0,0.0
2025-11-27 05:00,923.882,0,0.0
2025-11-27 06:00,1069.946,0,0.0
2025-11-27 07:00,1208.274,0,0.0
2025-11-27 08:00,1207.972,0,0.0
2025-11-27 09:00,1174.913,0,0.0
2025-11-27 10:00,1185.547,0,0.0
2025-11-27 11:00,1082.81,0,0.0
2025-11-27 12:00,1077.397,0,0.0
2025-11-27 13:00,1122.684,0,0.0
2025-11-27 14:00,1220.067,0,0.0
2025-11-27 15:00,1332.324,1,24.72
2025-11-27 16:00,1440.184,1,25.65
2025-11-27 17:00,1565.165,1,48.64
2025-11-27 18:00,1554.637,1,45.34
2025-11-27 19:00,1453.095,1,24.45
2025-11-27 20:00,1247.719,0,0.0
2025-11-27 21:00,1156.549,1,25.0
2025-11-27 22:00,1025.693,0,0.0
2025-11-27 23:00,872.464,0,0.0
2025-11-28 00:00,834.547,0,0.0
2025-11-28 01:00,818.666,0,0.0
2025-11-28 02:00,814.427,0,0.0
2025-11-28 03:00,779.719,0,0.0
2025-11-28 04:00,734.679,0,0.0
2025-11-28 05:00,845.023,0,0.0
2025-11-28 06:00,953.574,0,0.0
2025-11-28 07:00,1100.678,0,0.0
2025-11-28 08:00,1193.516,0,0.0
2025-11-28 09:00,1192.667,0,0.0
2025-11-28 10:00,1204.795,0,0.0
2025-11-28 11:00,1208.517,0,0.0
2025-11-28 12:00,1224.924,0,0.0
2025-11-28 13:00,1272.836,0,0.0
2025-11-28 14:00,1348.629,0,0.0
2025-11-28 15:00,1413.657,1,24.98
2025-11-28 16:00,1448.337,1,25.59
2025-11-28 17:00,1676.422,1,45.39
2025-11-28 18:00,1690.486,1,47.93
2025-11-28 19:00,1639.975,1,39.19
2025-11-28 20:00,1421.51,1,25.24
2025-11-28 21:00,1260.626,0,0.0
2025-11-28 22:00,1000.45,0,0.0
2025-11-28 23:00,869.628,0,0.0
2025-11-29 00:00,772.339,0,0.0
2025-11-29 01:00,742.236,0,0.0
2025-11-29 02:00,745.803,0,0.0
2025-11-29 03:00,712.58,0,0.0
2025-11-29 04:00,773.292,0,0.0
2025-11-29 05:00,894.393,0,0.0
2025-11-29 06:00,1101.037,1,25.27
2025-11-29 07:00,1224.308,1,24.99
2025-11-29 08:00,1228.227,1,24.63
2025-11-29 09:00,1114.757,1,25.58
2025-11-29 10:00,1130.574,1,24.98
2025-11-29 11:00,1116.721,1,24.89
2025-11-29 12:00,1074.336,0,0.0
2025-11-29 13:00,1025.305,0,0.0
2025-11-29 14:00,1032.565,0,0.0
2025-11-29 15:00,1147.214,1,24.75
2025-11-29 16:00,1270.515,1,28.63
2025-11-29 17:00,1283.899,1,30.95
2025-11-29 18:00,1370.065,1,47.12
2025-11-29 19:00,1239.165,1,25.37
2025-11-29 20:00,1192.871,1,25.25
2025-11-29 21:00,1054.15,0,0.0
2025-11-29 22:00,910.698,0,0.0
2025-11-29 23:00,836.152,0,0.0
2025-11-30 00:00,799.168,0,0.0
2025-11-30 01:00,785.182,0,0.0
2025-11-30 02:00,755.242,0,0.0
2025-11-30 03:00,751.084,0,0.0
2025-11-30 04:00,781.766,0,0.0
2025-11-30 05:00,873.718,0,0.0
2025-11-30 06:00,1059.428,1,24.92
2025-11-30 07:00,1140.676,1,28.15
2025-11-30 08:00,1200.449,1,35.82
2025-11-30 09:00,1107.649,1,24.11
2025-11-30 10:00,983.583,1,24.73
2025-11-30 11:00,979.869,1,25.05
2025-11-30 12:00,978.153,1,25.41
2025-11-30 13:00,998.372,0,0.0
2025-11-30 14:00,988.616,1,25.01
2025-11-30 15:00,1095.128,0,0.0
2025-11-30 16:00,1219.937,1,39.47
2025-11-30 17:00,1289.226,1,49.09
2025-11-30 18:00,1276.962,1,45.86
2025-11-30 19:00,1228.038,1,38.77
2025-11-30 20:00,1154.945,1,28.91
2025-11-30 21:00,1034.648,1,25.23
2025-11-30 22:00,883.093,0,0.0
2025-11-30 23:00,791.633,0,0.0
2025-12-01 00:00,894.984,0,0.0
2025-12-01 01:00,810.359,0,0.0
2025-12-01 02:00,794.168,0,0.0
2025-12-01 03:00,837.022,0,0.0
2025-12-01 04:00,845.538,0,0.0
2025-12-01 05:00,985.931,0,0.0
2025-12-01 06:00,1223.741,0,0.0
2025-12-01 07:00,1408.773,1,25.14
2025-12-01 08:00,1431.44,1,25.44
2025-12-01 09:00,1342.552,0,0.0
2025-12-01 10:00,1242.784,0,0.0
2025-12-01 11:00,1111.735,0,0.0
2025-12-01 12:00,1105.644,0,0.0
2025-12-01 13:00,1145.523,0,0.0
2025-12-01 14:00,1229.675,0,0.0
2025-12-01 15:00,1311.132,0,0.0
2025-12-01 16:00,1472.681,1,25.46
2025-12-01 17:00,1682.509,1,38.12
2025-12-01 18:00,1750.466,1,48.54
2025-12-01 19:00,1607.829,1,27.31
2025-12-01 20:00,1545.682,1,24.75
2025-12-01 21:00,1335.085,0,0.0
2025-12-01 22:00,1181.656,0,0.0
2025-12-01 23:00,972.766,0,0.0
2025-12-02 00:00,874.925,0,0.0
2025-12-02 01:00,844.508,0,0.0
2025-12-02 02:00,817.038,0,0.0
2025-12-02 03:00,783.47,0,0.0
2025-12-02 04:00,765.164,0,0.0
2025-12-02 05:00,924.948,0,0.0
2025-12-02 06:00,1109.977,0,0.0
2025-12-02 07:00,1364.411,0,0.0
2025-12-02 08:00,1455.569,1,24.95
2025-12-02 09:00,1341.247,0,0.0
2025-12-02 10:00,1236.14,0,0.0
2025-12-02 11:00,1222.454,0,0.0
2025-12-02 12:00,1257.315,0,0.0
2025-12-02 13:00,1255.416,0,0.0
2025-12-02 14:00,1373.059,0,0.0
2025-12-02 15:00,1411.682,1,24.16
2025-12-02 16:00,1494.978,1,25.25
2025-12-02 17:00,1703.241,1,35.62
2025-12-02 18:00,1722.096,1,38.15
2025-12-02 19:00,1796.204,1,48.83
2025-12-02 20:00,1691.889,1,33.83
2025-12-02 21:00,1524.008,1,24.41
2025-12-02 22:00,1305.361,0,0.0
2025-12-02 23:00,1077.436,0,0.0
2025-12-03 00:00,904.071,0,0.0
2025-12-03 01:00,896.184,0,0.0
2025-12-03 02:00,817.682,0,0.0
2025-12-03 03:00,863.333,0,0.0
2025-12-03 04:00,927.535,0,0.0
2025-12-03 05:00,1019.127,0,0.0
2025-12-03 06:00,1208.816,0,0.0
2025-12-03 07:00,1426.651,0,0.0
2025-12-03 08:00,1453.482,0,0.0
2025-12-03 09:00,1376.403,0,0.0
2025-12-03 10:00,1334.678,0,0.0
2025-12-03 11:00,1287.932,0,0.0
2025-12-03 12:00,1228.346,0,0.0
2025-12-03 13:00,1281.33,0,0.0
2025-12-03 14:00,1228.199,0,0.0
2025-12-03 15:00,1371.921,0,0.0
2025-12-03 16:00,1582.469,1,24.96
2025-12-03 17:00,1676.336,1,25.35
2025-12-03 18:00,1808.031,1,48.38
2025-12-03 19:00,1742.415,1,36.66
2025-12-03 20:00,1550.271,1,24.76
2025-12-03 21:00,1393.582,0,0.0
2025-12-03 22:00,1135.542,0,0.0
2025-12-03 23:00,1018.563,0,0.0
2025-12-04 00:00,850.523,0,0.0
2025-12-04 01:00,818.994,0,0.0
2025-12-04 02:00,800.486,0,0.0
2025-12-04 03:00,788.336,0,0.0
2025-12-04 04:00,853.799,0,0.0
2025-12-04 05:00,951.641,0,0.0
2025-12-04 06:00,1168.023,0,0.0
2025-12-04 07:00,1391.832,0,0.0
2025-12-04 08:00,1455.737,1,24.97
2025-12-04 09:00,1327.862,0,0.0
2025-12-04 10:00,1219.522,0,0.0
2025-12-04 11:00,1176.797,0,0.0
2025-12-04 12:00,1172.443,0,0.0
2025-12-04 13:00,1174.607,0,0.0
2025-12-04 14:00,1270.343,0,0.0
2025-12-04 15:00,1393.57,0,0.0
2025-12-04 16:00,1583.257,1,25.01
2025-12-04 17:00,1643.623,1,24.94
2025-12-04 18:00,1778.148,1,47.59
2025-12-04 19:00,1685.844,1,30.62
2025-12-04 20:00,1481.215,1,25.01
2025-12-04 21:00,1376.295,0,0.0
2025-12-04 22:00,1194.716,0,0.0
2025-12-04 23:00,1064.506,0,0.0
2025-12-05 00:00,960.624,0,0.0
2025-12-05 01:00,893.073,0,0.0
2025-12-05 02:00,850.174,0,0.0
2025-12-05 03:00,866.88,0,0.0
2025-12-05 04:00,944.692,0,0.0
2025-12-05 05:00,1035.077,0,0.0
2025-12-05 06:00,1289.387,0,0.0
2025-12-05 07:00,1473.132,1,24.75
2025-12-05 08:00,1435.049,1,24.58
2025-12-05 09:00,1223.227,0,0.0
2025-12-05 10:00,1088.089,0,0.0
2025-12-05 11:00,1066.695,0,0.0
2025-12-05 12:00,1063.723,0,0.0
2025-12-05 13:00,1119.441,0,0.0
2025-12-05 14:00,1174.662,0,0.0
2025-12-05 15:00,1342.278,0,0.0
2025-12-05 16:00,1518.205,1,24.8
2025-12-05 17:00,1667.447,1,33.95
2025-12-05 18:00,1706.098,1,41.05
2025-12-05 19:00,1746.797,1,49.1
2025-12-05 20:00,1500.463,1,24.92
2025-12-05 21:00,1326.964,0,0.0
2025-12-05 22:00,1125.128,0,0.0
2025-12-05 23:00,1008.1,0,0.0
2025-12-06 00:00,849.886,0,0.0
2025-12-06 01:00,801.191,0,0.0
2025-12-06 02:00,769.032,0,0.0
2025-12-06 03:00,806.707,0,0.0
2025-12-06 04:00,848.619,0,0.0
2025-12-06 05:00,1001.867,0,0.0
2025-12-06 06:00,1172.358,0,0.0
2025-12-06 07:00,1356.22,0,0.0
2025-12-06 08:00,1381.781,0,0.0
2025-12-06 09:00,1269.531,0,0.0
2025-12-06 10:00,1158.265,0,0.0
2025-12-06 11:00,1132.93,0,0.0
2025-12-06 12:00,1114.675,0,0.0
2025-12-06 13:00,1133.689,0,0.0
2025-12-06 14:00,1188.931,0,0.0
2025-12-06 15:00,1318.867,0,0.0
2025-12-06 16:00,1482.519,1,25.0
2025-12-06 17:00,1702.387,1,24.5
2025-12-06 18:00,1776.533,1,29.76
2025-12-06 19:00,1845.338,1,48.39
2025-12-06 20:00,1642.514,1,25.1
2025-12-06 21:00,1442.088,0,0.0
2025-12-06 22:00,1173.205,0,0.0
2025-12-06 23:00,1050.247,0,0.0
2025-12-07 00:00,905.541,0,0.0
2025-12-07 01:00,856.707,0,0.0
2025-12-07 02:00,813.276,0,0.0
2025-12-07 03:00,817.627,0,0.0
2025-12-07 04:00,851.339,0,0.0
2025-12-07 05:00,916.505,0,0.0
2025-12-07 06:00,1069.372,0,0.0
2025-12-07 07:00,1324.091,0,0.0
2025-12-07 08:00,1382.468,0,0.0
2025-12-07 09:00,1192.883,0,0.0
2025-12-07 10:00,1165.098,0,0.0
2025-12-07 11:00,1098.613,0,0.0
2025-12-07 12:00,1114.748,0,0.0
2025-12-07 13:00,1142.495,0,0.0
2025-12-07 14:00,1207.112,0,0.0
2025-12-07 15:00,1399.277,0,0.0
2025-12-07 16:00,1511.007,1,24.96
2025-12-07 17:00,1675.632,1,30.58
2025-12-07 18:00,1801.449,1,48.55
2025-12-07 19:00,1684.788,1,32.53
2025-12-07 20:00,1482.206,1,25.96
2025-12-07 21:00,1272.659,0,0.0
2025-12-07 22:00,1094.319,0,0.0
2025-12-07 23:00,902.189,0,0.0
2025-12-08 00:00,886.363,0,0.0
2025-12-08 01:00,796.721,0,0.0
2025-12-08 02:00,818.573,0,0.0
2025-12-08 03:00,833.363,0,0.0
2025-12-08 04:00,939.272,0,0.0
2025-12-08 05:00,1055.089,0,0.0
2025-12-08 06:00,1213.76,0,0.0
2025-12-08 07:00,1372.128,0,0.0
2025-12-08 08:00,1428.581,1,25.36
2025-12-08 09:00,1293.314,0,0.0
2025-12-08 10:00,1261.995,0,0.0
2025-12-08 11:00,1185.312,0,0.0
2025-12-08 12:00,1250.946,0,0.0
2025-12-08 13:00,1298.788,0,0.0
2025-12-08 14:00,1320.54,0,0.0
2025-12-08 15:00,1518.87,1,25.22
2025-12-08 16:00,1637.911,1,24.51
2025-12-08 17:00,1786.439,1,43.75
2025-12-08 18:00,1765.544,1,40.37
2025-12-08 19:00,1819.191,1,47.11
2025-12-08 20:00,1548.346,1,24.59
2025-12-08 21:00,1279.47,0,0.0
2025-12-08 22:00,1073.851,0,0.0
2025-12-08 23:00,990.318,0,0.0
2025-12-09 00:00,921.518,0,0.0
2025-12-09 01:00,869.143,0,0.0
2025-12-09 02:00,868.347,0,0.0
2025-12-09 03:00,856.143,0,0.0
2025-12-09 04:00,913.767,0,0.0
2025-12-09 05:00,1065.081,0,0.0
2025-12-09 06:00,1225.747,0,0.0
2025-12-09 07:00,1385.181,0,0.0
2025-12-09 08:00,1450.941,0,0.0
2025-12-09 09:00,1344.144,0,0.0
2025-12-09 10:00,1256.377,0,0.0
2025-12-09 11:00,1259.67,0,0.0
2025-12-09 12:00,1221.522,0,0.0
2025-12-09 13:00,1227.568,0,0.0
2025-12-09 14:00,1284.258,0,0.0
2025-12-09 15:00,1415.239,0,0.0
2025-12-09 16:00,1668.885,1,24.8
2025-12-09 17:00,1823.877,1,41.41
2025-12-09 18:00,1856.749,1,48.33
2025-12-09 19:00,1813.965,1,38.3
2025-12-09 20:00,1687.479,1,25.08
2025-12-09 21:00,1482.711,0,0.0
2025-12-09 22:00,1269.896,0,0.0
2025-12-09 23:00,1032.12,0,0.0
2025-12-10 00:00,844.576,0,0.0
2025-12-10 01:00,843.611,0,0.0
2025-12-10 02:00,831.401,0,0.0
2025-12-10 03:00,828.537,0,0.0
2025-12-10 04:00,898.023,0,0.0
2025-12-10 05:00,1060.03,0,0.0
2025-12-10 06:00,1287.191,0,0.0
2025-12-10 07:00,1525.403,1,25.06
2025-12-10 08:00,1504.173,1,24.65
2025-12-10 09:00,1317.582,0,0.0
2025-12-10 10:00,1131.782,0,0.0
2025-12-10 11:00,1144.531,0,0.0
2025-12-10 12:00,1181.016,0,0.0
2025-12-10 13:00,1237.375,0,0.0
2025-12-10 14:00,1305.447,0,0.0
2025-12-10 15:00,1413.683,1,24.95
2025-12-10 16:00,1552.072,1,25.62
2025-12-10 17:00,1649.132,1,36.46
2025-12-10 18:00,1715.584,1,48.29
2025-12-10 19:00,1612.58,1,29.78
2025-12-10 20:00,1577.146,1,24.92
2025-12-10 21:00,1306.515,0,0.0
2025-12-10 22:00,1110.228,0,0.0
2025-12-10 23:00,903.047,0,0.0
2025-12-11 00:00,836.529,0,0.0
2025-12-11 01:00,799.648,0,0.0
2025-12-11 02:00,773.606,0,0.0
2025-12-11 03:00,755.028,0,0.0
2025-12-11 04:00,813.061,0,0.0
2025-12-11 05:00,898.671,0,0.0
2025-12-11 06:00,1069.184,0,0.0
2025-12-11 07:00,1362.224,1,24.86
2025-12-11 08:00,1416.915,1,25.4
2025-12-11 09:00,1309.546,0,0.0
2025-12-11 10:00,1205.708,0,0.0
2025-12-11 11:00,1146.003,0,0.0
2025-12-11 12:00,1136.508,0,0.0
2025-12-11 13:00,1254.116,0,0.0
2025-12-11 14:00,1278.78,0,0.0
2025-12-11 15:00,1413.763,1,25.15
2025-12-11 16:00,1538.153,1,24.96
2025-12-11 17:00,1524.288,1,25.11
2025-12-11 18:00,1570.542,1,28.54
2025-12-11 19:00,1695.406,1,46.42
2025-12-11 20:00,1576.574,1,29.63
2025-12-11 21:00,1444.153,1,25.42
2025-12-11 22:00,1200.351,0,0.0
2025-12-11 23:00,952.695,0,0.0
2025-12-12 00:00,829.229,0,0.0
2025-12-12 01:00,805.79,0,0.0
2025-12-12 02:00,795.532,0,0.0
2025-12-12 03:00,799.444,0,0.0
2025-12-12 04:00,835.495,0,0.0
2025-12-12 05:00,969.444,0,0.0
2025-12-12 06:00,1123.072,0,0.0
2025-12-12 07:00,1336.727,0,0.0
2025-12-12 08:00,1396.359,0,0.0
2025-12-12 09:00,1254.268,0,0.0
2025-12-12 10:00,1145.668,0,0.0
2025-12-12 11:00,1112.374,0,0.0
2025-12-12 12:00,1185.824,0,0.0
2025-12-12 13:00,1238.187,0,0.0
2025-12-12 14:00,1320.822,0,0.0
2025-12-12 15:00,1397.917,0,0.0
2025-12-12 16:00,1491.192,0,0.0
2025-12-12 17:00,1706.14,1,25.1
2025-12-12 18:00,1829.369,1,47.91
2025-12-12 19:00,1769.076,1,24.96
2025-12-12 20:00,1579.637,1,25.35
2025-12-12 21:00,1300.716,0,0.0
2025-12-12 22:00,1148.706,0,0.0
2025-12-12 23:00,1038.961,0,0.0
2025-12-13 00:00,851.947,0,0.0
2025-12-13 01:00,781.378,0,0.0
2025-12-13 02:00,793.885,0,0.0
2025-12-13 03:00,772.255,0,0.0
2025-12-13 04:00,869.425,0,0.0
2025-12-13 05:00,954.69,0,0.0
2025-12-13 06:00,1101.986,0,0.0
2025-12-13 07:00,1289.508,0,0.0
2025-12-13 08:00,1314.019,0,0.0
2025-12-13 09:00,1242.326,0,0.0
2025-12-13 10:00,1195.043,0,0.0
2025-12-13 11:00,1198.62,0,0.0
2025-12-13 12:00,1174.665,0,0.0
2025-12-13 13:00,1153.417,0,0.0
2025-12-13 14:00,1191.431,0,0.0
2025-12-13 15:00,1284.635,0,0.0
2025-12-13 16:00,1519.124,1,25.25
2025-12-13 17:00,1704.358,1,39.09
2025-12-13 18:00,1748.841,1,46.66
2025-12-13 19:00,1627.163,1,24.79
2025-12-13 20:00,1554.87,1,25.1
2025-12-13 21:00,1343.242,0,0.0
2025-12-13 22:00,1126.539,0,0.0
2025-12-13 23:00,1021.834,0,0.0
2025-12-14 00:00,890.284,0,0.0
2025-12-14 01:00,823.384,0,0.0
2025-12-14 02:00,787.662,0,0.0
2025-12-14 03:00,748.973,0,0.0
2025-12-14 04:00,807.362,0,0.0
2025-12-14 05:00,877.18,0,0.0
2025-12-14 06:00,1020.104,0,0.0
2025-12-14 07:00,1177.642,0,0.0
2025-12-14 08:00,1209.727,0,0.0
2025-12-14 09:00,1082.617,0,0.0
2025-12-14 10:00,1046.759,0,0.0
2025-12-14 11:00,1031.836,0,0.0
2025-12-14 12:00,1034.174,0,0.0
2025-12-14 13:00,1144.81,0,0.0
2025-12-14 14:00,1178.211,0,0.0
2025-12-14 15:00,1318.128,0,0.0
2025-12-14 16:00,1512.903,1,24.74
2025-12-14 17:00,1640.49,1,35.53
2025-12-14 18:00,1715.003,1,47.28
2025-12-14 19:00,1652.794,1,38.55
2025-12-14 20:00,1506.29,1,25.54
2025-12-14 21:00,1276.662,1,25.0
2025-12-14 22:00,1066.359,0,0.0
2025-12-14 23:00,928.868,0,0.0
2025-12-15 00:00,828.41,0,0.0
2025-12-15 01:00,837.611,0,0.0
2025-12-15 02:00,875.982,0,0.0
2025-12-15 03:00,870.595,0,0.0
2025-12-15 04:00,933.724,0,0.0
2025-12-15 05:00,1063.985,0,0.0
2025-12-15 06:00,1181.615,0,0.0
2025-12-15 07:00,1422.182,0,0.0
2025-12-15 08:00,1438.785,0,0.0
2025-12-15 09:00,1403.746,0,0.0
2025-12-15 10:00,1289.923,0,0.0
2025-12-15 11:00,1282.717,0,0.0
2025-12-15 12:00,1241.143,0,0.0
2025-12-15 13:00,1328.297,0,0.0
2025-12-15 14:00,1332.624,0,0.0
2025-12-15 15:00,1500.114,1,25.46
2025-12-15 16:00,1695.232,1,25.0
2025-12-15 17:00,1849.629,1,41.85
2025-12-15 18:00,1911.212,1,47.27
2025-12-15 19:00,1786.769,1,32.08
2025-12-15 20:00,1473.558,1,25.0
2025-12-15 21:00,1344.008,0,0.0
2025-12-15 22:00,1124.76,0,0.0
2025-12-15 23:00,1021.312,0,0.0
2025-12-16 00:00,925.533,0,0.0
2025-12-16 01:00,904.092,0,0.0
2025-12-16 02:00,889.942,0,0.0
2025-12-16 03:00,806.515,0,0.0
2025-12-16 04:00,876.457,0,0.0
2025-12-16 05:00,963.398,0,0.0
2025-12-16 06:00,1183.801,0,0.0
2025-12-16 07:00,1408.477,1,24.92
2025-12-16 08:00,1477.2,1,24.24
2025-12-16 09:00,1318.903,0,0.0
2025-12-16 10:00,1194.246,0,0.0
2025-12-16 11:00,1151.151,0,0.0
2025-12-16 12:00,1068.918,0,0.0
2025-12-16 13:00,1071.781,0,0.0
2025-12-16 14:00,1072.822,0,0.0
2025-12-16 15:00,1143.259,0,0.0
2025-12-16 16:00,1337.647,0,0.0
2025-12-16 17:00,1535.118,1,24.46
2025-12-16 18:00,1625.909,1,47.66
2025-12-16 19:00,1569.441,1,30.34
2025-12-16 20:00,1399.315,1,25.39
2025-12-16 21:00,1225.716,0,0.0
2025-12-16 22:00,1028.811,0,0.0
2025-12-16 23:00,910.079,0,0.0
2025-12-17 00:00,784.87,0,0.0
2025-12-17 01:00,780.423,0,0.0
2025-12-17 02:00,752.279,0,0.0
2025-12-17 03:00,775.06,0,0.0
2025-12-17 04:00,857.379,0,0.0
2025-12-17 05:00,968.714,0,0.0
2025-12-17 06:00,1174.324,0,0.0
2025-12-17 07:00,1274.696,0,0.0
2025-12-17 08:00,1310.137,0,0.0
2025-12-17 09:00,1255.064,0,0.0
2025-12-17 10:00,1204.254,0,0.0
2025-12-17 11:00,1252.317,0,0.0
2025-12-17 12:00,1292.522,0,0.0
2025-12-17 13:00,1293.437,0,0.0
2025-12-17 14:00,1313.904,0,0.0
2025-12-17 15:00,1383.599,1,24.99
2025-12-17 16:00,1528.892,1,25.11
2025-12-17 17:00,1652.529,1,40.92
2025-12-17 18:00,1692.361,1,48.14
2025-12-17 19:00,1597.595,1,31.31
2025-12-17 20:00,1493.008,1,24.4
2025-12-17 21:00,1387.084,1,25.17
2025-12-17 22:00,1211.667,0,0.0
2025-12-17 23:00,1031.445,0,0.0
2025-12-18 00:00,953.72,0,0.0
2025-12-18 01:00,900.714,0,0.0
2025-12-18 02:00,863.103,0,0.0
2025-12-18 03:00,852.195,0,0.0
2025-12-18 04:00,891.414,0,0.0
2025-12-18 05:00,1010.76,0,0.0
2025-12-18 06:00,1188.643,0,0.0
2025-12-18 07:00,1351.244,0,0.0
2025-12-18 08:00,1361.418,0,0.0
2025-12-18 09:00,1258.048,0,0.0
2025-12-18 10:00,1203.198,0,0.0
2025-12-18 11:00,1163.228,0,0.0
2025-12-18 12:00,1105.69,0,0.0
2025-12-18 13:00,1177.425,0,0.0
2025-12-18 14:00,1269.652,0,0.0
2025-12-18 15:00,1295.35,0,0.0
2025-12-18 16:00,1543.331,1,25.08
2025-12-18 17:00,1677.129,1,31.87
2025-12-18 18:00,1761.057,1,45.19
2025-12-18 19:00,1773.78,1,47.47
2025-12-18 20:00,1692.098,1,33.91
2025-12-18 21:00,1496.733,1,24.57
2025-12-18 22:00,1260.602,0,0.0
2025-12-18 23:00,1029.746,0,0.0
2025-12-19 00:00,857.404,0,0.0
2025-12-19 01:00,841.818,0,0.0
2025-12-19 02:00,855.861,0,0.0
2025-12-19 03:00,825.863,0,0.0
2025-12-19 04:00,866.39,0,0.0
2025-12-19 05:00,946.964,0,0.0
2025-12-19 06:00,1098.032,0,0.0
2025-12-19 07:00,1348.604,0,0.0
2025-12-19 08:00,1407.579,0,0.0
2025-12-19 09:00,1268.819,0,0.0
2025-12-19 10:00,1304.434,0,0.0
2025-12-19 11:00,1198.738,0,0.0
2025-12-19 12:00,1202.347,0,0.0
2025-12-19 13:00,1163.647,0,0.0
2025-12-19 14:00,1206.971,0,0.0
2025-12-19 15:00,1338.89,0,0.0
2025-12-19 16:00,1557.437,1,24.72
2025-12-19 17:00,1686.796,1,37.39
2025-12-19 18:00,1735.477,1,47.69
2025-12-19 19:00,1669.695,1,33.22
2025-12-19 20:00,1467.133,1,25.13
2025-12-19 21:00,1318.685,0,0.0
2025-12-19 22:00,1137.842,0,0.0
2025-12-19 23:00,1005.125,0,0.0
2025-12-20 00:00,846.39,0,0.0
2025-12-20 01:00,792.889,0,0.0
2025-12-20 02:00,801.283,0,0.0
2025-12-20 03:00,823.144,0,0.0
2025-12-20 04:00,903.275,0,0.0
2025-12-20 05:00,1000.955,0,0.0
2025-12-20 06:00,1212.052,0,0.0
2025-12-20 07:00,1375.126,1,25.1
2025-12-20 08:00,1395.319,1,25.54
2025-12-20 09:00,1305.909,0,0.0
2025-12-20 10:00,1242.453,0,0.0
2025-12-20 11:00,1183.787,0,0.0
2025-12-20 12:00,1115.905,0,0.0
2025-12-20 13:00,1114.401,0,0.0
2025-12-20 14:00,1131.04,0,0.0
2025-12-20 15:00,1324.859,0,0.0
2025-12-20 16:00,1521.195,1,26.05
2025-12-20 17:00,1609.499,1,46.9
2025-12-20 18:00,1613.082,1,47.67
2025-12-20 19:00,1527.247,1,26.88
2025-12-20 20:00,1373.884,1,24.46
2025-12-20 21:00,1200.608,0,0.0
2025-12-20 22:00,1073.653,0,0.0
2025-12-20 23:00,901.951,0,0.0
2025-12-21 00:00,884.093,0,0.0
2025-12-21 01:00,801.257,0,0.0
2025-12-21 02:00,738.305,0,0.0
2025-12-21 03:00,789.46,0,0.0
2025-12-21 04:00,871.307,0,0.0
2025-12-21 05:00,954.075,0,0.0
2025-12-21 06:00,1130.231,0,0.0
2025-12-21 07:00,1332.633,0,0.0
2025-12-21 08:00,1374.619,0,0.0
2025-12-21 09:00,1186.704,0,0.0
2025-12-21 10:00,1020.135,0,0.0
2025-12-21 11:00,984.015,0,0.0
2025-12-21 12:00,1062.505,0,0.0
2025-12-21 13:00,1149.167,0,0.0
2025-12-21 14:00,1177.684,0,0.0
2025-12-21 15:00,1248.746,0,0.0
2025-12-21 16:00,1426.691,1,24.58
2025-12-21 17:00,1590.294,1,27.09
2025-12-21 18:00,1690.683,1,47.33
2025-12-21 19:00,1491.976,1,25.33
2025-12-21 20:00,1535.645,1,25.31
2025-12-21 21:00,1373.415,0,0.0
2025-12-21 22:00,1145.072,0,0.0
2025-12-21 23:00,960.977,0,0.0
2025-12-22 00:00,946.148,0,0.0
2025-12-22 01:00,899.242,0,0.0
2025-12-22 02:00,865.739,0,0.0
2025-12-22 03:00,870.45,0,0.0
2025-12-22 04:00,909.941,0,0.0
2025-12-22 05:00,1019.247,0,0.0
2025-12-22 06:00,1220.292,0,0.0
2025-12-22 07:00,1431.977,1,26.11
2025-12-22 08:00,1482.006,1,24.96
2025-12-22 09:00,1396.25,1,25.47
2025-12-22 10:00,1225.402,0,0.0
2025-12-22 11:00,1161.267,0,0.0
2025-12-22 12:00,1150.891,0,0.0
2025-12-22 13:00,1134.027,0,0.0
2025-12-22 14:00,1171.494,0,0.0
2025-12-22 15:00,1360.257,1,24.93
2025-12-22 16:00,1524.588,1,24.52
2025-12-22 17:00,1565.961,1,32.68
2025-12-22 18:00,1628.527,1,47.54
2025-12-22 19:00,1604.418,1,41.54
2025-12-22 20:00,1478.622,1,24.63
2025-12-22 21:00,1323.313,0,0.0
2025-12-22 22:00,1148.788,0,0.0
2025-12-22 23:00,992.988,0,0.0
2025-12-23 00:00,856.328,0,0.0
2025-12-23 01:00,802.025,0,0.0
2025-12-23 02:00,767.874,0,0.0
2025-12-23 03:00,768.892,0,0.0
2025-12-23 04:00,846.055,0,0.0
2025-12-23 05:00,960.949,0,0.0
2025-12-23 06:00,1167.808,0,0.0
2025-12-23 07:00,1347.339,0,0.0
2025-12-23 08:00,1469.248,1,24.52
2025-12-23 09:00,1354.828,1,25.03
2025-12-23 10:00,1264.698,0,0.0
2025-12-23 11:00,1250.02,0,0.0
2025-12-23 12:00,1194.529,0,0.0
2025-12-23 13:00,1113.905,0,0.0
2025-12-23 14:00,1145.326,0,0.0
2025-12-23 15:00,1311.27,0,0.0
2025-12-23 16:00,1491.354,1,25.27
2025-12-23 17:00,1634.514,1,42.9
2025-12-23 18:00,1661.448,1,47.73
2025-12-23 19:00,1511.694,1,25.04
2025-12-23 20:00,1483.889,1,24.95
2025-12-23 21:00,1291.244,0,0.0
2025-12-23 22:00,1090.273,0,0.0
2025-12-23 23:00,932.752,0,0.0
2025-12-24 00:00,888.405,0,0.0
2025-12-24 01:00,865.921,0,0.0
2025-12-24 02:00,808.855,0,0.0
2025-12-24 03:00,844.046,0,0.0
2025-12-24 04:00,885.995,0,0.0
2025-12-24 05:00,963.073,0,0.0
2025-12-24 06:00,1125.21,0,0.0
2025-12-24 07:00,1287.61,0,0.0
2025-12-24 08:00,1280.843,0,0.0
2025-12-24 09:00,1218.706,0,0.0
2025-12-24 10:00,1145.763,0,0.0
2025-12-24 11:00,1155.091,0,0.0
2025-12-24 12:00,1156.408,0,0.0
2025-12-24 13:00,1190.786,0,0.0
2025-12-24 14:00,1149.797,0,0.0
2025-12-24 15:00,1239.599,0,0.0
2025-12-24 16:00,1450.881,1,24.75
2025-12-24 17:00,1531.838,1,25.0
2025-12-24 18:00,1647.714,1,47.14
2025-12-24 19:00,1534.132,1,24.86
2025-12-24 20:00,1424.821,1,25.01
2025-12-24 21:00,1334.321,0,0.0
2025-12-24 22:00,1168.472,0,0.0
2025-12-24 23:00,947.547,0,0.0
2025-12-25 00:00,886.624,0,0.0
2025-12-25 01:00,892.328,0,0.0
2025-12-25 02:00,937.764,0,0.0
2025-12-25 03:00,929.99,0,0.0
2025-12-25 04:00,923.672,0,0.0
2025-12-25 05:00,1032.905,0,0.0
2025-12-25 06:00,1268.248,0,0.0
2025-12-25 07:00,1453.263,1,24.63
2025-12-25 08:00,1536.693,1,33.44
2025-12-25 09:00,1338.199,1,24.65
2025-12-25 10:00,1262.709,0,0.0
2025-12-25 11:00,1122.163,0,0.0
2025-12-25 12:00,1079.712,0,0.0
2025-12-25 13:00,1104.577,0,0.0
2025-12-25 14:00,1147.708,0,0.0
2025-12-25 15:00,1217.363,0,0.0
2025-12-25 16:00,1373.645,1,25.45
2025-12-25 17:00,1555.646,1,35.12
2025-12-25 18:00,1640.186,1,47.54
2025-12-25 19:00,1613.872,1,44.95
2025-12-25 20:00,1522.97,1,31.66
2025-12-25 21:00,1312.811,1,25.51
2025-12-25 22:00,1176.803,0,0.0
2025-12-25 23:00,983.417,0,0.0
2025-12-26 00:00,946.854,0,0.0
2025-12-26 01:00,918.029,0,0.0
2025-12-26 02:00,867.846,0,0.0
2025-12-26 03:00,850.748,0,0.0
2025-12-26 04:00,902.518,0,0.0
2025-12-26 05:00,1019.131,0,0.0
2025-12-26 06:00,1234.89,0,0.0
2025-12-26 07:00,1367.051,1,24.84
2025-12-26 08:00,1433.921,1,24.63
2025-12-26 09:00,1204.888,0,0.0
2025-12-26 10:00,1136.908,0,0.0
2025-12-26 11:00,1182.138,0,0.0
2025-12-26 12:00,1109.496,0,0.0
2025-12-26 13:00,1064.228,0,0.0
2025-12-26 14:00,1138.075,0,0.0
2025-12-26 15:00,1334.733,1,25.14
2025-12-26 16:00,1526.078,1,32.24
2025-12-26 17:00,1562.915,1,47.13
2025-12-26 18:00,1549.323,1,43.38
2025-12-26 19:00,1543.667,1,39.64
2025-12-26 20:00,1367.561,1,25.2
2025-12-26 21:00,1224.326,0,0.0
2025-12-26 22:00,1068.521,0,0.0
2025-12-26 23:00,923.562,0,0.0
2025-12-27 00:00,845.191,0,0.0
2025-12-27 01:00,813.706,0,0.0
2025-12-27 02:00,818.82,0,0.0
2025-12-27 03:00,834.798,0,0.0
2025-12-27 04:00,868.693,0,0.0
2025-12-27 05:00,951.301,0,0.0
2025-12-27 06:00,1102.049,0,0.0
2025-12-27 07:00,1317.609,1,25.11
2025-12-27 08:00,1325.857,1,24.78
2025-12-27 09:00,1276.101,1,24.87
2025-12-27 10:00,1157.165,0,0.0
2025-12-27 11:00,1134.683,0,0.0
2025-12-27 12:00,1107.092,0,0.0
2025-12-27 13:00,1097.625,0,0.0
2025-12-27 14:00,1231.003,0,0.0
2025-12-27 15:00,1319.807,1,25.3
2025-12-27 16:00,1463.486,1,26.47
2025-12-27 17:00,1563.092,1,38.26
2025-12-27 18:00,1635.392,1,47.59
2025-12-27 19:00,1582.605,1,41.02
2025-12-27 20:00,1386.903,1,24.85
2025-12-27 21:00,1198.546,0,0.0
2025-12-27 22:00,1053.252,0,0.0
2025-12-27 23:00,952.508,0,0.0
2025-12-28 00:00,854.815,0,0.0
2025-12-28 01:00,806.406,0,0.0
2025-12-28 02:00,770.64,0,0.0
2025-12-28 03:00,756.95,0,0.0
2025-12-28 04:00,779.0,0,0.0
2025-12-28 05:00,825.973,0,0.0
2025-12-28 06:00,965.631,0,0.0
2025-12-28 07:00,1196.121,0,0.0
2025-12-28 08:00,1232.877,0,0.0
2025-12-28 09:00,1120.429,0,0.0
2025-12-28 10:00,1051.93,0,0.0
2025-12-28 11:00,1089.722,0,0.0
2025-12-28 12:00,1044.067,0,0.0
2025-12-28 13:00,1073.318,0,0.0
2025-12-28 14:00,1120.578,0,0.0
2025-12-28 15:00,1242.37,0,0.0
2025-12-28 16:00,1419.103,1,25.14
2025-12-28 17:00,1562.574,1,25.76
2025-12-28 18:00,1677.925,1,48.13
2025-12-28 19:00,1620.485,1,37.69
2025-12-28 20:00,1560.18,1,25.7
2025-12-28 21:00,1342.97,0,0.0
2025-12-28 22:00,1067.261,0,0.0
2025-12-28 23:00,949.804,0,0.0
2025-12-29 00:00,918.765,0,0.0
2025-12-29 01:00,864.367,0,0.0
2025-12-29 02:00,827.901,0,0.0
2025-12-29 03:00,765.676,0,0.0
2025-12-29 04:00,763.063,0,0.0
2025-12-29 05:00,927.238,0,0.0
2025-12-29 06:00,1078.888,0,0.0
2025-12-29 07:00,1325.048,0,0.0
2025-12-29 08:00,1298.956,0,0.0
2025-12-29 09:00,1151.48,0,0.0
2025-12-29 10:00,1131.375,0,0.0
2025-12-29 11:00,1114.158,0,0.0
2025-12-29 12:00,1133.316,0,0.0
2025-12-29 13:00,1148.698,0,0.0
2025-12-29 14:00,1192.053,0,0.0
2025-12-29 15:00,1286.542,0,0.0
2025-12-29 16:00,1400.938,1,25.22
2025-12-29 17:00,1642.671,1,28.86
2025-12-29 18:00,1815.276,1,48.27
2025-12-29 19:00,1688.396,1,33.23
2025-12-29 20:00,1479.815,1,24.38
2025-12-29 21:00,1281.774,0,0.0
2025-12-29 22:00,1114.421,0,0.0
2025-12-29 23:00,966.989,0,0.0
2025-12-30 00:00,890.064,0,0.0
2025-12-30 01:00,839.725,0,0.0
2025-12-30 02:00,812.443,0,0.0
2025-12-30 03:00,882.775,0,0.0
2025-12-30 04:00,908.121,0,0.0
2025-12-30 05:00,1059.523,0,0.0
2025-12-30 06:00,1288.032,0,0.0
2025-12-30 07:00,1504.725,1,24.77
2025-12-30 08:00,1436.033,0,0.0
2025-12-30 09:00,1301.595,0,0.0
2025-12-30 10:00,1197.477,0,0.0
2025-12-30 11:00,1172.238,0,0.0
2025-12-30 12:00,1115.787,0,0.0
2025-12-30 13:00,1165.599,0,0.0
2025-12-30 14:00,1257.26,0,0.0
2025-12-30 15:00,1432.241,0,0.0
2025-12-30 16:00,1578.91,1,25.05
2025-12-30 17:00,1659.683,1,25.16
2025-12-30 18:00,1755.941,1,41.62
2025-12-30 19:00,1806.197,1,48.87
2025-12-30 20:00,1631.081,1,25.67
2025-12-30 21:00,1427.332,0,0.0
2025-12-30 22:00,1193.108,0,0.0
2025-12-30 23:00,1011.921,0,0.0
2025-12-31 00:00,928.188,0,0.0
2025-12-31 01:00,867.572,0,0.0
2025-12-31 02:00,849.458,0,0.0
2025-12-31 03:00,858.509,0,0.0
2025-12-31 04:00,913.547,0,0.0
2025-12-31 05:00,1027.826,0,0.0
2025-12-31 06:00,1165.488,0,0.0
2025-12-31 07:00,1320.25,0,0.0
2025-12-31 08:00,1370.773,1,24.24
2025-12-31 09:00,1250.662,0,0.0
2025-12-31 10:00,1157.851,0,0.0
2025-12-31 11:00,1149.439,0,0.0
2025-12-31 12:00,1176.904,0,0.0
2025-12-31 13:00,1233.858,0,0.0
2025-12-31 14:00,1333.799,0,0.0
2025-12-31 15:00,1384.863,1,25.12
2025-12-31 16:00,1493.655,1,25.13
2025-12-31 17:00,1627.694,1,36.72
2025-12-31 18:00,1712.034,1,46.88
2025-12-31 19:00,1653.424,1,40.75
2025-12-31 20:00,1483.363,1,24.73
2025-12-31 21:00,1286.342,1,25.0
2025-12-31 22:00,1123.32,0,0.0
2025-12-31 23:00,933.457,0,0.0
